[ +842 ms] Artifact Instance of 'MaterialFonts' is not required, skipping update.
[   +2 ms] Artifact Instance of 'GradleWrapper' is not required, skipping update.
[        ] Artifact Instance of 'AndroidGenSnapshotArtifacts' is not required, skipping update.
[        ] Artifact Instance of 'AndroidInternalBuildArtifacts' is not required, skipping update.
[        ] Artifact Instance of 'IOSEngineArtifacts' is not required, skipping update.
[        ] Artifact Instance of 'FlutterWebSdk' is not required, skipping update.
[  +70 ms] Artifact Instance of 'LegacyCanvasKitRemover' is not required, skipping update.
[        ] Artifact Instance of 'FlutterSdk' is not required, skipping update.
[        ] Artifact Instance of 'WindowsEngineArtifacts' is not required, skipping update.
[        ] Artifact Instance of 'MacOSEngineArtifacts' is not required, skipping update.
[        ] Artifact Instance of 'LinuxEngineArtifacts' is not required, skipping update.
[        ] Artifact Instance of 'LinuxFuchsiaSDKArtifacts' is not required, skipping update.
[        ] Artifact Instance of 'MacOSFuchsiaSDKArtifacts' is not required, skipping update.
[        ] Artifact Instance of 'FlutterRunnerSDKArtifacts' is not required, skipping update.
[   +2 ms] Artifact Instance of 'FlutterRunnerDebugSymbols' is not required, skipping update.
[        ] Artifact Instance of 'IosUsbArtifacts' is not required, skipping update.
[        ] Artifact Instance of 'IosUsbArtifacts' is not required, skipping update.
[        ] Artifact Instance of 'IosUsbArtifacts' is not required, skipping update.
[        ] Artifact Instance of 'IosUsbArtifacts' is not required, skipping update.
[        ] Artifact Instance of 'IosUsbArtifacts' is not required, skipping update.
[        ] Artifact Instance of 'IosUsbArtifacts' is not required, skipping update.
[        ] Artifact Instance of 'FontSubsetArtifacts' is not required, skipping update.
[        ] Artifact Instance of 'PubDependencies' is not required, skipping update.
[   +1 ms] executing: [C:\Users\taimo\Downloads\flutter_windows_3.47.0-stable\flutter/] git -c log.showSignature=false log HEAD -n 1 --pretty=format:%ad --date=iso
[ +215 ms] Exit code 0 from: git -c log.showSignature=false log HEAD -n 1 --pretty=format:%ad --date=iso
[        ] 2026-08-11 11:53:49 -0700
[  +76 ms] Artifact Instance of 'AndroidGenSnapshotArtifacts' is not required, skipping update.
[        ] Artifact Instance of 'AndroidInternalBuildArtifacts' is not required, skipping update.
[        ] Artifact Instance of 'IOSEngineArtifacts' is not required, skipping update.
[        ] Artifact Instance of 'FlutterWebSdk' is not required, skipping update.
[        ] Artifact Instance of 'FlutterEngineStamp' is not required, skipping update.
[        ] Artifact Instance of 'LegacyCanvasKitRemover' is not required, skipping update.
[   +6 ms] Artifact Instance of 'WindowsEngineArtifacts' is not required, skipping update.
[        ] Artifact Instance of 'MacOSEngineArtifacts' is not required, skipping update.
[        ] Artifact Instance of 'LinuxEngineArtifacts' is not required, skipping update.
[        ] Artifact Instance of 'LinuxFuchsiaSDKArtifacts' is not required, skipping update.
[        ] Artifact Instance of 'MacOSFuchsiaSDKArtifacts' is not required, skipping update.
[   +2 ms] Artifact Instance of 'FlutterRunnerSDKArtifacts' is not required, skipping update.
[        ] Artifact Instance of 'FlutterRunnerDebugSymbols' is not required, skipping update.
[+1361 ms] Artifact Instance of 'AndroidGenSnapshotArtifacts' is not required, skipping update.
[        ] Artifact Instance of 'AndroidInternalBuildArtifacts' is not required, skipping update.
[        ] Artifact Instance of 'IOSEngineArtifacts' is not required, skipping update.
[ +426 ms] Artifact Instance of 'FlutterEngineStamp' is not required, skipping update.
[   +7 ms] Artifact Instance of 'WindowsEngineArtifacts' is not required, skipping update.
[        ] Artifact Instance of 'MacOSEngineArtifacts' is not required, skipping update.
[        ] Artifact Instance of 'LinuxEngineArtifacts' is not required, skipping update.
[        ] Artifact Instance of 'LinuxFuchsiaSDKArtifacts' is not required, skipping update.
[        ] Artifact Instance of 'MacOSFuchsiaSDKArtifacts' is not required, skipping update.
[        ] Artifact Instance of 'FlutterRunnerSDKArtifacts' is not required, skipping update.
[        ] Artifact Instance of 'FlutterRunnerDebugSymbols' is not required, skipping update.
[ +258 ms] Skipping pub get: version match.
[ +300 ms] Found plugin image_picker at C:\Users\taimo\AppData\Local\Pub\Cache\hosted\pub.dev\image_picker-1.2.3\
[   +9 ms] Found plugin image_picker_windows at C:\Users\taimo\AppData\Local\Pub\Cache\hosted\pub.dev\image_picker_windows-0.2.2\
[ +539 ms] Found plugin file_selector_windows at C:\Users\taimo\AppData\Local\Pub\Cache\hosted\pub.dev\file_selector_windows-0.9.3+6\
[ +241 ms] Found plugin image_picker_macos at C:\Users\taimo\AppData\Local\Pub\Cache\hosted\pub.dev\image_picker_macos-0.2.2+1\
[ +165 ms] Found plugin file_selector_macos at C:\Users\taimo\AppData\Local\Pub\Cache\hosted\pub.dev\file_selector_macos-0.9.5+1\
[ +137 ms] Found plugin image_picker_linux at C:\Users\taimo\AppData\Local\Pub\Cache\hosted\pub.dev\image_picker_linux-0.2.2\
[ +167 ms] Found plugin file_selector_linux at C:\Users\taimo\AppData\Local\Pub\Cache\hosted\pub.dev\file_selector_linux-0.9.4+1\
[ +171 ms] Found plugin image_picker_ios at C:\Users\taimo\AppData\Local\Pub\Cache\hosted\pub.dev\image_picker_ios-0.8.13+7\
[ +222 ms] Found plugin image_picker_for_web at C:\Users\taimo\AppData\Local\Pub\Cache\hosted\pub.dev\image_picker_for_web-3.1.1\
[  +83 ms] Found plugin image_picker_android at C:\Users\taimo\AppData\Local\Pub\Cache\hosted\pub.dev\image_picker_android-0.8.13+21\
[ +104 ms] Found plugin flutter_plugin_android_lifecycle at C:\Users\taimo\AppData\Local\Pub\Cache\hosted\pub.dev\flutter_plugin_android_lifecycle-2.0.35\
[ +105 ms] Found plugin geolocator at C:\Users\taimo\AppData\Local\Pub\Cache\hosted\pub.dev\geolocator-13.0.4\
[ +240 ms] Found plugin geolocator_windows at C:\Users\taimo\AppData\Local\Pub\Cache\hosted\pub.dev\geolocator_windows-0.2.5\
[ +134 ms] Found plugin geolocator_web at C:\Users\taimo\AppData\Local\Pub\Cache\hosted\pub.dev\geolocator_web-4.1.4\
[ +119 ms] Found plugin geolocator_apple at C:\Users\taimo\AppData\Local\Pub\Cache\hosted\pub.dev\geolocator_apple-2.3.14\
[  +57 ms] Found plugin geolocator_android at C:\Users\taimo\AppData\Local\Pub\Cache\hosted\pub.dev\geolocator_android-4.6.2\
[ +760 ms] Found plugin path_provider at C:\Users\taimo\AppData\Local\Pub\Cache\hosted\pub.dev\path_provider-2.1.6\
[  +31 ms] Found plugin path_provider_windows at C:\Users\taimo\AppData\Local\Pub\Cache\hosted\pub.dev\path_provider_windows-2.3.0\
[  +71 ms] Found plugin path_provider_linux at C:\Users\taimo\AppData\Local\Pub\Cache\hosted\pub.dev\path_provider_linux-2.2.2\
[  +42 ms] Found plugin path_provider_foundation at C:\Users\taimo\AppData\Local\Pub\Cache\hosted\pub.dev\path_provider_foundation-2.6.0\
[  +78 ms] Found plugin path_provider_android at C:\Users\taimo\AppData\Local\Pub\Cache\hosted\pub.dev\path_provider_android-2.3.1\
[  +14 ms] Found plugin jni_flutter at C:\Users\taimo\AppData\Local\Pub\Cache\hosted\pub.dev\jni_flutter-1.0.2\
[  +13 ms] Found plugin jni at C:\Users\taimo\AppData\Local\Pub\Cache\hosted\pub.dev\jni-1.0.3\
[  +73 ms] Found plugin firebase_storage at C:\Users\taimo\AppData\Local\Pub\Cache\hosted\pub.dev\firebase_storage-12.4.10\
[  +15 ms] Found plugin firebase_storage_web at C:\Users\taimo\AppData\Local\Pub\Cache\hosted\pub.dev\firebase_storage_web-3.10.17\
[  +15 ms] Found plugin firebase_core at C:\Users\taimo\AppData\Local\Pub\Cache\hosted\pub.dev\firebase_core-3.15.2\
[   +7 ms] Found plugin firebase_core_web at C:\Users\taimo\AppData\Local\Pub\Cache\hosted\pub.dev\firebase_core_web-2.24.1\
[  +21 ms] Found plugin firebase_auth at C:\Users\taimo\AppData\Local\Pub\Cache\hosted\pub.dev\firebase_auth-5.7.0\
[   +7 ms] Found plugin firebase_auth_web at C:\Users\taimo\AppData\Local\Pub\Cache\hosted\pub.dev\firebase_auth_web-5.15.3\
[  +20 ms] Found plugin cloud_firestore at C:\Users\taimo\AppData\Local\Pub\Cache\hosted\pub.dev\cloud_firestore-5.6.12\
[   +6 ms] Found plugin cloud_firestore_web at C:\Users\taimo\AppData\Local\Pub\Cache\hosted\pub.dev\cloud_firestore_web-4.4.12\
[ +223 ms] Found plugin image_picker at C:\Users\taimo\AppData\Local\Pub\Cache\hosted\pub.dev\image_picker-1.2.3\
[   +3 ms] Found plugin image_picker_windows at C:\Users\taimo\AppData\Local\Pub\Cache\hosted\pub.dev\image_picker_windows-0.2.2\
[  +17 ms] Found plugin file_selector_windows at C:\Users\taimo\AppData\Local\Pub\Cache\hosted\pub.dev\file_selector_windows-0.9.3+6\
[   +5 ms] Found plugin image_picker_macos at C:\Users\taimo\AppData\Local\Pub\Cache\hosted\pub.dev\image_picker_macos-0.2.2+1\
[   +3 ms] Found plugin file_selector_macos at C:\Users\taimo\AppData\Local\Pub\Cache\hosted\pub.dev\file_selector_macos-0.9.5+1\
[   +3 ms] Found plugin image_picker_linux at C:\Users\taimo\AppData\Local\Pub\Cache\hosted\pub.dev\image_picker_linux-0.2.2\
[   +3 ms] Found plugin file_selector_linux at C:\Users\taimo\AppData\Local\Pub\Cache\hosted\pub.dev\file_selector_linux-0.9.4+1\
[   +3 ms] Found plugin image_picker_ios at C:\Users\taimo\AppData\Local\Pub\Cache\hosted\pub.dev\image_picker_ios-0.8.13+7\
[   +3 ms] Found plugin image_picker_for_web at C:\Users\taimo\AppData\Local\Pub\Cache\hosted\pub.dev\image_picker_for_web-3.1.1\
[   +9 ms] Found plugin image_picker_android at C:\Users\taimo\AppData\Local\Pub\Cache\hosted\pub.dev\image_picker_android-0.8.13+21\
[   +3 ms] Found plugin flutter_plugin_android_lifecycle at C:\Users\taimo\AppData\Local\Pub\Cache\hosted\pub.dev\flutter_plugin_android_lifecycle-2.0.35\
[   +5 ms] Found plugin geolocator at C:\Users\taimo\AppData\Local\Pub\Cache\hosted\pub.dev\geolocator-13.0.4\
[   +3 ms] Found plugin geolocator_windows at C:\Users\taimo\AppData\Local\Pub\Cache\hosted\pub.dev\geolocator_windows-0.2.5\
[   +6 ms] Found plugin geolocator_web at C:\Users\taimo\AppData\Local\Pub\Cache\hosted\pub.dev\geolocator_web-4.1.4\
[   +4 ms] Found plugin geolocator_apple at C:\Users\taimo\AppData\Local\Pub\Cache\hosted\pub.dev\geolocator_apple-2.3.14\
[   +3 ms] Found plugin geolocator_android at C:\Users\taimo\AppData\Local\Pub\Cache\hosted\pub.dev\geolocator_android-4.6.2\
[  +27 ms] Found plugin path_provider at C:\Users\taimo\AppData\Local\Pub\Cache\hosted\pub.dev\path_provider-2.1.6\
[   +4 ms] Found plugin path_provider_windows at C:\Users\taimo\AppData\Local\Pub\Cache\hosted\pub.dev\path_provider_windows-2.3.0\
[   +8 ms] Found plugin path_provider_linux at C:\Users\taimo\AppData\Local\Pub\Cache\hosted\pub.dev\path_provider_linux-2.2.2\
[   +6 ms] Found plugin path_provider_foundation at C:\Users\taimo\AppData\Local\Pub\Cache\hosted\pub.dev\path_provider_foundation-2.6.0\
[  +20 ms] Found plugin path_provider_android at C:\Users\taimo\AppData\Local\Pub\Cache\hosted\pub.dev\path_provider_android-2.3.1\
[   +3 ms] Found plugin jni_flutter at C:\Users\taimo\AppData\Local\Pub\Cache\hosted\pub.dev\jni_flutter-1.0.2\
[   +3 ms] Found plugin jni at C:\Users\taimo\AppData\Local\Pub\Cache\hosted\pub.dev\jni-1.0.3\
[  +18 ms] Found plugin firebase_storage at C:\Users\taimo\AppData\Local\Pub\Cache\hosted\pub.dev\firebase_storage-12.4.10\
[   +3 ms] Found plugin firebase_storage_web at C:\Users\taimo\AppData\Local\Pub\Cache\hosted\pub.dev\firebase_storage_web-3.10.17\
[   +6 ms] Found plugin firebase_core at C:\Users\taimo\AppData\Local\Pub\Cache\hosted\pub.dev\firebase_core-3.15.2\
[   +3 ms] Found plugin firebase_core_web at C:\Users\taimo\AppData\Local\Pub\Cache\hosted\pub.dev\firebase_core_web-2.24.1\
[  +10 ms] Found plugin firebase_auth at C:\Users\taimo\AppData\Local\Pub\Cache\hosted\pub.dev\firebase_auth-5.7.0\
[   +3 ms] Found plugin firebase_auth_web at C:\Users\taimo\AppData\Local\Pub\Cache\hosted\pub.dev\firebase_auth_web-5.15.3\
[   +7 ms] Found plugin cloud_firestore at C:\Users\taimo\AppData\Local\Pub\Cache\hosted\pub.dev\cloud_firestore-5.6.12\
[   +3 ms] Found plugin cloud_firestore_web at C:\Users\taimo\AppData\Local\Pub\Cache\hosted\pub.dev\cloud_firestore_web-4.4.12\
[  +36 ms] Skipping generating web_plugin_registrant.dart because it is up-to-date.
[ +215 ms] Found plugin image_picker at C:\Users\taimo\AppData\Local\Pub\Cache\hosted\pub.dev\image_picker-1.2.3\
[   +4 ms] Found plugin image_picker_windows at C:\Users\taimo\AppData\Local\Pub\Cache\hosted\pub.dev\image_picker_windows-0.2.2\
[  +57 ms] Found plugin file_selector_windows at C:\Users\taimo\AppData\Local\Pub\Cache\hosted\pub.dev\file_selector_windows-0.9.3+6\
[   +7 ms] Found plugin image_picker_macos at C:\Users\taimo\AppData\Local\Pub\Cache\hosted\pub.dev\image_picker_macos-0.2.2+1\
[   +6 ms] Found plugin file_selector_macos at C:\Users\taimo\AppData\Local\Pub\Cache\hosted\pub.dev\file_selector_macos-0.9.5+1\
[   +6 ms] Found plugin image_picker_linux at C:\Users\taimo\AppData\Local\Pub\Cache\hosted\pub.dev\image_picker_linux-0.2.2\
[   +4 ms] Found plugin file_selector_linux at C:\Users\taimo\AppData\Local\Pub\Cache\hosted\pub.dev\file_selector_linux-0.9.4+1\
[   +4 ms] Found plugin image_picker_ios at C:\Users\taimo\AppData\Local\Pub\Cache\hosted\pub.dev\image_picker_ios-0.8.13+7\
[   +3 ms] Found plugin image_picker_for_web at C:\Users\taimo\AppData\Local\Pub\Cache\hosted\pub.dev\image_picker_for_web-3.1.1\
[   +7 ms] Found plugin image_picker_android at C:\Users\taimo\AppData\Local\Pub\Cache\hosted\pub.dev\image_picker_android-0.8.13+21\
[   +2 ms] Found plugin flutter_plugin_android_lifecycle at C:\Users\taimo\AppData\Local\Pub\Cache\hosted\pub.dev\flutter_plugin_android_lifecycle-2.0.35\
[   +2 ms] Found plugin geolocator at C:\Users\taimo\AppData\Local\Pub\Cache\hosted\pub.dev\geolocator-13.0.4\
[   +3 ms] Found plugin geolocator_windows at C:\Users\taimo\AppData\Local\Pub\Cache\hosted\pub.dev\geolocator_windows-0.2.5\
[   +5 ms] Found plugin geolocator_web at C:\Users\taimo\AppData\Local\Pub\Cache\hosted\pub.dev\geolocator_web-4.1.4\
[   +4 ms] Found plugin geolocator_apple at C:\Users\taimo\AppData\Local\Pub\Cache\hosted\pub.dev\geolocator_apple-2.3.14\
[   +3 ms] Found plugin geolocator_android at C:\Users\taimo\AppData\Local\Pub\Cache\hosted\pub.dev\geolocator_android-4.6.2\
[  +31 ms] Found plugin path_provider at C:\Users\taimo\AppData\Local\Pub\Cache\hosted\pub.dev\path_provider-2.1.6\
[   +3 ms] Found plugin path_provider_windows at C:\Users\taimo\AppData\Local\Pub\Cache\hosted\pub.dev\path_provider_windows-2.3.0\
[  +10 ms] Found plugin path_provider_linux at C:\Users\taimo\AppData\Local\Pub\Cache\hosted\pub.dev\path_provider_linux-2.2.2\
[   +8 ms] Found plugin path_provider_foundation at C:\Users\taimo\AppData\Local\Pub\Cache\hosted\pub.dev\path_provider_foundation-2.6.0\
[  +25 ms] Found plugin path_provider_android at C:\Users\taimo\AppData\Local\Pub\Cache\hosted\pub.dev\path_provider_android-2.3.1\
[   +5 ms] Found plugin jni_flutter at C:\Users\taimo\AppData\Local\Pub\Cache\hosted\pub.dev\jni_flutter-1.0.2\
[   +3 ms] Found plugin jni at C:\Users\taimo\AppData\Local\Pub\Cache\hosted\pub.dev\jni-1.0.3\
[  +20 ms] Found plugin firebase_storage at C:\Users\taimo\AppData\Local\Pub\Cache\hosted\pub.dev\firebase_storage-12.4.10\
[   +3 ms] Found plugin firebase_storage_web at C:\Users\taimo\AppData\Local\Pub\Cache\hosted\pub.dev\firebase_storage_web-3.10.17\
[   +7 ms] Found plugin firebase_core at C:\Users\taimo\AppData\Local\Pub\Cache\hosted\pub.dev\firebase_core-3.15.2\
[   +3 ms] Found plugin firebase_core_web at C:\Users\taimo\AppData\Local\Pub\Cache\hosted\pub.dev\firebase_core_web-2.24.1\
[   +7 ms] Found plugin firebase_auth at C:\Users\taimo\AppData\Local\Pub\Cache\hosted\pub.dev\firebase_auth-5.7.0\
[   +5 ms] Found plugin firebase_auth_web at C:\Users\taimo\AppData\Local\Pub\Cache\hosted\pub.dev\firebase_auth_web-5.15.3\
[   +9 ms] Found plugin cloud_firestore at C:\Users\taimo\AppData\Local\Pub\Cache\hosted\pub.dev\cloud_firestore-5.6.12\
[   +3 ms] Found plugin cloud_firestore_web at C:\Users\taimo\AppData\Local\Pub\Cache\hosted\pub.dev\cloud_firestore_web-4.4.12\
[ +257 ms] Generating C:\Users\taimo\Documents\Qoder\2026-08-28\b1f0d85c\dashboard\android\app\src\main\java\io\flutter\plugins\GeneratedPluginRegistrant.java
[  +17 ms] Skipping generating GeneratedPluginRegistrant.java because it is up-to-date.
[  +38 ms] Skipping generating generated_plugin_registrant.h because it is up-to-date.
[  +46 ms] Skipping generating generated_plugin_registrant.cc because it is up-to-date.
[  +16 ms] Skipping generating generated_plugins.cmake because it is up-to-date.
[  +22 ms] Skipping generating generated_plugin_registrant.h because it is up-to-date.
[  +26 ms] Skipping generating generated_plugin_registrant.cc because it is up-to-date.
[  +14 ms] Skipping generating generated_plugins.cmake because it is up-to-date.
[  +14 ms] Skipping generating GeneratedPluginRegistrant.h because it is up-to-date.
[  +11 ms] Skipping generating GeneratedPluginRegistrant.m because it is up-to-date.
[   +6 ms] Skipping generating GeneratedPluginRegistrant.swift because it is up-to-date.
[ +542 ms] Launching lib\main.dart on Chrome in debug mode...
[ +288 ms] Initializing file store
[  +35 ms] Skipping target: gen_localizations
[   +5 ms] Skipping target: gen_dart_plugin_registrant
[   +2 ms] Skipping target: _composite
[   +4 ms] complete
[   +3 ms] Updating assets
[   +6 ms] runHooks() with {TargetFile: C:\Users\taimo\Documents\Qoder\2026-08-28\b1f0d85c\dashboard\lib\main.dart, BuildMode: debug} and TargetPlatform.web_javascript
[        ] runHooks() - will perform dart build
[ +173 ms] : Checking 113 packages for hook/build.dart took 96 ms.
[   +1 ms] Checking 113 packages for hook/build.dart took 96 ms.
[  +13 ms] Running build hooks for web.
[ +167 ms] : input.json contents:
           {
             "assets": {},
             "config": {
               "build_asset_types": [],
               "linking_enabled": false
             },
             "out_dir_shared": "C:\\Users\\taimo\\Documents\\Qoder\\2026-08-28\\b1f0d85c\\dashboard\\.dart_tool\\hooks_runner\\shared\\objective_c\\build\\",
             "out_file": "C:\\Users\\taimo\\Documents\\Qoder\\2026-08-28\\b1f0d85c\\dashboard\\.dart_tool\\hooks_runner\\objective_c\\337ce265dc\\output.json",
             "package_name": "objective_c",
             "package_root": "C:\\Users\\taimo\\AppData\\Local\\Pub\\Cache\\hosted\\pub.dev\\objective_c-9.5.0\\",
             "user_defines": {}
           }
[   +1 ms] input.json contents:
           {
             "assets": {},
             "config": {
               "build_asset_types": [],
               "linking_enabled": false
             },
             "out_dir_shared": "C:\\Users\\taimo\\Documents\\Qoder\\2026-08-28\\b1f0d85c\\dashboard\\.dart_tool\\hooks_runner\\shared\\objective_c\\build\\",
             "out_file": "C:\\Users\\taimo\\Documents\\Qoder\\2026-08-28\\b1f0d85c\\dashboard\\.dart_tool\\hooks_runner\\objective_c\\337ce265dc\\output.json",
             "package_name": "objective_c",
             "package_root": "C:\\Users\\taimo\\AppData\\Local\\Pub\\Cache\\hosted\\pub.dev\\objective_c-9.5.0\\",
             "user_defines": {}
           }
[  +13 ms] : output.json contents:
           {
             "assets_for_linking": {},
             "status": "success",
             "timestamp": "2026-08-28 13:47:12.000"
           }
[        ] output.json contents:
           {
             "assets_for_linking": {},
             "status": "success",
             "timestamp": "2026-08-28 13:47:12.000"
           }
[   +8 ms] : Skipping build for objective_c in C:\Users\taimo\Documents\Qoder\2026-08-28\b1f0d85c\dashboard\.dart_tool\hooks_runner\objective_c\337ce265dc\. Last build on 2026-08-28 13:47:12.000.
[        ] Skipping build for objective_c in C:\Users\taimo\Documents\Qoder\2026-08-28\b1f0d85c\dashboard\.dart_tool\hooks_runner\objective_c\337ce265dc\. Last build on 2026-08-28 13:47:12.000.
[  +19 ms] Running build hooks for web done.
[   +2 ms] runHooks() - done
[ +486 ms] Waiting for connection from debug service on Chrome...
[ +117 ms] Found plugin image_picker at C:\Users\taimo\AppData\Local\Pub\Cache\hosted\pub.dev\image_picker-1.2.3\
[   +3 ms] Found plugin image_picker_windows at C:\Users\taimo\AppData\Local\Pub\Cache\hosted\pub.dev\image_picker_windows-0.2.2\
[  +16 ms] Found plugin file_selector_windows at C:\Users\taimo\AppData\Local\Pub\Cache\hosted\pub.dev\file_selector_windows-0.9.3+6\
[   +5 ms] Found plugin image_picker_macos at C:\Users\taimo\AppData\Local\Pub\Cache\hosted\pub.dev\image_picker_macos-0.2.2+1\
[   +3 ms] Found plugin file_selector_macos at C:\Users\taimo\AppData\Local\Pub\Cache\hosted\pub.dev\file_selector_macos-0.9.5+1\
[   +3 ms] Found plugin image_picker_linux at C:\Users\taimo\AppData\Local\Pub\Cache\hosted\pub.dev\image_picker_linux-0.2.2\
[   +3 ms] Found plugin file_selector_linux at C:\Users\taimo\AppData\Local\Pub\Cache\hosted\pub.dev\file_selector_linux-0.9.4+1\
[   +2 ms] Found plugin image_picker_ios at C:\Users\taimo\AppData\Local\Pub\Cache\hosted\pub.dev\image_picker_ios-0.8.13+7\
[   +2 ms] Found plugin image_picker_for_web at C:\Users\taimo\AppData\Local\Pub\Cache\hosted\pub.dev\image_picker_for_web-3.1.1\
[   +6 ms] Found plugin image_picker_android at C:\Users\taimo\AppData\Local\Pub\Cache\hosted\pub.dev\image_picker_android-0.8.13+21\
[   +2 ms] Found plugin flutter_plugin_android_lifecycle at C:\Users\taimo\AppData\Local\Pub\Cache\hosted\pub.dev\flutter_plugin_android_lifecycle-2.0.35\
[   +2 ms] Found plugin geolocator at C:\Users\taimo\AppData\Local\Pub\Cache\hosted\pub.dev\geolocator-13.0.4\
[   +2 ms] Found plugin geolocator_windows at C:\Users\taimo\AppData\Local\Pub\Cache\hosted\pub.dev\geolocator_windows-0.2.5\
[   +5 ms] Found plugin geolocator_web at C:\Users\taimo\AppData\Local\Pub\Cache\hosted\pub.dev\geolocator_web-4.1.4\
[   +2 ms] Found plugin geolocator_apple at C:\Users\taimo\AppData\Local\Pub\Cache\hosted\pub.dev\geolocator_apple-2.3.14\
[   +2 ms] Found plugin geolocator_android at C:\Users\taimo\AppData\Local\Pub\Cache\hosted\pub.dev\geolocator_android-4.6.2\
[  +21 ms] Found plugin path_provider at C:\Users\taimo\AppData\Local\Pub\Cache\hosted\pub.dev\path_provider-2.1.6\
[   +3 ms] Found plugin path_provider_windows at C:\Users\taimo\AppData\Local\Pub\Cache\hosted\pub.dev\path_provider_windows-2.3.0\
[   +6 ms] Found plugin path_provider_linux at C:\Users\taimo\AppData\Local\Pub\Cache\hosted\pub.dev\path_provider_linux-2.2.2\
[   +5 ms] Found plugin path_provider_foundation at C:\Users\taimo\AppData\Local\Pub\Cache\hosted\pub.dev\path_provider_foundation-2.6.0\
[  +15 ms] Found plugin path_provider_android at C:\Users\taimo\AppData\Local\Pub\Cache\hosted\pub.dev\path_provider_android-2.3.1\
[   +2 ms] Found plugin jni_flutter at C:\Users\taimo\AppData\Local\Pub\Cache\hosted\pub.dev\jni_flutter-1.0.2\
[   +3 ms] Found plugin jni at C:\Users\taimo\AppData\Local\Pub\Cache\hosted\pub.dev\jni-1.0.3\
[  +15 ms] Found plugin firebase_storage at C:\Users\taimo\AppData\Local\Pub\Cache\hosted\pub.dev\firebase_storage-12.4.10\
[   +3 ms] Found plugin firebase_storage_web at C:\Users\taimo\AppData\Local\Pub\Cache\hosted\pub.dev\firebase_storage_web-3.10.17\
[   +5 ms] Found plugin firebase_core at C:\Users\taimo\AppData\Local\Pub\Cache\hosted\pub.dev\firebase_core-3.15.2\
[   +2 ms] Found plugin firebase_core_web at C:\Users\taimo\AppData\Local\Pub\Cache\hosted\pub.dev\firebase_core_web-2.24.1\
[   +6 ms] Found plugin firebase_auth at C:\Users\taimo\AppData\Local\Pub\Cache\hosted\pub.dev\firebase_auth-5.7.0\
[   +3 ms] Found plugin firebase_auth_web at C:\Users\taimo\AppData\Local\Pub\Cache\hosted\pub.dev\firebase_auth_web-5.15.3\
[   +6 ms] Found plugin cloud_firestore at C:\Users\taimo\AppData\Local\Pub\Cache\hosted\pub.dev\cloud_firestore-5.6.12\
[   +2 ms] Found plugin cloud_firestore_web at C:\Users\taimo\AppData\Local\Pub\Cache\hosted\pub.dev\cloud_firestore_web-4.4.12\
[  +79 ms] impellerc command: [C:\Users\taimo\Downloads\flutter_windows_3.47.0-stable\flutter\bin\cache\artifacts\engine\windows-x64\impellerc.exe, --sksl, --iplr, --json, --sl=C:\Users\taimo\AppData\Local\Temp\flutter_tools.7e8dd5e5\0.37541657144838747.temp, --spirv=C:\Users\taimo\AppData\Local\Temp\flutter_tools.7e8dd5e5\0.37541657144838747.temp.spirv, --input=C:\Users\taimo\Downloads\flutter_windows_3.47.0-stable\flutter\packages\flutter\lib\src\material\shaders\ink_sparkle.frag, --input-type=frag, --include=C:\Users\taimo\Downloads\flutter_windows_3.47.0-stable\flutter\packages\flutter\lib\src\material\shaders, --include=C:\Users\taimo\Downloads\flutter_windows_3.47.0-stable\flutter\bin\cache\artifacts\engine\windows-x64\shader_lib, --depfile=C:\Users\taimo\AppData\Local\Temp\flutter_tools.7e8dd5e5\0.7200104285251426.d]
[   +2 ms] impellerc command: [C:\Users\taimo\Downloads\flutter_windows_3.47.0-stable\flutter\bin\cache\artifacts\engine\windows-x64\impellerc.exe, --sksl, --iplr, --json, --sl=C:\Users\taimo\AppData\Local\Temp\flutter_tools.7e8dd5e5\0.9485625121554868.temp, --spirv=C:\Users\taimo\AppData\Local\Temp\flutter_tools.7e8dd5e5\0.9485625121554868.temp.spirv, --input=C:\Users\taimo\Downloads\flutter_windows_3.47.0-stable\flutter\packages\flutter\lib\src\widgets\shaders\stretch_effect.frag, --input-type=frag, --include=C:\Users\taimo\Downloads\flutter_windows_3.47.0-stable\flutter\packages\flutter\lib\src\widgets\shaders, --include=C:\Users\taimo\Downloads\flutter_windows_3.47.0-stable\flutter\bin\cache\artifacts\engine\windows-x64\shader_lib, --depfile=C:\Users\taimo\AppData\Local\Temp\flutter_tools.7e8dd5e5\0.4510718135160716.d]
[+3345 ms] <- reset
[  +25 ms] C:\Users\taimo\Downloads\flutter_windows_3.47.0-stable\flutter\bin\cache\dart-sdk\bin\dartaotruntime.exe C:\Users\taimo\Downloads\flutter_windows_3.47.0-stable\flutter\bin\cache\dart-sdk\bin\snapshots\frontend_server_aot.dart.snapshot --sdk-root C:\Users\taimo\Downloads\flutter_windows_3.47.0-stable\flutter\bin\cache\flutter_web_sdk/ --incremental --target=dartdevc --experimental-emit-debug-metadata -DFLUTTER_BUILD_NAME=1.0.0 -DFLUTTER_BUILD_NUMBER=1 -DFLUTTER_VERSION=3.47.0 -DFLUTTER_CHANNEL=stable -DFLUTTER_GIT_URL=https://github.com/flutter/flutter.git -DFLUTTER_FRAMEWORK_REVISION=4cf2416426 -DFLUTTER_ENGINE_REVISION=5f77625673 -DFLUTTER_DART_VERSION=3.13.0 --output-dill C:\Users\taimo\AppData\Local\Temp\flutter_tools.7e8dd5e5\flutter_tool.ed204e45\app.dill --packages C:\Users\taimo\Documents\Qoder\2026-08-28\b1f0d85c\dashboard\.dart_tool\package_config.json -Ddart.vm.profile=false -Ddart.vm.product=false --enable-asserts --track-widget-creation --filesystem-root C:\Users\taimo\AppData\Local\Temp\flutter_tools.7e8dd5e5\flutter_tools.44e9ee6e --filesystem-scheme org-dartlang-app --initialize-from-dill build\9b29c4ff84a12575617ff4c1adc4087c.cache.dill.track.dill --platform file:///C:/Users/taimo/Downloads/flutter_windows_3.47.0-stable/flutter/bin/cache/flutter_web_sdk/kernel/ddc_outline.dill --verbosity=error --dartdevc-canary --dartdevc-module-format=ddc
[  +60 ms] <- compile org-dartlang-app:///web_entrypoint.dart
[+90641 ms] Waiting for connection from debug service on Chrome... (completed in 94.4s)
[   +3 ms] Synced 95.0MB.
[   +1 ms] <- accept
[        ] Caching compiled dill
[ +369 ms] Launching Chromium (url = http://127.0.0.1:5002, headless = false, skipCheck = false, debugPort = null)
[   +1 ms] Will use Chromium executable at C:\Program Files\Google\Chrome\Application\chrome.exe
[+2632 ms] [CHROME]: 
[   +1 ms] [CHROME]: DevTools listening on ws://127.0.0.1:56237/devtools/browser/9b886c89-9bd7-488b-9b23-7235fb76d638
[+3345 ms] Flutter run key commands.
[   +3 ms] r Hot reload. 
[   +1 ms] R Hot restart.
[        ] h List all available interactive commands.
[        ] d Detach (terminate "flutter run" but leave application running).
[        ] c Clear the screen
[        ] q Quit (terminate the application on the device).
[+2192 ms] DwdsInjector: Received request for entrypoint at http://127.0.0.1:5002/main_module.bootstrap.js
[        ] Received request for entrypoint at http://127.0.0.1:5002/main_module.bootstrap.js
[  +84 ms] MetadataProvider: Loading debug metadata...
[        ] Loading debug metadata...
[  +75 ms] MetadataProvider: Loaded debug metadata for module: web_entrypoint.dart
[        ] Loaded debug metadata for module: web_entrypoint.dart
[        ] MetadataProvider: Loaded debug metadata for module: web_plugin_registrant.dart
[        ] Loaded debug metadata for module: web_plugin_registrant.dart
[        ] MetadataProvider: Loaded debug metadata for module: packages/flutter_web_plugins/flutter_web_plugins.dart
[        ] Loaded debug metadata for module: packages/flutter_web_plugins/flutter_web_plugins.dart
[        ] MetadataProvider: Loaded debug metadata for module: packages/flutter_web_plugins/src/plugin_registry.dart
[        ] Loaded debug metadata for module: packages/flutter_web_plugins/src/plugin_registry.dart
[        ] MetadataProvider: Loaded debug metadata for module: packages/flutter/src/services/undo_manager.dart
[        ] Loaded debug metadata for module: packages/flutter/src/services/undo_manager.dart
[        ] MetadataProvider: Loaded debug metadata for module: packages/flutter/foundation.dart
[        ] Loaded debug metadata for module: packages/flutter/foundation.dart
[        ] MetadataProvider: Loaded debug metadata for module: packages/flutter/src/foundation/unicode.dart
[        ] Loaded debug metadata for module: packages/flutter/src/foundation/unicode.dart
[        ] MetadataProvider: Loaded debug metadata for module: packages/flutter/src/foundation/timeline.dart
[        ] Loaded debug metadata for module: packages/flutter/src/foundation/timeline.dart
[        ] MetadataProvider: Loaded debug metadata for module: packages/flutter/src/foundation/constants.dart
[        ] Loaded debug metadata for module: packages/flutter/src/foundation/constants.dart
[        ] MetadataProvider: Loaded debug metadata for module: packages/flutter/src/foundation/_timeline_web.dart
[        ] Loaded debug metadata for module: packages/flutter/src/foundation/_timeline_web.dart
[        ] MetadataProvider: Loaded debug metadata for module: packages/meta/meta.dart
[        ] Loaded debug metadata for module: packages/meta/meta.dart
[        ] MetadataProvider: Loaded debug metadata for module: packages/meta/meta_meta.dart
[        ] Loaded debug metadata for module: packages/meta/meta_meta.dart
[        ] MetadataProvider: Loaded debug metadata for module: packages/flutter/src/foundation/synchronous_future.dart
[        ] Loaded debug metadata for module: packages/flutter/src/foundation/synchronous_future.dart
[        ] MetadataProvider: Loaded debug metadata for module: packages/flutter/src/foundation/stack_frame.dart
[        ] Loaded debug metadata for module: packages/flutter/src/foundation/stack_frame.dart
[        ] MetadataProvider: Loaded debug metadata for module: packages/flutter/src/foundation/object.dart
[        ] Loaded debug metadata for module: packages/flutter/src/foundation/object.dart
[        ] MetadataProvider: Loaded debug metadata for module: packages/flutter/src/foundation/service_extensions.dart
[        ] Loaded debug metadata for module: packages/flutter/src/foundation/service_extensions.dart
[        ] MetadataProvider: Loaded debug metadata for module: packages/flutter/src/foundation/serialization.dart
[        ] Loaded debug metadata for module: packages/flutter/src/foundation/serialization.dart
[        ] MetadataProvider: Loaded debug metadata for module: packages/flutter/src/foundation/print.dart
[        ] Loaded debug metadata for module: packages/flutter/src/foundation/print.dart
[        ] MetadataProvider: Loaded debug metadata for module: packages/flutter/src/foundation/_platform_web.dart
[        ] Loaded debug metadata for module: packages/flutter/src/foundation/_platform_web.dart
[        ] MetadataProvider: Loaded debug metadata for module: packages/flutter/src/foundation/basic_types.dart
[        ] Loaded debug metadata for module: packages/flutter/src/foundation/basic_types.dart
[        ] MetadataProvider: Loaded debug metadata for module: packages/flutter/src/foundation/error_dumper.dart
[        ] Loaded debug metadata for module: packages/flutter/src/foundation/error_dumper.dart
[        ] MetadataProvider: Loaded debug metadata for module: packages/flutter/src/foundation/_error_dumper_web.dart
[        ] Loaded debug metadata for module: packages/flutter/src/foundation/_error_dumper_web.dart
[        ] MetadataProvider: Loaded debug metadata for module: packages/flutter/src/web.dart
[        ] Loaded debug metadata for module: packages/flutter/src/web.dart
[        ] MetadataProvider: Loaded debug metadata for module: packages/flutter/src/foundation/persistent_hash_map.dart
[        ] Loaded debug metadata for module: packages/flutter/src/foundation/persistent_hash_map.dart
[        ] MetadataProvider: Loaded debug metadata for module: packages/flutter/src/foundation/observer_list.dart
[        ] Loaded debug metadata for module: packages/flutter/src/foundation/observer_list.dart
[        ] MetadataProvider: Loaded debug metadata for module: packages/flutter/src/foundation/node.dart
[        ] Loaded debug metadata for module: packages/flutter/src/foundation/node.dart
[        ] MetadataProvider: Loaded debug metadata for module: packages/flutter/src/foundation/licenses.dart
[        ] Loaded debug metadata for module: packages/flutter/src/foundation/licenses.dart
[        ] MetadataProvider: Loaded debug metadata for module: packages/flutter/src/foundation/key.dart
[        ] Loaded debug metadata for module: packages/flutter/src/foundation/key.dart
[        ] MetadataProvider: Loaded debug metadata for module: packages/flutter/src/foundation/_isolates_web.dart
[        ] Loaded debug metadata for module: packages/flutter/src/foundation/_isolates_web.dart
[        ] MetadataProvider: Loaded debug metadata for module: packages/flutter/src/foundation/consolidate_response.dart
[        ] Loaded debug metadata for module: packages/flutter/src/foundation/consolidate_response.dart
[        ] MetadataProvider: Loaded debug metadata for module: packages/flutter/src/foundation/collections.dart
[        ] Loaded debug metadata for module: packages/flutter/src/foundation/collections.dart
[        ] MetadataProvider: Loaded debug metadata for module: packages/flutter/src/foundation/change_notifier.dart
[        ] Loaded debug metadata for module: packages/flutter/src/foundation/change_notifier.dart
[        ] MetadataProvider: Loaded debug metadata for module: packages/flutter/src/foundation/capabilities.dart
[        ] Loaded debug metadata for module: packages/flutter/src/foundation/capabilities.dart
[        ] MetadataProvider: Loaded debug metadata for module: packages/flutter/src/foundation/_capabilities_web.dart
[        ] Loaded debug metadata for module: packages/flutter/src/foundation/_capabilities_web.dart
[        ] MetadataProvider: Loaded debug metadata for module: packages/flutter/src/foundation/_bitfield_web.dart
[        ] Loaded debug metadata for module: packages/flutter/src/foundation/_bitfield_web.dart
[        ] MetadataProvider: Loaded debug metadata for module: packages/flutter/src/foundation/binding.dart
[        ] Loaded debug metadata for module: packages/flutter/src/foundation/binding.dart
[        ] MetadataProvider: Loaded debug metadata for module: packages/flutter/src/foundation/annotations.dart
[        ] Loaded debug metadata for module: packages/flutter/src/foundation/annotations.dart
[        ] MetadataProvider: Loaded debug metadata for module: packages/flutter/src/services/text_layout_metrics.dart
[        ] Loaded debug metadata for module: packages/flutter/src/services/text_layout_metrics.dart
[        ] MetadataProvider: Loaded debug metadata for module: packages/flutter/src/services/text_editing.dart
[        ] Loaded debug metadata for module: packages/flutter/src/services/text_editing.dart
[        ] MetadataProvider: Loaded debug metadata for module: packages/flutter/src/services/text_editing_delta.dart
[        ] Loaded debug metadata for module: packages/flutter/src/services/text_editing_delta.dart
[        ] MetadataProvider: Loaded debug metadata for module: packages/vector_math/vector_math_64.dart
[        ] Loaded debug metadata for module: packages/vector_math/vector_math_64.dart
[        ] MetadataProvider: Loaded debug metadata for module: packages/flutter/scheduler.dart
[        ] Loaded debug metadata for module: packages/flutter/scheduler.dart
[        ] MetadataProvider: Loaded debug metadata for module: packages/flutter/src/scheduler/ticker.dart
[        ] Loaded debug metadata for module: packages/flutter/src/scheduler/ticker.dart
[        ] MetadataProvider: Loaded debug metadata for module: packages/flutter/src/scheduler/binding.dart
[        ] Loaded debug metadata for module: packages/flutter/src/scheduler/binding.dart
[        ] MetadataProvider: Loaded debug metadata for module: packages/flutter/src/scheduler/priority.dart
[        ] Loaded debug metadata for module: packages/flutter/src/scheduler/priority.dart
[        ] MetadataProvider: Loaded debug metadata for module: packages/flutter/src/scheduler/service_extensions.dart
[        ] Loaded debug metadata for module: packages/flutter/src/scheduler/service_extensions.dart
[        ] MetadataProvider: Loaded debug metadata for module: packages/flutter/src/scheduler/debug.dart
[        ] Loaded debug metadata for module: packages/flutter/src/scheduler/debug.dart
[        ] MetadataProvider: Loaded debug metadata for module: packages/collection/collection.dart
[        ] Loaded debug metadata for module: packages/collection/collection.dart
[        ] MetadataProvider: Loaded debug metadata for module: packages/collection/src/wrappers.dart
[        ] Loaded debug metadata for module: packages/collection/src/wrappers.dart
[        ] MetadataProvider: Loaded debug metadata for module: packages/collection/src/union_set_controller.dart
[        ] Loaded debug metadata for module: packages/collection/src/union_set_controller.dart
[        ] MetadataProvider: Loaded debug metadata for module: packages/collection/src/union_set.dart
[        ] Loaded debug metadata for module: packages/collection/src/union_set.dart
[        ] MetadataProvider: Loaded debug metadata for module: packages/collection/src/queue_list.dart
[        ] Loaded debug metadata for module: packages/collection/src/queue_list.dart
[        ] MetadataProvider: Loaded debug metadata for module: packages/collection/src/priority_queue.dart
[        ] Loaded debug metadata for module: packages/collection/src/priority_queue.dart
[        ] MetadataProvider: Loaded debug metadata for module: packages/collection/src/utils.dart
[        ] Loaded debug metadata for module: packages/collection/src/utils.dart
[        ] MetadataProvider: Loaded debug metadata for module: packages/collection/src/list_extensions.dart
[        ] Loaded debug metadata for module: packages/collection/src/list_extensions.dart
[        ] MetadataProvider: Loaded debug metadata for module: packages/collection/src/equality.dart
[        ] Loaded debug metadata for module: packages/collection/src/equality.dart
[        ] MetadataProvider: Loaded debug metadata for module: packages/collection/src/comparators.dart
[        ] Loaded debug metadata for module: packages/collection/src/comparators.dart
[        ] MetadataProvider: Loaded debug metadata for module: packages/collection/src/algorithms.dart
[        ] Loaded debug metadata for module: packages/collection/src/algorithms.dart
[        ] MetadataProvider: Loaded debug metadata for module: packages/collection/src/iterable_zip.dart
[        ] Loaded debug metadata for module: packages/collection/src/iterable_zip.dart
[        ] MetadataProvider: Loaded debug metadata for module: packages/collection/src/iterable_extensions.dart
[        ] Loaded debug metadata for module: packages/collection/src/iterable_extensions.dart
[        ] MetadataProvider: Loaded debug metadata for module: packages/collection/src/functions.dart
[        ] Loaded debug metadata for module: packages/collection/src/functions.dart
[        ] MetadataProvider: Loaded debug metadata for module: packages/collection/src/equality_set.dart
[        ] Loaded debug metadata for module: packages/collection/src/equality_set.dart
[        ] MetadataProvider: Loaded debug metadata for module: packages/collection/src/equality_map.dart
[        ] Loaded debug metadata for module: packages/collection/src/equality_map.dart
[        ] MetadataProvider: Loaded debug metadata for module: packages/collection/src/combined_wrappers/combined_map.dart
[        ] Loaded debug metadata for module: packages/collection/src/combined_wrappers/combined_map.dart
[        ] MetadataProvider: Loaded debug metadata for module: packages/collection/src/combined_wrappers/combined_iterable.dart
[        ] Loaded debug metadata for module: packages/collection/src/combined_wrappers/combined_iterable.dart
[        ] MetadataProvider: Loaded debug metadata for module: packages/collection/src/combined_wrappers/combined_iterator.dart
[   +1 ms] Loaded debug metadata for module: packages/collection/src/combined_wrappers/combined_iterator.dart
[        ] MetadataProvider: Loaded debug metadata for module: packages/collection/src/combined_wrappers/combined_list.dart
[        ] Loaded debug metadata for module: packages/collection/src/combined_wrappers/combined_list.dart
[        ] MetadataProvider: Loaded debug metadata for module: packages/collection/src/canonicalized_map.dart
[        ] Loaded debug metadata for module: packages/collection/src/canonicalized_map.dart
[        ] MetadataProvider: Loaded debug metadata for module: packages/collection/src/boollist.dart
[        ] Loaded debug metadata for module: packages/collection/src/boollist.dart
[        ] MetadataProvider: Loaded debug metadata for module: packages/flutter/src/services/keyboard_key.g.dart
[        ] Loaded debug metadata for module: packages/flutter/src/services/keyboard_key.g.dart
[        ] MetadataProvider: Loaded debug metadata for module: packages/flutter/src/services/keyboard_maps.g.dart
[        ] Loaded debug metadata for module: packages/flutter/src/services/keyboard_maps.g.dart
[        ] MetadataProvider: Loaded debug metadata for module: packages/flutter/src/services/binary_messenger.dart
[        ] Loaded debug metadata for module: packages/flutter/src/services/binary_messenger.dart
[        ] MetadataProvider: Loaded debug metadata for module: packages/flutter/src/services/service_extensions.dart
[        ] Loaded debug metadata for module: packages/flutter/src/services/service_extensions.dart
[        ] MetadataProvider: Loaded debug metadata for module: packages/flutter/src/services/keyboard_inserted_content.dart
[        ] Loaded debug metadata for module: packages/flutter/src/services/keyboard_inserted_content.dart
[        ] MetadataProvider: Loaded debug metadata for module: packages/flutter/src/services/text_formatter.dart
[        ] Loaded debug metadata for module: packages/flutter/src/services/text_formatter.dart
[        ] MetadataProvider: Loaded debug metadata for module: packages/characters/characters.dart
[        ] Loaded debug metadata for module: packages/characters/characters.dart
[        ] MetadataProvider: Loaded debug metadata for module: packages/characters/src/extensions.dart
[        ] Loaded debug metadata for module: packages/characters/src/extensions.dart
[        ] MetadataProvider: Loaded debug metadata for module: packages/characters/src/characters_impl.dart
[        ] Loaded debug metadata for module: packages/characters/src/characters_impl.dart
[        ] MetadataProvider: Loaded debug metadata for module: packages/characters/src/grapheme_clusters/table.dart
[        ] Loaded debug metadata for module: packages/characters/src/grapheme_clusters/table.dart
[        ] MetadataProvider: Loaded debug metadata for module: packages/characters/src/grapheme_clusters/constants.dart
[        ] Loaded debug metadata for module: packages/characters/src/grapheme_clusters/constants.dart
[        ] MetadataProvider: Loaded debug metadata for module: packages/characters/src/grapheme_clusters/breaks.dart
[        ] Loaded debug metadata for module: packages/characters/src/grapheme_clusters/breaks.dart
[        ] MetadataProvider: Loaded debug metadata for module: packages/flutter/src/services/text_boundary.dart
[        ] Loaded debug metadata for module: packages/flutter/src/services/text_boundary.dart
[        ] MetadataProvider: Loaded debug metadata for module: packages/flutter/src/services/system_sound.dart
[        ] Loaded debug metadata for module: packages/flutter/src/services/system_sound.dart
[        ] MetadataProvider: Loaded debug metadata for module: packages/flutter/src/services/system_navigator.dart
[        ] Loaded debug metadata for module: packages/flutter/src/services/system_navigator.dart
[        ] MetadataProvider: Loaded debug metadata for module: packages/flutter/src/services/spell_check.dart
[        ] Loaded debug metadata for module: packages/flutter/src/services/spell_check.dart
[        ] MetadataProvider: Loaded debug metadata for module: packages/flutter/src/services/sensitive_content.dart
[        ] Loaded debug metadata for module: packages/flutter/src/services/sensitive_content.dart
[        ] MetadataProvider: Loaded debug metadata for module: packages/flutter/src/services/scribe.dart
[        ] Loaded debug metadata for module: packages/flutter/src/services/scribe.dart
[        ] MetadataProvider: Loaded debug metadata for module: packages/flutter/src/services/process_text.dart
[        ] Loaded debug metadata for module: packages/flutter/src/services/process_text.dart
[        ] MetadataProvider: Loaded debug metadata for module: packages/flutter/src/services/predictive_back_event.dart
[        ] Loaded debug metadata for module: packages/flutter/src/services/predictive_back_event.dart
[        ] MetadataProvider: Loaded debug metadata for module: packages/flutter/src/services/platform_views.dart
[        ] Loaded debug metadata for module: packages/flutter/src/services/platform_views.dart
[        ] MetadataProvider: Loaded debug metadata for module: packages/flutter/gestures.dart
[        ] Loaded debug metadata for module: packages/flutter/gestures.dart
[        ] MetadataProvider: Loaded debug metadata for module: packages/flutter/src/gestures/velocity_tracker.dart
[        ] Loaded debug metadata for module: packages/flutter/src/gestures/velocity_tracker.dart
[        ] MetadataProvider: Loaded debug metadata for module: packages/flutter/src/gestures/lsq_solver.dart
[        ] Loaded debug metadata for module: packages/flutter/src/gestures/lsq_solver.dart
[        ] MetadataProvider: Loaded debug metadata for module: packages/flutter/src/gestures/events.dart
[        ] Loaded debug metadata for module: packages/flutter/src/gestures/events.dart
[        ] MetadataProvider: Loaded debug metadata for module: packages/flutter/src/gestures/gesture_settings.dart
[        ] Loaded debug metadata for module: packages/flutter/src/gestures/gesture_settings.dart
[        ] MetadataProvider: Loaded debug metadata for module: packages/flutter/src/gestures/constants.dart
[        ] Loaded debug metadata for module: packages/flutter/src/gestures/constants.dart
[        ] MetadataProvider: Loaded debug metadata for module: packages/flutter/src/gestures/binding.dart
[        ] Loaded debug metadata for module: packages/flutter/src/gestures/binding.dart
[        ] MetadataProvider: Loaded debug metadata for module: packages/flutter/src/gestures/pointer_signal_resolver.dart
[        ] Loaded debug metadata for module: packages/flutter/src/gestures/pointer_signal_resolver.dart
[        ] MetadataProvider: Loaded debug metadata for module: packages/flutter/src/gestures/pointer_router.dart
[        ] Loaded debug metadata for module: packages/flutter/src/gestures/pointer_router.dart
[        ] MetadataProvider: Loaded debug metadata for module: packages/flutter/src/gestures/hit_test.dart
[        ] Loaded debug metadata for module: packages/flutter/src/gestures/hit_test.dart
[        ] MetadataProvider: Loaded debug metadata for module: packages/flutter/src/gestures/arena.dart
[        ] Loaded debug metadata for module: packages/flutter/src/gestures/arena.dart
[        ] MetadataProvider: Loaded debug metadata for module: packages/flutter/src/gestures/debug.dart
[        ] Loaded debug metadata for module: packages/flutter/src/gestures/debug.dart
[        ] MetadataProvider: Loaded debug metadata for module: packages/flutter/src/gestures/resampler.dart
[        ] Loaded debug metadata for module: packages/flutter/src/gestures/resampler.dart
[        ] MetadataProvider: Loaded debug metadata for module: packages/flutter/src/gestures/converter.dart
[        ] Loaded debug metadata for module: packages/flutter/src/gestures/converter.dart
[        ] MetadataProvider: Loaded debug metadata for module: packages/flutter/src/gestures/team.dart
[        ] Loaded debug metadata for module: packages/flutter/src/gestures/team.dart
[        ] MetadataProvider: Loaded debug metadata for module: packages/flutter/src/gestures/tap_and_drag.dart
[        ] Loaded debug metadata for module: packages/flutter/src/gestures/tap_and_drag.dart
[        ] MetadataProvider: Loaded debug metadata for module: packages/flutter/src/gestures/tap.dart
[        ] Loaded debug metadata for module: packages/flutter/src/gestures/tap.dart
[        ] MetadataProvider: Loaded debug metadata for module: packages/flutter/src/gestures/recognizer.dart
[        ] Loaded debug metadata for module: packages/flutter/src/gestures/recognizer.dart
[        ] MetadataProvider: Loaded debug metadata for module: packages/flutter/src/gestures/gesture_details.dart
[        ] Loaded debug metadata for module: packages/flutter/src/gestures/gesture_details.dart
[        ] MetadataProvider: Loaded debug metadata for module: packages/flutter/src/gestures/scale.dart
[        ] Loaded debug metadata for module: packages/flutter/src/gestures/scale.dart
[        ] MetadataProvider: Loaded debug metadata for module: packages/flutter/src/gestures/monodrag.dart
[        ] Loaded debug metadata for module: packages/flutter/src/gestures/monodrag.dart
[        ] MetadataProvider: Loaded debug metadata for module: packages/flutter/src/gestures/drag_details.dart
[        ] Loaded debug metadata for module: packages/flutter/src/gestures/drag_details.dart
[        ] MetadataProvider: Loaded debug metadata for module: packages/flutter/src/gestures/drag.dart
[        ] Loaded debug metadata for module: packages/flutter/src/gestures/drag.dart
[        ] MetadataProvider: Loaded debug metadata for module: packages/flutter/src/gestures/multitap.dart
[        ] Loaded debug metadata for module: packages/flutter/src/gestures/multitap.dart
[        ] MetadataProvider: Loaded debug metadata for module: packages/flutter/src/gestures/multidrag.dart
[        ] Loaded debug metadata for module: packages/flutter/src/gestures/multidrag.dart
[        ] MetadataProvider: Loaded debug metadata for module: packages/flutter/src/gestures/long_press.dart
[        ] Loaded debug metadata for module: packages/flutter/src/gestures/long_press.dart
[        ] MetadataProvider: Loaded debug metadata for module: packages/flutter/src/gestures/force_press.dart
[        ] Loaded debug metadata for module: packages/flutter/src/gestures/force_press.dart
[        ] MetadataProvider: Loaded debug metadata for module: packages/flutter/src/gestures/eager.dart
[        ] Loaded debug metadata for module: packages/flutter/src/gestures/eager.dart
[        ] MetadataProvider: Loaded debug metadata for module: packages/flutter/src/services/mouse_tracking.dart
[        ] Loaded debug metadata for module: packages/flutter/src/services/mouse_tracking.dart
[        ] MetadataProvider: Loaded debug metadata for module: packages/flutter/src/services/mouse_cursor.dart
[        ] Loaded debug metadata for module: packages/flutter/src/services/mouse_cursor.dart
[        ] MetadataProvider: Loaded debug metadata for module: packages/flutter/src/services/live_text.dart
[        ] Loaded debug metadata for module: packages/flutter/src/services/live_text.dart
[        ] MetadataProvider: Loaded debug metadata for module: packages/flutter/src/services/haptic_feedback.dart
[        ] Loaded debug metadata for module: packages/flutter/src/services/haptic_feedback.dart
[        ] MetadataProvider: Loaded debug metadata for module: packages/flutter/src/services/font_loader.dart
[        ] Loaded debug metadata for module: packages/flutter/src/services/font_loader.dart
[        ] MetadataProvider: Loaded debug metadata for module: packages/flutter/src/services/flutter_version.dart
[        ] Loaded debug metadata for module: packages/flutter/src/services/flutter_version.dart
[        ] MetadataProvider: Loaded debug metadata for module: packages/flutter/src/services/flavor.dart
[        ] Loaded debug metadata for module: packages/flutter/src/services/flavor.dart
[        ] MetadataProvider: Loaded debug metadata for module: packages/flutter/src/services/deferred_component.dart
[        ] Loaded debug metadata for module: packages/flutter/src/services/deferred_component.dart
[        ] MetadataProvider: Loaded debug metadata for module: packages/flutter/src/services/browser_context_menu.dart
[        ] Loaded debug metadata for module: packages/flutter/src/services/browser_context_menu.dart
[        ] MetadataProvider: Loaded debug metadata for module: packages/flutter/src/services/asset_manifest.dart
[        ] Loaded debug metadata for module: packages/flutter/src/services/asset_manifest.dart
[        ] MetadataProvider: Loaded debug metadata for module: packages/flutter/src/services/app_version.dart
[        ] Loaded debug metadata for module: packages/flutter/src/services/app_version.dart
[        ] MetadataProvider: Loaded debug metadata for module: packages/flutter_web_plugins/src/plugin_event_channel.dart
[        ] Loaded debug metadata for module: packages/flutter_web_plugins/src/plugin_event_channel.dart
[        ] MetadataProvider: Loaded debug metadata for module: packages/flutter_web_plugins/src/navigation/utils.dart
[        ] Loaded debug metadata for module: packages/flutter_web_plugins/src/navigation/utils.dart
[        ] MetadataProvider: Loaded debug metadata for module: packages/flutter_web_plugins/src/navigation/url_strategy.dart
[        ] Loaded debug metadata for module: packages/flutter_web_plugins/src/navigation/url_strategy.dart
[        ] MetadataProvider: Loaded debug metadata for module: packages/image_picker_for_web/image_picker_for_web.dart
[        ] Loaded debug metadata for module: packages/image_picker_for_web/image_picker_for_web.dart
[        ] MetadataProvider: Loaded debug metadata for module: packages/image_picker_for_web/src/pkg_web_tweaks.dart
[        ] Loaded debug metadata for module: packages/image_picker_for_web/src/pkg_web_tweaks.dart
[        ] MetadataProvider: Loaded debug metadata for module: packages/web/src/helpers/renames.dart
[        ] Loaded debug metadata for module: packages/web/src/helpers/renames.dart
[        ] MetadataProvider: Loaded debug metadata for module: packages/web/src/helpers/lists.dart
[        ] Loaded debug metadata for module: packages/web/src/helpers/lists.dart
[        ] MetadataProvider: Loaded debug metadata for module: packages/web/src/dom.dart
[        ] Loaded debug metadata for module: packages/web/src/dom.dart
[        ] MetadataProvider: Loaded debug metadata for module: packages/web/src/dom/web_animations_2.dart
[        ] Loaded debug metadata for module: packages/web/src/dom/web_animations_2.dart
[        ] MetadataProvider: Loaded debug metadata for module: packages/web/src/dom/server_timing.dart
[        ] Loaded debug metadata for module: packages/web/src/dom/server_timing.dart
[        ] MetadataProvider: Loaded debug metadata for module: packages/web/src/dom/css_typed_om.dart
[        ] Loaded debug metadata for module: packages/web/src/dom/css_typed_om.dart
[        ] MetadataProvider: Loaded debug metadata for module: packages/web/src/dom/geometry.dart
[        ] Loaded debug metadata for module: packages/web/src/dom/geometry.dart
[        ] MetadataProvider: Loaded debug metadata for module: packages/web/src/dom/pointerlock.dart
[        ] Loaded debug metadata for module: packages/web/src/dom/pointerlock.dart
[        ] MetadataProvider: Loaded debug metadata for module: packages/web/src/dom/fullscreen.dart
[        ] Loaded debug metadata for module: packages/web/src/dom/fullscreen.dart
[        ] MetadataProvider: Loaded debug metadata for module: packages/web/src/dom/css_view_transitions.dart
[        ] Loaded debug metadata for module: packages/web/src/dom/css_view_transitions.dart
[        ] MetadataProvider: Loaded debug metadata for module: packages/web/src/dom/webidl.dart
[        ] Loaded debug metadata for module: packages/web/src/dom/webidl.dart
[        ] MetadataProvider: Loaded debug metadata for module: packages/web/src/dom/webcryptoapi.dart
[        ] Loaded debug metadata for module: packages/web/src/dom/webcryptoapi.dart
[        ] MetadataProvider: Loaded debug metadata for module: packages/web/src/dom/video_rvfc.dart
[        ] Loaded debug metadata for module: packages/web/src/dom/video_rvfc.dart
[        ] MetadataProvider: Loaded debug metadata for module: packages/web/src/dom/vibration.dart
[        ] Loaded debug metadata for module: packages/web/src/dom/vibration.dart
[        ] MetadataProvider: Loaded debug metadata for module: packages/web/src/dom/trusted_types.dart
[        ] Loaded debug metadata for module: packages/web/src/dom/trusted_types.dart
[        ] MetadataProvider: Loaded debug metadata for module: packages/web/src/dom/trust_token_api.dart
[        ] Loaded debug metadata for module: packages/web/src/dom/trust_token_api.dart
[        ] MetadataProvider: Loaded debug metadata for module: packages/web/src/dom/referrer_policy.dart
[        ] Loaded debug metadata for module: packages/web/src/dom/referrer_policy.dart
[        ] MetadataProvider: Loaded debug metadata for module: packages/web/src/dom/private_network_access.dart
[        ] Loaded debug metadata for module: packages/web/src/dom/private_network_access.dart
[        ] MetadataProvider: Loaded debug metadata for module: packages/web/src/dom/attribution_reporting_api.dart
[        ] Loaded debug metadata for module: packages/web/src/dom/attribution_reporting_api.dart
[        ] MetadataProvider: Loaded debug metadata for module: packages/web/src/dom/requestidlecallback.dart
[        ] Loaded debug metadata for module: packages/web/src/dom/requestidlecallback.dart
[        ] MetadataProvider: Loaded debug metadata for module: packages/web/src/dom/mediasession.dart
[        ] Loaded debug metadata for module: packages/web/src/dom/mediasession.dart
[        ] MetadataProvider: Loaded debug metadata for module: packages/web/src/dom/screen_capture.dart
[        ] Loaded debug metadata for module: packages/web/src/dom/screen_capture.dart
[        ] MetadataProvider: Loaded debug metadata for module: packages/web/src/dom/image_capture.dart
[        ] Loaded debug metadata for module: packages/web/src/dom/image_capture.dart
[        ] MetadataProvider: Loaded debug metadata for module: packages/web/src/dom/media_playback_quality.dart
[        ] Loaded debug metadata for module: packages/web/src/dom/media_playback_quality.dart
[        ] MetadataProvider: Loaded debug metadata for module: packages/web/src/dom/entries_api.dart
[        ] Loaded debug metadata for module: packages/web/src/dom/entries_api.dart
[        ] MetadataProvider: Loaded debug metadata for module: packages/web/src/dom/fido.dart
[        ] Loaded debug metadata for module: packages/web/src/dom/fido.dart
[        ] MetadataProvider: Loaded debug metadata for module: packages/web/src/dom/web_otp.dart
[        ] Loaded debug metadata for module: packages/web/src/dom/web_otp.dart
[        ] MetadataProvider: Loaded debug metadata for module: packages/web/src/dom/fedcm.dart
[        ] Loaded debug metadata for module: packages/web/src/dom/fedcm.dart
[        ] MetadataProvider: Loaded debug metadata for module: packages/web/src/dom/digital_identities.dart
[        ] Loaded debug metadata for module: packages/web/src/dom/digital_identities.dart
[        ] MetadataProvider: Loaded debug metadata for module: packages/web/src/dom/webxr_hand_input.dart
[        ] Loaded debug metadata for module: packages/web/src/dom/webxr_hand_input.dart
[        ] MetadataProvider: Loaded debug metadata for module: packages/web/src/dom/webvtt.dart
[        ] Loaded debug metadata for module: packages/web/src/dom/webvtt.dart
[        ] MetadataProvider: Loaded debug metadata for module: packages/web/src/dom/webtransport.dart
[        ] Loaded debug metadata for module: packages/web/src/dom/webtransport.dart
[        ] MetadataProvider: Loaded debug metadata for module: packages/web/src/dom/websockets.dart
[        ] Loaded debug metadata for module: packages/web/src/dom/websockets.dart
[        ] MetadataProvider: Loaded debug metadata for module: packages/web/src/dom/webrtc_priority.dart
[        ] Loaded debug metadata for module: packages/web/src/dom/webrtc_priority.dart
[        ] MetadataProvider: Loaded debug metadata for module: packages/web/src/dom/webrtc_identity.dart
[        ] Loaded debug metadata for module: packages/web/src/dom/webrtc_identity.dart
[        ] MetadataProvider: Loaded debug metadata for module: packages/web/src/dom/webrtc_encoded_transform.dart
[        ] Loaded debug metadata for module: packages/web/src/dom/webrtc_encoded_transform.dart
[        ] MetadataProvider: Loaded debug metadata for module: packages/web/src/dom/webrtc.dart
[        ] Loaded debug metadata for module: packages/web/src/dom/webrtc.dart
[        ] MetadataProvider: Loaded debug metadata for module: packages/web/src/dom/mst_content_hint.dart
[        ] Loaded debug metadata for module: packages/web/src/dom/mst_content_hint.dart
[        ] MetadataProvider: Loaded debug metadata for module: packages/web/src/dom/webgpu.dart
[        ] Loaded debug metadata for module: packages/web/src/dom/webgpu.dart
[        ] MetadataProvider: Loaded debug metadata for module: packages/web/src/dom/webgl_multi_draw.dart
[        ] Loaded debug metadata for module: packages/web/src/dom/webgl_multi_draw.dart
[        ] MetadataProvider: Loaded debug metadata for module: packages/web/src/dom/webgl1.dart
[        ] Loaded debug metadata for module: packages/web/src/dom/webgl1.dart
[        ] MetadataProvider: Loaded debug metadata for module: packages/web/src/dom/webgl_lose_context.dart
[        ] Loaded debug metadata for module: packages/web/src/dom/webgl_lose_context.dart
[        ] MetadataProvider: Loaded debug metadata for module: packages/web/src/dom/webgl_draw_buffers.dart
[        ] Loaded debug metadata for module: packages/web/src/dom/webgl_draw_buffers.dart
[        ] MetadataProvider: Loaded debug metadata for module: packages/web/src/dom/webgl_depth_texture.dart
[        ] Loaded debug metadata for module: packages/web/src/dom/webgl_depth_texture.dart
[        ] MetadataProvider: Loaded debug metadata for module: packages/web/src/dom/webgl_debug_shaders.dart
[        ] Loaded debug metadata for module: packages/web/src/dom/webgl_debug_shaders.dart
[        ] MetadataProvider: Loaded debug metadata for module: packages/web/src/dom/webgl_debug_renderer_info.dart
[        ] Loaded debug metadata for module: packages/web/src/dom/webgl_debug_renderer_info.dart
[        ] MetadataProvider: Loaded debug metadata for module: packages/web/src/dom/webgl_compressed_texture_s3tc_srgb.dart
[        ] Loaded debug metadata for module: packages/web/src/dom/webgl_compressed_texture_s3tc_srgb.dart
[        ] MetadataProvider: Loaded debug metadata for module: packages/web/src/dom/webgl_compressed_texture_s3tc.dart
[        ] Loaded debug metadata for module: packages/web/src/dom/webgl_compressed_texture_s3tc.dart
[        ] MetadataProvider: Loaded debug metadata for module: packages/web/src/dom/webgl_compressed_texture_pvrtc.dart
[        ] Loaded debug metadata for module: packages/web/src/dom/webgl_compressed_texture_pvrtc.dart
[        ] MetadataProvider: Loaded debug metadata for module: packages/web/src/dom/webgl_compressed_texture_etc1.dart
[        ] Loaded debug metadata for module: packages/web/src/dom/webgl_compressed_texture_etc1.dart
[        ] MetadataProvider: Loaded debug metadata for module: packages/web/src/dom/webgl_compressed_texture_etc.dart
[        ] Loaded debug metadata for module: packages/web/src/dom/webgl_compressed_texture_etc.dart
[        ] MetadataProvider: Loaded debug metadata for module: packages/web/src/dom/webgl_compressed_texture_astc.dart
[        ] Loaded debug metadata for module: packages/web/src/dom/webgl_compressed_texture_astc.dart
[        ] MetadataProvider: Loaded debug metadata for module: packages/web/src/dom/webgl_color_buffer_float.dart
[        ] Loaded debug metadata for module: packages/web/src/dom/webgl_color_buffer_float.dart
[        ] MetadataProvider: Loaded debug metadata for module: packages/web/src/dom/webgl2.dart
[        ] Loaded debug metadata for module: packages/web/src/dom/webgl2.dart
[        ] MetadataProvider: Loaded debug metadata for module: packages/web/src/dom/webcodecs_vp9_codec_registration.dart
[        ] Loaded debug metadata for module: packages/web/src/dom/webcodecs_vp9_codec_registration.dart
[        ] MetadataProvider: Loaded debug metadata for module: packages/web/src/dom/webcodecs_hevc_codec_registration.dart
[        ] Loaded debug metadata for module: packages/web/src/dom/webcodecs_hevc_codec_registration.dart
[        ] MetadataProvider: Loaded debug metadata for module: packages/web/src/dom/webcodecs_avc_codec_registration.dart
[        ] Loaded debug metadata for module: packages/web/src/dom/webcodecs_avc_codec_registration.dart
[        ] MetadataProvider: Loaded debug metadata for module: packages/web/src/dom/webcodecs_av1_codec_registration.dart
[        ] Loaded debug metadata for module: packages/web/src/dom/webcodecs_av1_codec_registration.dart
[        ] MetadataProvider: Loaded debug metadata for module: packages/web/src/dom/webcodecs.dart
[        ] Loaded debug metadata for module: packages/web/src/dom/webcodecs.dart
[        ] MetadataProvider: Loaded debug metadata for module: packages/web/src/dom/webaudio.dart
[        ] Loaded debug metadata for module: packages/web/src/dom/webaudio.dart
[        ] MetadataProvider: Loaded debug metadata for module: packages/web/src/dom/web_bluetooth.dart
[        ] Loaded debug metadata for module: packages/web/src/dom/web_bluetooth.dart
[        ] MetadataProvider: Loaded debug metadata for module: packages/web/src/dom/wasm_js_api.dart
[        ] Loaded debug metadata for module: packages/web/src/dom/wasm_js_api.dart
[        ] MetadataProvider: Loaded debug metadata for module: packages/web/src/dom/url.dart
[        ] Loaded debug metadata for module: packages/web/src/dom/url.dart
[        ] MetadataProvider: Loaded debug metadata for module: packages/web/src/dom/touch_events.dart
[        ] Loaded debug metadata for module: packages/web/src/dom/touch_events.dart
[        ] MetadataProvider: Loaded debug metadata for module: packages/web/src/dom/svg_animations.dart
[        ] Loaded debug metadata for module: packages/web/src/dom/svg_animations.dart
[        ] MetadataProvider: Loaded debug metadata for module: packages/web/src/dom/sanitizer_api.dart
[        ] Loaded debug metadata for module: packages/web/src/dom/sanitizer_api.dart
[        ] MetadataProvider: Loaded debug metadata for module: packages/web/src/dom/saa_non_cookie_storage.dart
[        ] Loaded debug metadata for module: packages/web/src/dom/saa_non_cookie_storage.dart
[        ] MetadataProvider: Loaded debug metadata for module: packages/web/src/dom/resize_observer.dart
[        ] Loaded debug metadata for module: packages/web/src/dom/resize_observer.dart
[        ] MetadataProvider: Loaded debug metadata for module: packages/web/src/dom/reporting.dart
[        ] Loaded debug metadata for module: packages/web/src/dom/reporting.dart
[        ] MetadataProvider: Loaded debug metadata for module: packages/web/src/dom/pointerevents.dart
[        ] Loaded debug metadata for module: packages/web/src/dom/pointerevents.dart
[        ] MetadataProvider: Loaded debug metadata for module: packages/web/src/dom/paint_timing.dart
[        ] Loaded debug metadata for module: packages/web/src/dom/paint_timing.dart
[        ] MetadataProvider: Loaded debug metadata for module: packages/web/src/dom/ovr_multiview2.dart
[        ] Loaded debug metadata for module: packages/web/src/dom/ovr_multiview2.dart
[        ] MetadataProvider: Loaded debug metadata for module: packages/web/src/dom/orientation_sensor.dart
[        ] Loaded debug metadata for module: packages/web/src/dom/orientation_sensor.dart
[        ] MetadataProvider: Loaded debug metadata for module: packages/web/src/dom/generic_sensor.dart
[        ] Loaded debug metadata for module: packages/web/src/dom/generic_sensor.dart
[        ] MetadataProvider: Loaded debug metadata for module: packages/web/src/dom/orientation_event.dart
[        ] Loaded debug metadata for module: packages/web/src/dom/orientation_event.dart
[        ] MetadataProvider: Loaded debug metadata for module: packages/web/src/dom/oes_vertex_array_object.dart
[        ] Loaded debug metadata for module: packages/web/src/dom/oes_vertex_array_object.dart
[        ] MetadataProvider: Loaded debug metadata for module: packages/web/src/dom/oes_texture_half_float_linear.dart
[        ] Loaded debug metadata for module: packages/web/src/dom/oes_texture_half_float_linear.dart
[        ] MetadataProvider: Loaded debug metadata for module: packages/web/src/dom/oes_texture_half_float.dart
[        ] Loaded debug metadata for module: packages/web/src/dom/oes_texture_half_float.dart
[        ] MetadataProvider: Loaded debug metadata for module: packages/web/src/dom/oes_texture_float_linear.dart
[        ] Loaded debug metadata for module: packages/web/src/dom/oes_texture_float_linear.dart
[        ] MetadataProvider: Loaded debug metadata for module: packages/web/src/dom/oes_texture_float.dart
[        ] Loaded debug metadata for module: packages/web/src/dom/oes_texture_float.dart
[        ] MetadataProvider: Loaded debug metadata for module: packages/web/src/dom/oes_standard_derivatives.dart
[        ] Loaded debug metadata for module: packages/web/src/dom/oes_standard_derivatives.dart
[        ] MetadataProvider: Loaded debug metadata for module: packages/web/src/dom/oes_fbo_render_mipmap.dart
[        ] Loaded debug metadata for module: packages/web/src/dom/oes_fbo_render_mipmap.dart
[        ] MetadataProvider: Loaded debug metadata for module: packages/web/src/dom/oes_element_index_uint.dart
[        ] Loaded debug metadata for module: packages/web/src/dom/oes_element_index_uint.dart
[        ] MetadataProvider: Loaded debug metadata for module: packages/web/src/dom/oes_draw_buffers_indexed.dart
[        ] Loaded debug metadata for module: packages/web/src/dom/oes_draw_buffers_indexed.dart
[        ] MetadataProvider: Loaded debug metadata for module: packages/web/src/dom/mediastream_recording.dart
[        ] Loaded debug metadata for module: packages/web/src/dom/mediastream_recording.dart
[        ] MetadataProvider: Loaded debug metadata for module: packages/web/src/dom/mediacapture_transform.dart
[        ] Loaded debug metadata for module: packages/web/src/dom/mediacapture_transform.dart
[        ] MetadataProvider: Loaded debug metadata for module: packages/web/src/dom/mediacapture_fromelement.dart
[        ] Loaded debug metadata for module: packages/web/src/dom/mediacapture_fromelement.dart
[        ] MetadataProvider: Loaded debug metadata for module: packages/web/src/dom/mathml_core.dart
[        ] Loaded debug metadata for module: packages/web/src/dom/mathml_core.dart
[        ] MetadataProvider: Loaded debug metadata for module: packages/web/src/dom/largest_contentful_paint.dart
[   +2 ms] Loaded debug metadata for module: packages/web/src/dom/largest_contentful_paint.dart
[        ] MetadataProvider: Loaded debug metadata for module: packages/web/src/dom/khr_parallel_shader_compile.dart
[        ] Loaded debug metadata for module: packages/web/src/dom/khr_parallel_shader_compile.dart
[        ] MetadataProvider: Loaded debug metadata for module: packages/web/src/dom/intersection_observer.dart
[        ] Loaded debug metadata for module: packages/web/src/dom/intersection_observer.dart
[        ] MetadataProvider: Loaded debug metadata for module: packages/web/src/dom/gyroscope.dart
[        ] Loaded debug metadata for module: packages/web/src/dom/gyroscope.dart
[        ] MetadataProvider: Loaded debug metadata for module: packages/web/src/dom/filter_effects.dart
[        ] Loaded debug metadata for module: packages/web/src/dom/filter_effects.dart
[        ] MetadataProvider: Loaded debug metadata for module: packages/web/src/dom/ext_texture_norm16.dart
[        ] Loaded debug metadata for module: packages/web/src/dom/ext_texture_norm16.dart
[        ] MetadataProvider: Loaded debug metadata for module: packages/web/src/dom/ext_texture_filter_anisotropic.dart
[        ] Loaded debug metadata for module: packages/web/src/dom/ext_texture_filter_anisotropic.dart
[        ] MetadataProvider: Loaded debug metadata for module: packages/web/src/dom/ext_texture_compression_rgtc.dart
[        ] Loaded debug metadata for module: packages/web/src/dom/ext_texture_compression_rgtc.dart
[        ] MetadataProvider: Loaded debug metadata for module: packages/web/src/dom/ext_texture_compression_bptc.dart
[        ] Loaded debug metadata for module: packages/web/src/dom/ext_texture_compression_bptc.dart
[        ] MetadataProvider: Loaded debug metadata for module: packages/web/src/dom/ext_srgb.dart
[        ] Loaded debug metadata for module: packages/web/src/dom/ext_srgb.dart
[        ] MetadataProvider: Loaded debug metadata for module: packages/web/src/dom/ext_shader_texture_lod.dart
[        ] Loaded debug metadata for module: packages/web/src/dom/ext_shader_texture_lod.dart
[        ] MetadataProvider: Loaded debug metadata for module: packages/web/src/dom/ext_frag_depth.dart
[        ] Loaded debug metadata for module: packages/web/src/dom/ext_frag_depth.dart
[        ] MetadataProvider: Loaded debug metadata for module: packages/web/src/dom/ext_float_blend.dart
[        ] Loaded debug metadata for module: packages/web/src/dom/ext_float_blend.dart
[        ] MetadataProvider: Loaded debug metadata for module: packages/web/src/dom/ext_disjoint_timer_query_webgl2.dart
[        ] Loaded debug metadata for module: packages/web/src/dom/ext_disjoint_timer_query_webgl2.dart
[        ] MetadataProvider: Loaded debug metadata for module: packages/web/src/dom/ext_disjoint_timer_query.dart
[        ] Loaded debug metadata for module: packages/web/src/dom/ext_disjoint_timer_query.dart
[        ] MetadataProvider: Loaded debug metadata for module: packages/web/src/dom/ext_color_buffer_half_float.dart
[        ] Loaded debug metadata for module: packages/web/src/dom/ext_color_buffer_half_float.dart
[        ] MetadataProvider: Loaded debug metadata for module: packages/web/src/dom/ext_color_buffer_float.dart
[        ] Loaded debug metadata for module: packages/web/src/dom/ext_color_buffer_float.dart
[        ] MetadataProvider: Loaded debug metadata for module: packages/web/src/dom/ext_blend_minmax.dart
[        ] Loaded debug metadata for module: packages/web/src/dom/ext_blend_minmax.dart
[        ] MetadataProvider: Loaded debug metadata for module: packages/web/src/dom/encoding.dart
[        ] Loaded debug metadata for module: packages/web/src/dom/encoding.dart
[        ] MetadataProvider: Loaded debug metadata for module: packages/web/src/dom/dom_parsing.dart
[        ] Loaded debug metadata for module: packages/web/src/dom/dom_parsing.dart
[        ] MetadataProvider: Loaded debug metadata for module: packages/web/src/dom/css_view_transitions_2.dart
[        ] Loaded debug metadata for module: packages/web/src/dom/css_view_transitions_2.dart
[        ] MetadataProvider: Loaded debug metadata for module: packages/web/src/dom/css_transitions_2.dart
[        ] Loaded debug metadata for module: packages/web/src/dom/css_transitions_2.dart
[        ] MetadataProvider: Loaded debug metadata for module: packages/web/src/dom/css_transitions.dart
[        ] Loaded debug metadata for module: packages/web/src/dom/css_transitions.dart
[        ] MetadataProvider: Loaded debug metadata for module: packages/web/src/dom/css_paint_api.dart
[        ] Loaded debug metadata for module: packages/web/src/dom/css_paint_api.dart
[        ] MetadataProvider: Loaded debug metadata for module: packages/web/src/dom/css_masking.dart
[        ] Loaded debug metadata for module: packages/web/src/dom/css_masking.dart
[        ] MetadataProvider: Loaded debug metadata for module: packages/web/src/dom/css_fonts.dart
[        ] Loaded debug metadata for module: packages/web/src/dom/css_fonts.dart
[        ] MetadataProvider: Loaded debug metadata for module: packages/web/src/dom/css_counter_styles.dart
[        ] Loaded debug metadata for module: packages/web/src/dom/css_counter_styles.dart
[        ] MetadataProvider: Loaded debug metadata for module: packages/web/src/dom/css_contain.dart
[        ] Loaded debug metadata for module: packages/web/src/dom/css_contain.dart
[        ] MetadataProvider: Loaded debug metadata for module: packages/web/src/dom/css_conditional_5.dart
[        ] Loaded debug metadata for module: packages/web/src/dom/css_conditional_5.dart
[        ] MetadataProvider: Loaded debug metadata for module: packages/web/src/dom/css_conditional.dart
[        ] Loaded debug metadata for module: packages/web/src/dom/css_conditional.dart
[        ] MetadataProvider: Loaded debug metadata for module: packages/web/src/dom/css_cascade_6.dart
[        ] Loaded debug metadata for module: packages/web/src/dom/css_cascade_6.dart
[        ] MetadataProvider: Loaded debug metadata for module: packages/web/src/dom/css_cascade.dart
[        ] Loaded debug metadata for module: packages/web/src/dom/css_cascade.dart
[        ] MetadataProvider: Loaded debug metadata for module: packages/web/src/dom/css_animations_2.dart
[        ] Loaded debug metadata for module: packages/web/src/dom/css_animations_2.dart
[        ] MetadataProvider: Loaded debug metadata for module: packages/web/src/dom/css_animations.dart
[        ] Loaded debug metadata for module: packages/web/src/dom/css_animations.dart
[        ] MetadataProvider: Loaded debug metadata for module: packages/web/src/dom/csp.dart
[        ] Loaded debug metadata for module: packages/web/src/dom/csp.dart
[        ] MetadataProvider: Loaded debug metadata for module: packages/web/src/dom/cookie_store.dart
[        ] Loaded debug metadata for module: packages/web/src/dom/cookie_store.dart
[        ] MetadataProvider: Loaded debug metadata for module: packages/web/src/dom/console.dart
[        ] Loaded debug metadata for module: packages/web/src/dom/console.dart
[        ] MetadataProvider: Loaded debug metadata for module: packages/web/src/dom/compression.dart
[        ] Loaded debug metadata for module: packages/web/src/dom/compression.dart
[        ] MetadataProvider: Loaded debug metadata for module: packages/web/src/dom/angle_instanced_arrays.dart
[        ] Loaded debug metadata for module: packages/web/src/dom/angle_instanced_arrays.dart
[        ] MetadataProvider: Loaded debug metadata for module: packages/web/src/dom/accelerometer.dart
[        ] Loaded debug metadata for module: packages/web/src/dom/accelerometer.dart
[        ] MetadataProvider: Loaded debug metadata for module: packages/web/src/helpers/enums.dart
[        ] Loaded debug metadata for module: packages/web/src/helpers/enums.dart
[        ] MetadataProvider: Loaded debug metadata for module: packages/web/src/helpers/extensions.dart
[        ] Loaded debug metadata for module: packages/web/src/helpers/extensions.dart
[        ] MetadataProvider: Loaded debug metadata for module: packages/web/src/helpers/cross_origin.dart
[        ] Loaded debug metadata for module: packages/web/src/helpers/cross_origin.dart
[        ] MetadataProvider: Loaded debug metadata for module: packages/image_picker_for_web/src/image_resizer.dart
[        ] Loaded debug metadata for module: packages/image_picker_for_web/src/image_resizer.dart
[        ] MetadataProvider: Loaded debug metadata for module: packages/image_picker_for_web/src/image_resizer_utils.dart
[        ] Loaded debug metadata for module: packages/image_picker_for_web/src/image_resizer_utils.dart
[        ] MetadataProvider: Loaded debug metadata for module: packages/flutter/material.dart
[        ] Loaded debug metadata for module: packages/flutter/material.dart
[   +1 ms] MetadataProvider: Loaded debug metadata for module: packages/flutter/src/cupertino/text_form_field_row.dart
[        ] Loaded debug metadata for module: packages/flutter/src/cupertino/text_form_field_row.dart
[        ] MetadataProvider: Loaded debug metadata for module: packages/flutter/painting.dart
[        ] Loaded debug metadata for module: packages/flutter/painting.dart
[        ] MetadataProvider: Loaded debug metadata for module: packages/flutter/src/painting/placeholder_span.dart
[        ] Loaded debug metadata for module: packages/flutter/src/painting/placeholder_span.dart
[        ] MetadataProvider: Loaded debug metadata for module: packages/flutter/src/painting/text_scaler.dart
[        ] Loaded debug metadata for module: packages/flutter/src/painting/text_scaler.dart
[        ] MetadataProvider: Loaded debug metadata for module: packages/flutter/src/painting/basic_types.dart
[        ] Loaded debug metadata for module: packages/flutter/src/painting/basic_types.dart
[        ] MetadataProvider: Loaded debug metadata for module: packages/flutter/src/painting/colors.dart
[        ] Loaded debug metadata for module: packages/flutter/src/painting/colors.dart
[        ] MetadataProvider: Loaded debug metadata for module: packages/flutter/src/painting/star_border.dart
[        ] Loaded debug metadata for module: packages/flutter/src/painting/star_border.dart
[        ] MetadataProvider: Loaded debug metadata for module: packages/flutter/src/painting/stadium_border.dart
[        ] Loaded debug metadata for module: packages/flutter/src/painting/stadium_border.dart
[        ] MetadataProvider: Loaded debug metadata for module: packages/flutter/src/painting/rounded_rectangle_border.dart
[        ] Loaded debug metadata for module: packages/flutter/src/painting/rounded_rectangle_border.dart
[        ] MetadataProvider: Loaded debug metadata for module: packages/flutter/src/painting/circle_border.dart
[        ] Loaded debug metadata for module: packages/flutter/src/painting/circle_border.dart
[        ] MetadataProvider: Loaded debug metadata for module: packages/flutter/src/painting/borders.dart
[        ] Loaded debug metadata for module: packages/flutter/src/painting/borders.dart
[        ] MetadataProvider: Loaded debug metadata for module: packages/flutter/src/painting/edge_insets.dart
[        ] Loaded debug metadata for module: packages/flutter/src/painting/edge_insets.dart
[        ] MetadataProvider: Loaded debug metadata for module: packages/flutter/src/painting/debug.dart
[        ] Loaded debug metadata for module: packages/flutter/src/painting/debug.dart
[        ] MetadataProvider: Loaded debug metadata for module: packages/flutter/src/painting/border_radius.dart
[        ] Loaded debug metadata for module: packages/flutter/src/painting/border_radius.dart
[        ] MetadataProvider: Loaded debug metadata for module: packages/flutter/src/painting/shape_decoration.dart
[        ] Loaded debug metadata for module: packages/flutter/src/painting/shape_decoration.dart
[        ] MetadataProvider: Loaded debug metadata for module: packages/flutter/src/painting/_network_image_web.dart
[        ] Loaded debug metadata for module: packages/flutter/src/painting/_network_image_web.dart
[        ] MetadataProvider: Loaded debug metadata for module: packages/flutter/src/painting/image_stream.dart
[        ] Loaded debug metadata for module: packages/flutter/src/painting/image_stream.dart
[        ] MetadataProvider: Loaded debug metadata for module: packages/flutter/src/painting/image_cache.dart
[        ] Loaded debug metadata for module: packages/flutter/src/painting/image_cache.dart
[        ] MetadataProvider: Loaded debug metadata for module: packages/flutter/src/painting/binding.dart
[        ] Loaded debug metadata for module: packages/flutter/src/painting/binding.dart
[        ] MetadataProvider: Loaded debug metadata for module: packages/flutter/src/painting/shader_warm_up.dart
[        ] Loaded debug metadata for module: packages/flutter/src/painting/shader_warm_up.dart
[        ] MetadataProvider: Loaded debug metadata for module: packages/flutter/src/painting/_web_image_info_web.dart
[        ] Loaded debug metadata for module: packages/flutter/src/painting/_web_image_info_web.dart
[        ] MetadataProvider: Loaded debug metadata for module: packages/flutter/src/painting/gradient.dart
[        ] Loaded debug metadata for module: packages/flutter/src/painting/gradient.dart
[        ] MetadataProvider: Loaded debug metadata for module: packages/flutter/src/painting/alignment.dart
[        ] Loaded debug metadata for module: packages/flutter/src/painting/alignment.dart
[        ] MetadataProvider: Loaded debug metadata for module: packages/flutter/src/painting/decoration_image.dart
[        ] Loaded debug metadata for module: packages/flutter/src/painting/decoration_image.dart
[        ] MetadataProvider: Loaded debug metadata for module: packages/flutter/src/painting/box_fit.dart
[        ] Loaded debug metadata for module: packages/flutter/src/painting/box_fit.dart
[        ] MetadataProvider: Loaded debug metadata for module: packages/flutter/src/painting/decoration.dart
[        ] Loaded debug metadata for module: packages/flutter/src/painting/decoration.dart
[        ] MetadataProvider: Loaded debug metadata for module: packages/flutter/src/painting/box_shadow.dart
[        ] Loaded debug metadata for module: packages/flutter/src/painting/box_shadow.dart
[        ] MetadataProvider: Loaded debug metadata for module: packages/flutter/src/painting/box_decoration.dart
[        ] Loaded debug metadata for module: packages/flutter/src/painting/box_decoration.dart
[        ] MetadataProvider: Loaded debug metadata for module: packages/flutter/src/painting/box_border.dart
[        ] Loaded debug metadata for module: packages/flutter/src/painting/box_border.dart
[        ] MetadataProvider: Loaded debug metadata for module: packages/flutter/src/painting/paint_utilities.dart
[        ] Loaded debug metadata for module: packages/flutter/src/painting/paint_utilities.dart
[        ] MetadataProvider: Loaded debug metadata for module: packages/flutter/src/painting/oval_border.dart
[        ] Loaded debug metadata for module: packages/flutter/src/painting/oval_border.dart
[        ] MetadataProvider: Loaded debug metadata for module: packages/flutter/src/painting/notched_shapes.dart
[        ] Loaded debug metadata for module: packages/flutter/src/painting/notched_shapes.dart
[        ] MetadataProvider: Loaded debug metadata for module: packages/flutter/src/painting/matrix_utils.dart
[        ] Loaded debug metadata for module: packages/flutter/src/painting/matrix_utils.dart
[        ] MetadataProvider: Loaded debug metadata for module: packages/flutter/src/painting/linear_border.dart
[        ] Loaded debug metadata for module: packages/flutter/src/painting/linear_border.dart
[        ] MetadataProvider: Loaded debug metadata for module: packages/flutter/src/painting/image_resolution.dart
[        ] Loaded debug metadata for module: packages/flutter/src/painting/image_resolution.dart
[        ] MetadataProvider: Loaded debug metadata for module: packages/flutter/src/painting/image_decoder.dart
[        ] Loaded debug metadata for module: packages/flutter/src/painting/image_decoder.dart
[        ] MetadataProvider: Loaded debug metadata for module: packages/flutter/src/painting/geometry.dart
[        ] Loaded debug metadata for module: packages/flutter/src/painting/geometry.dart
[        ] MetadataProvider: Loaded debug metadata for module: packages/flutter/src/painting/fractional_offset.dart
[        ] Loaded debug metadata for module: packages/flutter/src/painting/fractional_offset.dart
[        ] MetadataProvider: Loaded debug metadata for module: packages/flutter/src/painting/flutter_logo.dart
[        ] Loaded debug metadata for module: packages/flutter/src/painting/flutter_logo.dart
[        ] MetadataProvider: Loaded debug metadata for module: packages/flutter/src/painting/continuous_rectangle_border.dart
[        ] Loaded debug metadata for module: packages/flutter/src/painting/continuous_rectangle_border.dart
[        ] MetadataProvider: Loaded debug metadata for module: packages/flutter/src/painting/clip.dart
[        ] Loaded debug metadata for module: packages/flutter/src/painting/clip.dart
[        ] MetadataProvider: Loaded debug metadata for module: packages/flutter/src/painting/beveled_rectangle_border.dart
[        ] Loaded debug metadata for module: packages/flutter/src/painting/beveled_rectangle_border.dart
[        ] MetadataProvider: Loaded debug metadata for module: packages/flutter/src/rendering/service_extensions.dart
[        ] Loaded debug metadata for module: packages/flutter/src/rendering/service_extensions.dart
[        ] MetadataProvider: Loaded debug metadata for module: packages/flutter/semantics.dart
[        ] Loaded debug metadata for module: packages/flutter/semantics.dart
[        ] MetadataProvider: Loaded debug metadata for module: packages/flutter/src/semantics/semantics_service.dart
[        ] Loaded debug metadata for module: packages/flutter/src/semantics/semantics_service.dart
[        ] MetadataProvider: Loaded debug metadata for module: packages/flutter/src/semantics/semantics_event.dart
[        ] Loaded debug metadata for module: packages/flutter/src/semantics/semantics_event.dart
[        ] MetadataProvider: Loaded debug metadata for module: packages/flutter/src/semantics/semantics.dart
[        ] Loaded debug metadata for module: packages/flutter/src/semantics/semantics.dart
[        ] MetadataProvider: Loaded debug metadata for module: packages/flutter/src/semantics/binding.dart
[        ] Loaded debug metadata for module: packages/flutter/src/semantics/binding.dart
[        ] MetadataProvider: Loaded debug metadata for module: packages/flutter/src/semantics/debug.dart
[        ] Loaded debug metadata for module: packages/flutter/src/semantics/debug.dart
[        ] MetadataProvider: Loaded debug metadata for module: packages/flutter/src/widgets/service_extensions.dart
[        ] Loaded debug metadata for module: packages/flutter/src/widgets/service_extensions.dart
[        ] MetadataProvider: Loaded debug metadata for module: packages/flutter/physics.dart
[        ] Loaded debug metadata for module: packages/flutter/physics.dart
[        ] MetadataProvider: Loaded debug metadata for module: packages/flutter/src/physics/utils.dart
[        ] Loaded debug metadata for module: packages/flutter/src/physics/utils.dart
[        ] MetadataProvider: Loaded debug metadata for module: packages/flutter/src/physics/tolerance.dart
[        ] Loaded debug metadata for module: packages/flutter/src/physics/tolerance.dart
[        ] MetadataProvider: Loaded debug metadata for module: packages/flutter/src/physics/spring_simulation.dart
[        ] Loaded debug metadata for module: packages/flutter/src/physics/spring_simulation.dart
[        ] MetadataProvider: Loaded debug metadata for module: packages/flutter/src/physics/simulation.dart
[        ] Loaded debug metadata for module: packages/flutter/src/physics/simulation.dart
[        ] MetadataProvider: Loaded debug metadata for module: packages/flutter/src/physics/gravity_simulation.dart
[        ] Loaded debug metadata for module: packages/flutter/src/physics/gravity_simulation.dart
[        ] MetadataProvider: Loaded debug metadata for module: packages/flutter/src/physics/friction_simulation.dart
[        ] Loaded debug metadata for module: packages/flutter/src/physics/friction_simulation.dart
[        ] MetadataProvider: Loaded debug metadata for module: packages/flutter/src/physics/clamped_simulation.dart
[        ] Loaded debug metadata for module: packages/flutter/src/physics/clamped_simulation.dart
[        ] MetadataProvider: Loaded debug metadata for module: packages/flutter/src/widgets/scroll_simulation.dart
[        ] Loaded debug metadata for module: packages/flutter/src/widgets/scroll_simulation.dart
[        ] MetadataProvider: Loaded debug metadata for module: packages/flutter/src/widgets/constants.dart
[        ] Loaded debug metadata for module: packages/flutter/src/widgets/constants.dart
[        ] MetadataProvider: Loaded debug metadata for module: packages/flutter/src/widgets/_web_browser_detection_web.dart
[        ] Loaded debug metadata for module: packages/flutter/src/widgets/_web_browser_detection_web.dart
[        ] MetadataProvider: Loaded debug metadata for module: packages/flutter/src/foundation/_features.dart
[        ] Loaded debug metadata for module: packages/flutter/src/foundation/_features.dart
[        ] MetadataProvider: Loaded debug metadata for module: packages/flutter/src/widgets/icon_data.dart
[        ] Loaded debug metadata for module: packages/flutter/src/widgets/icon_data.dart
[        ] MetadataProvider: Loaded debug metadata for module: packages/flutter/src/rendering/table_border.dart
[        ] Loaded debug metadata for module: packages/flutter/src/rendering/table_border.dart
[        ] MetadataProvider: Loaded debug metadata for module: packages/flutter/src/rendering/image_filter_config.dart
[        ] Loaded debug metadata for module: packages/flutter/src/rendering/image_filter_config.dart
[        ] MetadataProvider: Loaded debug metadata for module: packages/flutter/src/widgets/standard_component_type.dart
[        ] Loaded debug metadata for module: packages/flutter/src/widgets/standard_component_type.dart
[        ] MetadataProvider: Loaded debug metadata for module: packages/flutter/src/widgets/date.dart
[        ] Loaded debug metadata for module: packages/flutter/src/widgets/date.dart
[        ] MetadataProvider: Loaded debug metadata for module: packages/flutter/src/material/user_accounts_drawer_header.dart
[        ] Loaded debug metadata for module: packages/flutter/src/material/user_accounts_drawer_header.dart
[        ] MetadataProvider: Loaded debug metadata for module: packages/flutter/src/material/time.dart
[        ] Loaded debug metadata for module: packages/flutter/src/material/time.dart
[        ] MetadataProvider: Loaded debug metadata for module: packages/flutter/src/material/colors.dart
[        ] Loaded debug metadata for module: packages/flutter/src/material/colors.dart
[        ] MetadataProvider: Loaded debug metadata for module: packages/material_color_utilities/material_color_utilities.dart
[        ] Loaded debug metadata for module: packages/material_color_utilities/material_color_utilities.dart
[        ] MetadataProvider: Loaded debug metadata for module: packages/material_color_utilities/utils/string_utils.dart
[        ] Loaded debug metadata for module: packages/material_color_utilities/utils/string_utils.dart
[        ] MetadataProvider: Loaded debug metadata for module: packages/material_color_utilities/utils/color_utils.dart
[        ] Loaded debug metadata for module: packages/material_color_utilities/utils/color_utils.dart
[        ] MetadataProvider: Loaded debug metadata for module: packages/material_color_utilities/utils/math_utils.dart
[        ] Loaded debug metadata for module: packages/material_color_utilities/utils/math_utils.dart
[        ] MetadataProvider: Loaded debug metadata for module: packages/material_color_utilities/temperature/temperature_cache.dart
[        ] Loaded debug metadata for module: packages/material_color_utilities/temperature/temperature_cache.dart
[        ] MetadataProvider: Loaded debug metadata for module: packages/material_color_utilities/hct/hct.dart
[        ] Loaded debug metadata for module: packages/material_color_utilities/hct/hct.dart
[        ] MetadataProvider: Loaded debug metadata for module: packages/material_color_utilities/hct/viewing_conditions.dart
[        ] Loaded debug metadata for module: packages/material_color_utilities/hct/viewing_conditions.dart
[        ] MetadataProvider: Loaded debug metadata for module: packages/material_color_utilities/hct/src/hct_solver.dart
[        ] Loaded debug metadata for module: packages/material_color_utilities/hct/src/hct_solver.dart
[        ] MetadataProvider: Loaded debug metadata for module: packages/material_color_utilities/hct/cam16.dart
[        ] Loaded debug metadata for module: packages/material_color_utilities/hct/cam16.dart
[        ] MetadataProvider: Loaded debug metadata for module: packages/material_color_utilities/score/score.dart
[        ] Loaded debug metadata for module: packages/material_color_utilities/score/score.dart
[        ] MetadataProvider: Loaded debug metadata for module: packages/material_color_utilities/scheme/scheme_vibrant.dart
[        ] Loaded debug metadata for module: packages/material_color_utilities/scheme/scheme_vibrant.dart
[        ] MetadataProvider: Loaded debug metadata for module: packages/material_color_utilities/palettes/tonal_palette.dart
[        ] Loaded debug metadata for module: packages/material_color_utilities/palettes/tonal_palette.dart
[        ] MetadataProvider: Loaded debug metadata for module: packages/material_color_utilities/dynamiccolor/variant.dart
[        ] Loaded debug metadata for module: packages/material_color_utilities/dynamiccolor/variant.dart
[        ] MetadataProvider: Loaded debug metadata for module: packages/material_color_utilities/dynamiccolor/src/tone_delta_pair.dart
[        ] Loaded debug metadata for module: packages/material_color_utilities/dynamiccolor/src/tone_delta_pair.dart
[        ] MetadataProvider: Loaded debug metadata for module: packages/material_color_utilities/dynamiccolor/src/contrast_curve.dart
[        ] Loaded debug metadata for module: packages/material_color_utilities/dynamiccolor/src/contrast_curve.dart
[        ] MetadataProvider: Loaded debug metadata for module: packages/material_color_utilities/contrast/contrast.dart
[        ] Loaded debug metadata for module: packages/material_color_utilities/contrast/contrast.dart
[        ] MetadataProvider: Loaded debug metadata for module: packages/material_color_utilities/dislike/dislike_analyzer.dart
[        ] Loaded debug metadata for module: packages/material_color_utilities/dislike/dislike_analyzer.dart
[        ] MetadataProvider: Loaded debug metadata for module: packages/material_color_utilities/scheme/scheme_tonal_spot.dart
[        ] Loaded debug metadata for module: packages/material_color_utilities/scheme/scheme_tonal_spot.dart
[        ] MetadataProvider: Loaded debug metadata for module: packages/material_color_utilities/scheme/scheme_rainbow.dart
[        ] Loaded debug metadata for module: packages/material_color_utilities/scheme/scheme_rainbow.dart
[        ] MetadataProvider: Loaded debug metadata for module: packages/material_color_utilities/scheme/scheme_neutral.dart
[        ] Loaded debug metadata for module: packages/material_color_utilities/scheme/scheme_neutral.dart
[        ] MetadataProvider: Loaded debug metadata for module: packages/material_color_utilities/scheme/scheme_monochrome.dart
[        ] Loaded debug metadata for module: packages/material_color_utilities/scheme/scheme_monochrome.dart
[        ] MetadataProvider: Loaded debug metadata for module: packages/material_color_utilities/scheme/scheme_fruit_salad.dart
[        ] Loaded debug metadata for module: packages/material_color_utilities/scheme/scheme_fruit_salad.dart
[        ] MetadataProvider: Loaded debug metadata for module: packages/material_color_utilities/scheme/scheme_fidelity.dart
[        ] Loaded debug metadata for module: packages/material_color_utilities/scheme/scheme_fidelity.dart
[        ] MetadataProvider: Loaded debug metadata for module: packages/material_color_utilities/scheme/scheme_expressive.dart
[        ] Loaded debug metadata for module: packages/material_color_utilities/scheme/scheme_expressive.dart
[        ] MetadataProvider: Loaded debug metadata for module: packages/material_color_utilities/scheme/scheme_content.dart
[        ] Loaded debug metadata for module: packages/material_color_utilities/scheme/scheme_content.dart
[        ] MetadataProvider: Loaded debug metadata for module: packages/material_color_utilities/scheme/scheme.dart
[        ] Loaded debug metadata for module: packages/material_color_utilities/scheme/scheme.dart
[        ] MetadataProvider: Loaded debug metadata for module: packages/material_color_utilities/palettes/core_palette.dart
[        ] Loaded debug metadata for module: packages/material_color_utilities/palettes/core_palette.dart
[        ] MetadataProvider: Loaded debug metadata for module: packages/material_color_utilities/quantize/quantizer_wu.dart
[        ] Loaded debug metadata for module: packages/material_color_utilities/quantize/quantizer_wu.dart
[        ] MetadataProvider: Loaded debug metadata for module: packages/material_color_utilities/quantize/quantizer_map.dart
[        ] Loaded debug metadata for module: packages/material_color_utilities/quantize/quantizer_map.dart
[        ] MetadataProvider: Loaded debug metadata for module: packages/material_color_utilities/quantize/quantizer.dart
[        ] Loaded debug metadata for module: packages/material_color_utilities/quantize/quantizer.dart
[        ] MetadataProvider: Loaded debug metadata for module: packages/material_color_utilities/quantize/quantizer_wsmeans.dart
[        ] Loaded debug metadata for module: packages/material_color_utilities/quantize/quantizer_wsmeans.dart
[        ] MetadataProvider: Loaded debug metadata for module: packages/material_color_utilities/quantize/src/point_provider_lab.dart
[        ] Loaded debug metadata for module: packages/material_color_utilities/quantize/src/point_provider_lab.dart
[        ] MetadataProvider: Loaded debug metadata for module: packages/material_color_utilities/quantize/src/point_provider.dart
[        ] Loaded debug metadata for module: packages/material_color_utilities/quantize/src/point_provider.dart
[        ] MetadataProvider: Loaded debug metadata for module: packages/material_color_utilities/quantize/quantizer_celebi.dart
[        ] Loaded debug metadata for module: packages/material_color_utilities/quantize/quantizer_celebi.dart
[        ] MetadataProvider: Loaded debug metadata for module: packages/material_color_utilities/blend/blend.dart
[        ] Loaded debug metadata for module: packages/material_color_utilities/blend/blend.dart
[        ] MetadataProvider: Loaded debug metadata for module: packages/flutter/src/material/material_state.dart
[        ] Loaded debug metadata for module: packages/flutter/src/material/material_state.dart
[        ] MetadataProvider: Loaded debug metadata for module: packages/flutter/src/material/input_border.dart
[        ] Loaded debug metadata for module: packages/flutter/src/material/input_border.dart
[        ] MetadataProvider: Loaded debug metadata for module: packages/flutter/src/material/constants.dart
[        ] Loaded debug metadata for module: packages/flutter/src/material/constants.dart
[        ] MetadataProvider: Loaded debug metadata for module: packages/flutter/src/material/tooltip_visibility.dart
[        ] Loaded debug metadata for module: packages/flutter/src/material/tooltip_visibility.dart
[        ] MetadataProvider: Loaded debug metadata for module: packages/flutter/src/material/icons.dart
[        ] Loaded debug metadata for module: packages/flutter/src/material/icons.dart
[        ] MetadataProvider: Loaded debug metadata for module: packages/flutter/src/material/material_state_mixin.dart
[        ] Loaded debug metadata for module: packages/flutter/src/material/material_state_mixin.dart
[        ] MetadataProvider: Loaded debug metadata for module: packages/flutter/src/material/curves.dart
[        ] Loaded debug metadata for module: packages/flutter/src/material/curves.dart
[        ] MetadataProvider: Loaded debug metadata for module: packages/flutter/src/material/motion.dart
[        ] Loaded debug metadata for module: packages/flutter/src/material/motion.dart
[        ] MetadataProvider: Loaded debug metadata for module: packages/flutter/src/material/bottom_sheet_theme.dart
[        ] Loaded debug metadata for module: packages/flutter/src/material/bottom_sheet_theme.dart
[        ] MetadataProvider: Loaded debug metadata for module: packages/flutter/src/material/tab_indicator.dart
[        ] Loaded debug metadata for module: packages/flutter/src/material/tab_indicator.dart
[        ] MetadataProvider: Loaded debug metadata for module: packages/flutter/src/material/tab_controller.dart
[        ] Loaded debug metadata for module: packages/flutter/src/material/tab_controller.dart
[        ] MetadataProvider: Loaded debug metadata for module: packages/flutter/src/material/drawer_header.dart
[        ] Loaded debug metadata for module: packages/flutter/src/material/drawer_header.dart
[        ] MetadataProvider: Loaded debug metadata for module: packages/flutter/src/material/toggle_buttons.dart
[        ] Loaded debug metadata for module: packages/flutter/src/material/toggle_buttons.dart
[        ] MetadataProvider: Loaded debug metadata for module: packages/flutter/src/material/time_picker.dart
[        ] Loaded debug metadata for module: packages/flutter/src/material/time_picker.dart
[        ] MetadataProvider: Loaded debug metadata for module: packages/flutter/src/material/text_form_field.dart
[        ] Loaded debug metadata for module: packages/flutter/src/material/text_form_field.dart
[        ] MetadataProvider: Loaded debug metadata for module: packages/flutter/src/material/text_field.dart
[        ] Loaded debug metadata for module: packages/flutter/src/material/text_field.dart
[        ] MetadataProvider: Loaded debug metadata for module: packages/flutter/src/material/text_selection.dart
[        ] Loaded debug metadata for module: packages/flutter/src/material/text_selection.dart
[        ] MetadataProvider: Loaded debug metadata for module: packages/flutter/src/material/text_selection_toolbar_text_button.dart
[        ] Loaded debug metadata for module: packages/flutter/src/material/text_selection_toolbar_text_button.dart
[        ] MetadataProvider: Loaded debug metadata for module: packages/flutter/src/material/text_selection_toolbar.dart
[        ] Loaded debug metadata for module: packages/flutter/src/material/text_selection_toolbar.dart
[        ] MetadataProvider: Loaded debug metadata for module: packages/flutter/src/material/spell_check_suggestions_toolbar.dart
[        ] Loaded debug metadata for module: packages/flutter/src/material/spell_check_suggestions_toolbar.dart
[        ] MetadataProvider: Loaded debug metadata for module: packages/flutter/src/material/spell_check_suggestions_toolbar_layout_delegate.dart
[        ] Loaded debug metadata for module: packages/flutter/src/material/spell_check_suggestions_toolbar_layout_delegate.dart
[        ] MetadataProvider: Loaded debug metadata for module: packages/flutter/src/material/adaptive_text_selection_toolbar.dart
[        ] Loaded debug metadata for module: packages/flutter/src/material/adaptive_text_selection_toolbar.dart
[        ] MetadataProvider: Loaded debug metadata for module: packages/flutter/src/material/desktop_text_selection_toolbar_button.dart
[        ] Loaded debug metadata for module: packages/flutter/src/material/desktop_text_selection_toolbar_button.dart
[        ] MetadataProvider: Loaded debug metadata for module: packages/flutter/src/material/desktop_text_selection_toolbar.dart
[        ] Loaded debug metadata for module: packages/flutter/src/material/desktop_text_selection_toolbar.dart
[        ] MetadataProvider: Loaded debug metadata for module: packages/flutter/src/material/selectable_text.dart
[        ] Loaded debug metadata for module: packages/flutter/src/material/selectable_text.dart
[        ] MetadataProvider: Loaded debug metadata for module: packages/flutter/src/material/magnifier.dart
[        ] Loaded debug metadata for module: packages/flutter/src/material/magnifier.dart
[        ] MetadataProvider: Loaded debug metadata for module: packages/flutter/src/material/desktop_text_selection.dart
[        ] Loaded debug metadata for module: packages/flutter/src/material/desktop_text_selection.dart
[        ] MetadataProvider: Loaded debug metadata for module: packages/flutter/src/material/dialog.dart
[        ] Loaded debug metadata for module: packages/flutter/src/material/dialog.dart
[        ] MetadataProvider: Loaded debug metadata for module: packages/flutter/src/material/switch_list_tile.dart
[        ] Loaded debug metadata for module: packages/flutter/src/material/switch_list_tile.dart
[        ] MetadataProvider: Loaded debug metadata for module: packages/flutter/src/material/switch.dart
[        ] Loaded debug metadata for module: packages/flutter/src/material/switch.dart
[        ] MetadataProvider: Loaded debug metadata for module: packages/flutter/src/material/shadows.dart
[        ] Loaded debug metadata for module: packages/flutter/src/material/shadows.dart
[        ] MetadataProvider: Loaded debug metadata for module: packages/flutter/src/material/stepper.dart
[        ] Loaded debug metadata for module: packages/flutter/src/material/stepper.dart
[        ] MetadataProvider: Loaded debug metadata for module: packages/flutter/src/material/selection_area.dart
[        ] Loaded debug metadata for module: packages/flutter/src/material/selection_area.dart
[        ] MetadataProvider: Loaded debug metadata for module: packages/flutter/src/material/segmented_button.dart
[        ] Loaded debug metadata for module: packages/flutter/src/material/segmented_button.dart
[        ] MetadataProvider: Loaded debug metadata for module: packages/flutter/src/material/search_anchor.dart
[        ] Loaded debug metadata for module: packages/flutter/src/material/search_anchor.dart
[        ] MetadataProvider: Loaded debug metadata for module: packages/flutter/src/material/back_button.dart
[        ] Loaded debug metadata for module: packages/flutter/src/material/back_button.dart
[        ] MetadataProvider: Loaded debug metadata for module: packages/flutter/src/material/search.dart
[        ] Loaded debug metadata for module: packages/flutter/src/material/search.dart
[        ] MetadataProvider: Loaded debug metadata for module: packages/flutter/src/material/reorderable_list.dart
[        ] Loaded debug metadata for module: packages/flutter/src/material/reorderable_list.dart
[        ] MetadataProvider: Loaded debug metadata for module: packages/flutter/src/material/refresh_indicator.dart
[        ] Loaded debug metadata for module: packages/flutter/src/material/refresh_indicator.dart
[        ] MetadataProvider: Loaded debug metadata for module: packages/flutter/src/material/progress_indicator.dart
[        ] Loaded debug metadata for module: packages/flutter/src/material/progress_indicator.dart
[        ] MetadataProvider: Loaded debug metadata for module: packages/flutter/src/material/range_slider.dart
[        ] Loaded debug metadata for module: packages/flutter/src/material/range_slider.dart
[        ] MetadataProvider: Loaded debug metadata for module: packages/flutter/src/material/radio_list_tile.dart
[        ] Loaded debug metadata for module: packages/flutter/src/material/radio_list_tile.dart
[        ] MetadataProvider: Loaded debug metadata for module: packages/flutter/src/material/popup_menu.dart
[        ] Loaded debug metadata for module: packages/flutter/src/material/popup_menu.dart
[        ] MetadataProvider: Loaded debug metadata for module: packages/flutter/src/material/paginated_data_table.dart
[        ] Loaded debug metadata for module: packages/flutter/src/material/paginated_data_table.dart
[        ] MetadataProvider: Loaded debug metadata for module: packages/flutter/src/material/dropdown.dart
[        ] Loaded debug metadata for module: packages/flutter/src/material/dropdown.dart
[        ] MetadataProvider: Loaded debug metadata for module: packages/flutter/src/material/data_table_source.dart
[        ] Loaded debug metadata for module: packages/flutter/src/material/data_table_source.dart
[        ] MetadataProvider: Loaded debug metadata for module: packages/flutter/src/material/data_table.dart
[        ] Loaded debug metadata for module: packages/flutter/src/material/data_table.dart
[        ] MetadataProvider: Loaded debug metadata for module: packages/flutter/src/material/card.dart
[        ] Loaded debug metadata for module: packages/flutter/src/material/card.dart
[        ] MetadataProvider: Loaded debug metadata for module: packages/flutter/src/material/page.dart
[        ] Loaded debug metadata for module: packages/flutter/src/material/page.dart
[        ] MetadataProvider: Loaded debug metadata for module: packages/flutter/src/material/no_splash.dart
[        ] Loaded debug metadata for module: packages/flutter/src/material/no_splash.dart
[        ] MetadataProvider: Loaded debug metadata for module: packages/flutter/src/material/mergeable_material.dart
[        ] Loaded debug metadata for module: packages/flutter/src/material/mergeable_material.dart
[        ] MetadataProvider: Loaded debug metadata for module: packages/flutter/src/material/input_date_picker_form_field.dart
[        ] Loaded debug metadata for module: packages/flutter/src/material/input_date_picker_form_field.dart
[        ] MetadataProvider: Loaded debug metadata for module: packages/flutter/src/material/date.dart
[        ] Loaded debug metadata for module: packages/flutter/src/material/date.dart
[        ] MetadataProvider: Loaded debug metadata for module: packages/flutter/src/material/input_chip.dart
[        ] Loaded debug metadata for module: packages/flutter/src/material/input_chip.dart
[        ] MetadataProvider: Loaded debug metadata for module: packages/flutter/src/material/chip.dart
[        ] Loaded debug metadata for module: packages/flutter/src/material/chip.dart
[        ] MetadataProvider: Loaded debug metadata for module: packages/flutter/src/material/grid_tile_bar.dart
[        ] Loaded debug metadata for module: packages/flutter/src/material/grid_tile_bar.dart
[        ] MetadataProvider: Loaded debug metadata for module: packages/flutter/src/material/grid_tile.dart
[        ] Loaded debug metadata for module: packages/flutter/src/material/grid_tile.dart
[        ] MetadataProvider: Loaded debug metadata for module: packages/flutter/src/material/filter_chip.dart
[        ] Loaded debug metadata for module: packages/flutter/src/material/filter_chip.dart
[        ] MetadataProvider: Loaded debug metadata for module: packages/flutter/src/material/expansion_tile.dart
[        ] Loaded debug metadata for module: packages/flutter/src/material/expansion_tile.dart
[        ] MetadataProvider: Loaded debug metadata for module: packages/flutter/src/material/expansion_panel.dart
[        ] Loaded debug metadata for module: packages/flutter/src/material/expansion_panel.dart
[        ] MetadataProvider: Loaded debug metadata for module: packages/flutter/src/material/expand_icon.dart
[        ] Loaded debug metadata for module: packages/flutter/src/material/expand_icon.dart
[        ] MetadataProvider: Loaded debug metadata for module: packages/flutter/src/material/dropdown_menu_form_field.dart
[        ] Loaded debug metadata for module: packages/flutter/src/material/dropdown_menu_form_field.dart
[        ] MetadataProvider: Loaded debug metadata for module: packages/flutter/src/material/dropdown_menu.dart
[        ] Loaded debug metadata for module: packages/flutter/src/material/dropdown_menu.dart
[        ] MetadataProvider: Loaded debug metadata for module: packages/flutter/src/material/date_picker.dart
[        ] Loaded debug metadata for module: packages/flutter/src/material/date_picker.dart
[        ] MetadataProvider: Loaded debug metadata for module: packages/flutter/src/material/calendar_date_picker.dart
[        ] Loaded debug metadata for module: packages/flutter/src/material/calendar_date_picker.dart
[        ] MetadataProvider: Loaded debug metadata for module: packages/flutter/src/material/circle_avatar.dart
[        ] Loaded debug metadata for module: packages/flutter/src/material/circle_avatar.dart
[        ] MetadataProvider: Loaded debug metadata for module: packages/flutter/src/material/choice_chip.dart
[        ] Loaded debug metadata for module: packages/flutter/src/material/choice_chip.dart
[        ] MetadataProvider: Loaded debug metadata for module: packages/flutter/src/material/checkbox_list_tile.dart
[        ] Loaded debug metadata for module: packages/flutter/src/material/checkbox_list_tile.dart
[        ] MetadataProvider: Loaded debug metadata for module: packages/flutter/src/material/button_bar.dart
[        ] Loaded debug metadata for module: packages/flutter/src/material/button_bar.dart
[        ] MetadataProvider: Loaded debug metadata for module: packages/flutter/src/material/bottom_app_bar.dart
[        ] Loaded debug metadata for module: packages/flutter/src/material/bottom_app_bar.dart
[        ] MetadataProvider: Loaded debug metadata for module: packages/flutter/src/material/badge.dart
[        ] Loaded debug metadata for module: packages/flutter/src/material/badge.dart
[        ] MetadataProvider: Loaded debug metadata for module: packages/flutter/src/material/autocomplete.dart
[        ] Loaded debug metadata for module: packages/flutter/src/material/autocomplete.dart
[        ] MetadataProvider: Loaded debug metadata for module: packages/flutter/src/material/arc.dart
[        ] Loaded debug metadata for module: packages/flutter/src/material/arc.dart
[        ] MetadataProvider: Loaded debug metadata for module: packages/flutter/src/material/app.dart
[        ] Loaded debug metadata for module: packages/flutter/src/material/app.dart
[        ] MetadataProvider: Loaded debug metadata for module: packages/flutter/src/material/animated_icons.dart
[        ] Loaded debug metadata for module: packages/flutter/src/material/animated_icons.dart
[        ] MetadataProvider: Loaded debug metadata for module: packages/flutter/src/material/action_chip.dart
[        ] Loaded debug metadata for module: packages/flutter/src/material/action_chip.dart
[        ] MetadataProvider: Loaded debug metadata for module: packages/flutter/src/material/about.dart
[        ] Loaded debug metadata for module: packages/flutter/src/material/about.dart
[        ] MetadataProvider: Loaded debug metadata for module: packages/image_picker_platform_interface/src/types/picked_file/lost_data.dart
[        ] Loaded debug metadata for module: packages/image_picker_platform_interface/src/types/picked_file/lost_data.dart
[        ] MetadataProvider: Loaded debug metadata for module: packages/image_picker_platform_interface/src/types/retrieve_type.dart
[        ] Loaded debug metadata for module: packages/image_picker_platform_interface/src/types/retrieve_type.dart
[        ] MetadataProvider: Loaded debug metadata for module: packages/image_picker_platform_interface/src/types/picked_file/html.dart
[        ] Loaded debug metadata for module: packages/image_picker_platform_interface/src/types/picked_file/html.dart
[        ] MetadataProvider: Loaded debug metadata for module: packages/image_picker_platform_interface/src/types/picked_file/base.dart
[        ] Loaded debug metadata for module: packages/image_picker_platform_interface/src/types/picked_file/base.dart
[        ] MetadataProvider: Loaded debug metadata for module: packages/http/src/multipart_request.dart
[        ] Loaded debug metadata for module: packages/http/src/multipart_request.dart
[        ] MetadataProvider: Loaded debug metadata for module: packages/http/src/utils.dart
[        ] Loaded debug metadata for module: packages/http/src/utils.dart
[        ] MetadataProvider: Loaded debug metadata for module: packages/http/src/byte_stream.dart
[        ] Loaded debug metadata for module: packages/http/src/byte_stream.dart
[        ] MetadataProvider: Loaded debug metadata for module: packages/http_parser/http_parser.dart
[        ] Loaded debug metadata for module: packages/http_parser/http_parser.dart
[        ] MetadataProvider: Loaded debug metadata for module: packages/http_parser/src/media_type.dart
[        ] Loaded debug metadata for module: packages/http_parser/src/media_type.dart
[        ] MetadataProvider: Loaded debug metadata for module: packages/http_parser/src/utils.dart
[        ] Loaded debug metadata for module: packages/http_parser/src/utils.dart
[        ] MetadataProvider: Loaded debug metadata for module: packages/source_span/source_span.dart
[        ] Loaded debug metadata for module: packages/source_span/source_span.dart
[        ] MetadataProvider: Loaded debug metadata for module: packages/source_span/src/location_mixin.dart
[        ] Loaded debug metadata for module: packages/source_span/src/location_mixin.dart
[        ] MetadataProvider: Loaded debug metadata for module: packages/source_span/src/colors.dart
[        ] Loaded debug metadata for module: packages/source_span/src/colors.dart
[        ] MetadataProvider: Loaded debug metadata for module: packages/source_span/src/charcode.dart
[        ] Loaded debug metadata for module: packages/source_span/src/charcode.dart
[        ] MetadataProvider: Loaded debug metadata for module: packages/term_glyph/src/generated/top_level.dart
[        ] Loaded debug metadata for module: packages/term_glyph/src/generated/top_level.dart
[        ] MetadataProvider: Loaded debug metadata for module: packages/term_glyph/src/generated/glyph_set.dart
[        ] Loaded debug metadata for module: packages/term_glyph/src/generated/glyph_set.dart
[        ] MetadataProvider: Loaded debug metadata for module: packages/term_glyph/src/generated/unicode_glyph_set.dart
[        ] Loaded debug metadata for module: packages/term_glyph/src/generated/unicode_glyph_set.dart
[        ] MetadataProvider: Loaded debug metadata for module: packages/term_glyph/src/generated/ascii_glyph_set.dart
[        ] Loaded debug metadata for module: packages/term_glyph/src/generated/ascii_glyph_set.dart
[        ] MetadataProvider: Loaded debug metadata for module: packages/path/src/path_set.dart
[        ] Loaded debug metadata for module: packages/path/src/path_set.dart
[        ] MetadataProvider: Loaded debug metadata for module: packages/path/src/utils.dart
[        ] Loaded debug metadata for module: packages/path/src/utils.dart
[        ] MetadataProvider: Loaded debug metadata for module: packages/path/src/characters.dart
[        ] Loaded debug metadata for module: packages/path/src/characters.dart
[        ] MetadataProvider: Loaded debug metadata for module: packages/path/src/path_exception.dart
[        ] Loaded debug metadata for module: packages/path/src/path_exception.dart
[        ] MetadataProvider: Loaded debug metadata for module: packages/source_span/src/span_exception.dart
[        ] Loaded debug metadata for module: packages/source_span/src/span_exception.dart
[        ] MetadataProvider: Loaded debug metadata for module: packages/http_parser/src/scan.dart
[        ] Loaded debug metadata for module: packages/http_parser/src/scan.dart
[        ] MetadataProvider: Loaded debug metadata for module: packages/string_scanner/string_scanner.dart
[        ] Loaded debug metadata for module: packages/string_scanner/string_scanner.dart
[        ] MetadataProvider: Loaded debug metadata for module: packages/string_scanner/src/utils.dart
[   +1 ms] Loaded debug metadata for module: packages/string_scanner/src/utils.dart
[        ] MetadataProvider: Loaded debug metadata for module: packages/string_scanner/src/charcode.dart
[        ] Loaded debug metadata for module: packages/string_scanner/src/charcode.dart
[        ] MetadataProvider: Loaded debug metadata for module: packages/string_scanner/src/relative_span_scanner.dart
[        ] Loaded debug metadata for module: packages/string_scanner/src/relative_span_scanner.dart
[        ] MetadataProvider: Loaded debug metadata for module: packages/string_scanner/src/line_scanner.dart
[        ] Loaded debug metadata for module: packages/string_scanner/src/line_scanner.dart
[        ] MetadataProvider: Loaded debug metadata for module: packages/http_parser/src/case_insensitive_map.dart
[        ] Loaded debug metadata for module: packages/http_parser/src/case_insensitive_map.dart
[        ] MetadataProvider: Loaded debug metadata for module: packages/http_parser/src/http_date.dart
[        ] Loaded debug metadata for module: packages/http_parser/src/http_date.dart
[        ] MetadataProvider: Loaded debug metadata for module: packages/http_parser/src/chunked_coding.dart
[        ] Loaded debug metadata for module: packages/http_parser/src/chunked_coding.dart
[        ] MetadataProvider: Loaded debug metadata for module: packages/http_parser/src/chunked_coding/encoder.dart
[        ] Loaded debug metadata for module: packages/http_parser/src/chunked_coding/encoder.dart
[        ] MetadataProvider: Loaded debug metadata for module: packages/http_parser/src/chunked_coding/charcodes.dart
[        ] Loaded debug metadata for module: packages/http_parser/src/chunked_coding/charcodes.dart
[        ] MetadataProvider: Loaded debug metadata for module: packages/http_parser/src/chunked_coding/decoder.dart
[        ] Loaded debug metadata for module: packages/http_parser/src/chunked_coding/decoder.dart
[        ] MetadataProvider: Loaded debug metadata for module: packages/typed_data/typed_data.dart
[        ] Loaded debug metadata for module: packages/typed_data/typed_data.dart
[        ] MetadataProvider: Loaded debug metadata for module: packages/typed_data/typed_buffers.dart
[        ] Loaded debug metadata for module: packages/typed_data/typed_buffers.dart
[        ] MetadataProvider: Loaded debug metadata for module: packages/typed_data/src/typed_buffer.dart
[        ] Loaded debug metadata for module: packages/typed_data/src/typed_buffer.dart
[        ] MetadataProvider: Loaded debug metadata for module: packages/typed_data/src/typed_queue.dart
[        ] Loaded debug metadata for module: packages/typed_data/src/typed_queue.dart
[        ] MetadataProvider: Loaded debug metadata for module: packages/http_parser/src/authentication_challenge.dart
[        ] Loaded debug metadata for module: packages/http_parser/src/authentication_challenge.dart
[        ] MetadataProvider: Loaded debug metadata for module: packages/http/src/exception.dart
[        ] Loaded debug metadata for module: packages/http/src/exception.dart
[        ] MetadataProvider: Loaded debug metadata for module: packages/http/src/boundary_characters.dart
[        ] Loaded debug metadata for module: packages/http/src/boundary_characters.dart
[        ] MetadataProvider: Loaded debug metadata for module: packages/image_picker_platform_interface/src/types/multi_video_picker_options.dart
[        ] Loaded debug metadata for module: packages/image_picker_platform_interface/src/types/multi_video_picker_options.dart
[        ] MetadataProvider: Loaded debug metadata for module: packages/image_picker_platform_interface/src/types/media_selection_type.dart
[        ] Loaded debug metadata for module: packages/image_picker_platform_interface/src/types/media_selection_type.dart
[        ] MetadataProvider: Loaded debug metadata for module: packages/cross_file/cross_file.dart
[        ] Loaded debug metadata for module: packages/cross_file/cross_file.dart
[        ] MetadataProvider: Loaded debug metadata for module: packages/cross_file/src/x_file.dart
[        ] Loaded debug metadata for module: packages/cross_file/src/x_file.dart
[        ] MetadataProvider: Loaded debug metadata for module: packages/cross_file/src/web_helpers/web_helpers.dart
[        ] Loaded debug metadata for module: packages/cross_file/src/web_helpers/web_helpers.dart
[        ] MetadataProvider: Loaded debug metadata for module: packages/cross_file/src/types/base.dart
[        ] Loaded debug metadata for module: packages/cross_file/src/types/base.dart
[        ] MetadataProvider: Loaded debug metadata for module: packages/image_picker_platform_interface/src/types/image_source.dart
[        ] Loaded debug metadata for module: packages/image_picker_platform_interface/src/types/image_source.dart
[        ] MetadataProvider: Loaded debug metadata for module: packages/image_picker_platform_interface/src/types/camera_device.dart
[        ] Loaded debug metadata for module: packages/image_picker_platform_interface/src/types/camera_device.dart
[        ] MetadataProvider: Loaded debug metadata for module: packages/image_picker_platform_interface/src/types/camera_delegate.dart
[        ] Loaded debug metadata for module: packages/image_picker_platform_interface/src/types/camera_delegate.dart
[        ] MetadataProvider: Loaded debug metadata for module: packages/plugin_platform_interface/plugin_platform_interface.dart
[        ] Loaded debug metadata for module: packages/plugin_platform_interface/plugin_platform_interface.dart
[        ] MetadataProvider: Loaded debug metadata for module: packages/mime/mime.dart
[        ] Loaded debug metadata for module: packages/mime/mime.dart
[        ] MetadataProvider: Loaded debug metadata for module: packages/mime/src/mime_type.dart
[        ] Loaded debug metadata for module: packages/mime/src/mime_type.dart
[        ] MetadataProvider: Loaded debug metadata for module: packages/mime/src/magic_number.dart
[        ] Loaded debug metadata for module: packages/mime/src/magic_number.dart
[        ] MetadataProvider: Loaded debug metadata for module: packages/mime/src/default_extension_map.dart
[        ] Loaded debug metadata for module: packages/mime/src/default_extension_map.dart
[        ] MetadataProvider: Loaded debug metadata for module: packages/mime/src/mime_shared.dart
[        ] Loaded debug metadata for module: packages/mime/src/mime_shared.dart
[        ] MetadataProvider: Loaded debug metadata for module: packages/mime/src/char_code.dart
[        ] Loaded debug metadata for module: packages/mime/src/char_code.dart
[        ] MetadataProvider: Loaded debug metadata for module: packages/mime/src/extension.dart
[        ] Loaded debug metadata for module: packages/mime/src/extension.dart
[        ] MetadataProvider: Loaded debug metadata for module: packages/geolocator_web/geolocator_web.dart
[        ] Loaded debug metadata for module: packages/geolocator_web/geolocator_web.dart
[        ] MetadataProvider: Loaded debug metadata for module: packages/geolocator_web/web_settings.dart
[        ] Loaded debug metadata for module: packages/geolocator_web/web_settings.dart
[        ] MetadataProvider: Loaded debug metadata for module: packages/geolocator_platform_interface/geolocator_platform_interface.dart
[        ] Loaded debug metadata for module: packages/geolocator_platform_interface/geolocator_platform_interface.dart
[        ] MetadataProvider: Loaded debug metadata for module: packages/geolocator_platform_interface/src/models/models.dart
[        ] Loaded debug metadata for module: packages/geolocator_platform_interface/src/models/models.dart
[        ] MetadataProvider: Loaded debug metadata for module: packages/geolocator_platform_interface/src/models/location_settings.dart
[        ] Loaded debug metadata for module: packages/geolocator_platform_interface/src/models/location_settings.dart
[        ] MetadataProvider: Loaded debug metadata for module: packages/geolocator_platform_interface/src/enums/location_accuracy.dart
[        ] Loaded debug metadata for module: packages/geolocator_platform_interface/src/enums/location_accuracy.dart
[        ] MetadataProvider: Loaded debug metadata for module: packages/geolocator_platform_interface/src/models/position.dart
[        ] Loaded debug metadata for module: packages/geolocator_platform_interface/src/models/position.dart
[        ] MetadataProvider: Loaded debug metadata for module: packages/geolocator_platform_interface/src/extensions/extensions.dart
[        ] Loaded debug metadata for module: packages/geolocator_platform_interface/src/extensions/extensions.dart
[        ] MetadataProvider: Loaded debug metadata for module: packages/geolocator_platform_interface/src/extensions/integer_extensions.dart
[        ] Loaded debug metadata for module: packages/geolocator_platform_interface/src/extensions/integer_extensions.dart
[        ] MetadataProvider: Loaded debug metadata for module: packages/geolocator_platform_interface/src/errors/errors.dart
[        ] Loaded debug metadata for module: packages/geolocator_platform_interface/src/errors/errors.dart
[        ] MetadataProvider: Loaded debug metadata for module: packages/geolocator_platform_interface/src/errors/position_update_exception.dart
[        ] Loaded debug metadata for module: packages/geolocator_platform_interface/src/errors/position_update_exception.dart
[        ] MetadataProvider: Loaded debug metadata for module: packages/geolocator_platform_interface/src/errors/permission_request_in_progress_exception.dart
[        ] Loaded debug metadata for module: packages/geolocator_platform_interface/src/errors/permission_request_in_progress_exception.dart
[        ] MetadataProvider: Loaded debug metadata for module: packages/geolocator_platform_interface/src/errors/permission_denied_exception.dart
[        ] Loaded debug metadata for module: packages/geolocator_platform_interface/src/errors/permission_denied_exception.dart
[        ] MetadataProvider: Loaded debug metadata for module: packages/geolocator_platform_interface/src/errors/permission_definitions_not_found_exception.dart
[        ] Loaded debug metadata for module: packages/geolocator_platform_interface/src/errors/permission_definitions_not_found_exception.dart
[        ] MetadataProvider: Loaded debug metadata for module: packages/geolocator_platform_interface/src/errors/location_service_disabled_exception.dart
[        ] Loaded debug metadata for module: packages/geolocator_platform_interface/src/errors/location_service_disabled_exception.dart
[        ] MetadataProvider: Loaded debug metadata for module: packages/geolocator_platform_interface/src/errors/invalid_permission_exception.dart
[        ] Loaded debug metadata for module: packages/geolocator_platform_interface/src/errors/invalid_permission_exception.dart
[        ] MetadataProvider: Loaded debug metadata for module: packages/geolocator_platform_interface/src/errors/already_subscribed_exception.dart
[        ] Loaded debug metadata for module: packages/geolocator_platform_interface/src/errors/already_subscribed_exception.dart
[        ] MetadataProvider: Loaded debug metadata for module: packages/geolocator_platform_interface/src/errors/activity_missing_exception.dart
[        ] Loaded debug metadata for module: packages/geolocator_platform_interface/src/errors/activity_missing_exception.dart
[        ] MetadataProvider: Loaded debug metadata for module: packages/geolocator_platform_interface/src/enums/enums.dart
[        ] Loaded debug metadata for module: packages/geolocator_platform_interface/src/enums/enums.dart
[        ] MetadataProvider: Loaded debug metadata for module: packages/geolocator_platform_interface/src/enums/location_service.dart
[        ] Loaded debug metadata for module: packages/geolocator_platform_interface/src/enums/location_service.dart
[        ] MetadataProvider: Loaded debug metadata for module: packages/geolocator_platform_interface/src/enums/location_permission.dart
[        ] Loaded debug metadata for module: packages/geolocator_platform_interface/src/enums/location_permission.dart
[        ] MetadataProvider: Loaded debug metadata for module: packages/geolocator_platform_interface/src/enums/location_accuracy_status.dart
[        ] Loaded debug metadata for module: packages/geolocator_platform_interface/src/enums/location_accuracy_status.dart
[        ] MetadataProvider: Loaded debug metadata for module: packages/geolocator_platform_interface/src/implementations/method_channel_geolocator.dart
[        ] Loaded debug metadata for module: packages/geolocator_platform_interface/src/implementations/method_channel_geolocator.dart
[        ] MetadataProvider: Loaded debug metadata for module: packages/vector_math/vector_math.dart
[        ] Loaded debug metadata for module: packages/vector_math/vector_math.dart
[        ] MetadataProvider: Loaded debug metadata for module: packages/geolocator_web/src/html_permissions_manager.dart
[        ] Loaded debug metadata for module: packages/geolocator_web/src/html_permissions_manager.dart
[        ] MetadataProvider: Loaded debug metadata for module: packages/geolocator_web/src/utils.dart
[        ] Loaded debug metadata for module: packages/geolocator_web/src/utils.dart
[        ] MetadataProvider: Loaded debug metadata for module: packages/geolocator_web/src/permissions_manager.dart
[        ] Loaded debug metadata for module: packages/geolocator_web/src/permissions_manager.dart
[        ] MetadataProvider: Loaded debug metadata for module: packages/geolocator_web/src/html_geolocation_manager.dart
[        ] Loaded debug metadata for module: packages/geolocator_web/src/html_geolocation_manager.dart
[        ] MetadataProvider: Loaded debug metadata for module: packages/geolocator_web/src/geolocation_manager.dart
[        ] Loaded debug metadata for module: packages/geolocator_web/src/geolocation_manager.dart
[        ] MetadataProvider: Loaded debug metadata for module: packages/firebase_storage_web/firebase_storage_web.dart
[        ] Loaded debug metadata for module: packages/firebase_storage_web/firebase_storage_web.dart
[        ] MetadataProvider: Loaded debug metadata for module: packages/firebase_storage_web/src/reference_web.dart
[        ] Loaded debug metadata for module: packages/firebase_storage_web/src/reference_web.dart
[        ] MetadataProvider: Loaded debug metadata for module: packages/firebase_storage_web/src/utils/errors.dart
[   +5 ms] Loaded debug metadata for module: packages/firebase_storage_web/src/utils/errors.dart
[        ] MetadataProvider: Loaded debug metadata for module: packages/firebase_core/firebase_core.dart
[        ] Loaded debug metadata for module: packages/firebase_core/firebase_core.dart
[        ] MetadataProvider: Loaded debug metadata for module: packages/firebase_core_platform_interface/firebase_core_platform_interface.dart
[        ] Loaded debug metadata for module: packages/firebase_core_platform_interface/firebase_core_platform_interface.dart
[        ] MetadataProvider: Loaded debug metadata for module: packages/firebase_core_platform_interface/src/pigeon/messages.pigeon.dart
[        ] Loaded debug metadata for module: packages/firebase_core_platform_interface/src/pigeon/messages.pigeon.dart
[        ] MetadataProvider: Loaded debug metadata for module: packages/_flutterfire_internals/_flutterfire_internals.dart
[        ] Loaded debug metadata for module: packages/_flutterfire_internals/_flutterfire_internals.dart
[        ] MetadataProvider: Loaded debug metadata for module: packages/_flutterfire_internals/src/exception.dart
[        ] Loaded debug metadata for module: packages/_flutterfire_internals/src/exception.dart
[        ] MetadataProvider: Loaded debug metadata for module: packages/_flutterfire_internals/src/js_interop.dart
[        ] Loaded debug metadata for module: packages/_flutterfire_internals/src/js_interop.dart
[        ] MetadataProvider: Loaded debug metadata for module: packages/firebase_core_web/src/interop/app_interop.dart
[        ] Loaded debug metadata for module: packages/firebase_core_web/src/interop/app_interop.dart
[        ] MetadataProvider: Loaded debug metadata for module: packages/firebase_core_web/src/interop/utils/utils.dart
[        ] Loaded debug metadata for module: packages/firebase_core_web/src/interop/utils/utils.dart
[        ] MetadataProvider: Loaded debug metadata for module: packages/firebase_core_web/src/interop/utils/func.dart
[        ] Loaded debug metadata for module: packages/firebase_core_web/src/interop/utils/func.dart
[        ] MetadataProvider: Loaded debug metadata for module: packages/firebase_core_web/src/interop/utils/js.dart
[        ] Loaded debug metadata for module: packages/firebase_core_web/src/interop/utils/js.dart
[        ] MetadataProvider: Loaded debug metadata for module: packages/firebase_core_web/src/interop/utils/es6_interop.dart
[        ] Loaded debug metadata for module: packages/firebase_core_web/src/interop/utils/es6_interop.dart
[        ] MetadataProvider: Loaded debug metadata for module: packages/firebase_storage_web/src/utils/metadata_cache.dart
[        ] Loaded debug metadata for module: packages/firebase_storage_web/src/utils/metadata_cache.dart
[        ] MetadataProvider: Loaded debug metadata for module: packages/firebase_storage_platform_interface/src/platform_interface/platform_interface_task_snapshot.dart
[        ] Loaded debug metadata for module: packages/firebase_storage_platform_interface/src/platform_interface/platform_interface_task_snapshot.dart
[        ] MetadataProvider: Loaded debug metadata for module: packages/firebase_storage_platform_interface/src/task_state.dart
[        ] Loaded debug metadata for module: packages/firebase_storage_platform_interface/src/task_state.dart
[        ] MetadataProvider: Loaded debug metadata for module: packages/firebase_storage_platform_interface/src/settable_metadata.dart
[        ] Loaded debug metadata for module: packages/firebase_storage_platform_interface/src/settable_metadata.dart
[        ] MetadataProvider: Loaded debug metadata for module: packages/firebase_storage_platform_interface/src/put_string_format.dart
[        ] Loaded debug metadata for module: packages/firebase_storage_platform_interface/src/put_string_format.dart
[        ] MetadataProvider: Loaded debug metadata for module: packages/firebase_storage_platform_interface/src/internal/pointer.dart
[        ] Loaded debug metadata for module: packages/firebase_storage_platform_interface/src/internal/pointer.dart
[        ] MetadataProvider: Loaded debug metadata for module: packages/firebase_storage_platform_interface/src/method_channel/utils/exception.dart
[        ] Loaded debug metadata for module: packages/firebase_storage_platform_interface/src/method_channel/utils/exception.dart
[        ] MetadataProvider: Loaded debug metadata for module: packages/firebase_storage_platform_interface/src/pigeon/messages.pigeon.dart
[        ] Loaded debug metadata for module: packages/firebase_storage_platform_interface/src/pigeon/messages.pigeon.dart
[        ] MetadataProvider: Loaded debug metadata for module: packages/firebase_storage_platform_interface/src/list_options.dart
[        ] Loaded debug metadata for module: packages/firebase_storage_platform_interface/src/list_options.dart
[        ] MetadataProvider: Loaded debug metadata for module: packages/firebase_storage_platform_interface/src/full_metadata.dart
[        ] Loaded debug metadata for module: packages/firebase_storage_platform_interface/src/full_metadata.dart
[        ] MetadataProvider: Loaded debug metadata for module: packages/firebase_storage_web/src/utils/list.dart
[        ] Loaded debug metadata for module: packages/firebase_storage_web/src/utils/list.dart
[        ] MetadataProvider: Loaded debug metadata for module: packages/firebase_storage_web/src/list_result_web.dart
[        ] Loaded debug metadata for module: packages/firebase_storage_web/src/list_result_web.dart
[        ] MetadataProvider: Loaded debug metadata for module: packages/firebase_storage_web/src/interop/storage.dart
[        ] Loaded debug metadata for module: packages/firebase_storage_web/src/interop/storage.dart
[        ] MetadataProvider: Loaded debug metadata for module: packages/firebase_storage_web/src/interop/storage_interop.dart
[        ] Loaded debug metadata for module: packages/firebase_storage_web/src/interop/storage_interop.dart
[        ] MetadataProvider: Loaded debug metadata for module: packages/firebase_storage_web/src/task_web.dart
[        ] Loaded debug metadata for module: packages/firebase_storage_web/src/task_web.dart
[        ] MetadataProvider: Loaded debug metadata for module: packages/firebase_storage_web/src/task_snapshot_web.dart
[        ] Loaded debug metadata for module: packages/firebase_storage_web/src/task_snapshot_web.dart
[        ] MetadataProvider: Loaded debug metadata for module: packages/firebase_storage_web/src/utils/metadata.dart
[        ] Loaded debug metadata for module: packages/firebase_storage_web/src/utils/metadata.dart
[        ] MetadataProvider: Loaded debug metadata for module: packages/async/src/async_cache.dart
[        ] Loaded debug metadata for module: packages/async/src/async_cache.dart
[        ] MetadataProvider: Loaded debug metadata for module: packages/async/src/typed_stream_transformer.dart
[        ] Loaded debug metadata for module: packages/async/src/typed_stream_transformer.dart
[        ] MetadataProvider: Loaded debug metadata for module: packages/async/src/subscription_stream.dart
[        ] Loaded debug metadata for module: packages/async/src/subscription_stream.dart
[        ] MetadataProvider: Loaded debug metadata for module: packages/async/src/delegate/stream_subscription.dart
[        ] Loaded debug metadata for module: packages/async/src/delegate/stream_subscription.dart
[        ] MetadataProvider: Loaded debug metadata for module: packages/async/src/typed/stream_subscription.dart
[        ] Loaded debug metadata for module: packages/async/src/typed/stream_subscription.dart
[        ] MetadataProvider: Loaded debug metadata for module: packages/async/src/stream_zip.dart
[        ] Loaded debug metadata for module: packages/async/src/stream_zip.dart
[        ] MetadataProvider: Loaded debug metadata for module: packages/async/src/stream_subscription_transformer.dart
[        ] Loaded debug metadata for module: packages/async/src/stream_subscription_transformer.dart
[        ] MetadataProvider: Loaded debug metadata for module: packages/async/src/async_memoizer.dart
[        ] Loaded debug metadata for module: packages/async/src/async_memoizer.dart
[        ] MetadataProvider: Loaded debug metadata for module: packages/async/src/stream_splitter.dart
[        ] Loaded debug metadata for module: packages/async/src/stream_splitter.dart
[        ] MetadataProvider: Loaded debug metadata for module: packages/async/src/result/value.dart
[        ] Loaded debug metadata for module: packages/async/src/result/value.dart
[        ] MetadataProvider: Loaded debug metadata for module: packages/async/src/stream_sink_transformer/typed.dart
[        ] Loaded debug metadata for module: packages/async/src/stream_sink_transformer/typed.dart
[        ] MetadataProvider: Loaded debug metadata for module: packages/async/src/delegate/stream_sink.dart
[        ] Loaded debug metadata for module: packages/async/src/delegate/stream_sink.dart
[        ] MetadataProvider: Loaded debug metadata for module: packages/async/src/future_group.dart
[        ] Loaded debug metadata for module: packages/async/src/future_group.dart
[        ] MetadataProvider: Loaded debug metadata for module: packages/async/src/stream_sink_extensions.dart
[        ] Loaded debug metadata for module: packages/async/src/stream_sink_extensions.dart
[        ] MetadataProvider: Loaded debug metadata for module: packages/async/src/stream_sink_transformer/reject_errors.dart
[        ] Loaded debug metadata for module: packages/async/src/stream_sink_transformer/reject_errors.dart
[        ] MetadataProvider: Loaded debug metadata for module: packages/async/src/stream_sink_completer.dart
[        ] Loaded debug metadata for module: packages/async/src/stream_sink_completer.dart
[        ] MetadataProvider: Loaded debug metadata for module: packages/async/src/null_stream_sink.dart
[   +1 ms] Loaded debug metadata for module: packages/async/src/null_stream_sink.dart
[        ] MetadataProvider: Loaded debug metadata for module: packages/async/src/stream_queue.dart
[        ] Loaded debug metadata for module: packages/async/src/stream_queue.dart
[        ] MetadataProvider: Loaded debug metadata for module: packages/async/src/stream_completer.dart
[        ] Loaded debug metadata for module: packages/async/src/stream_completer.dart
[        ] MetadataProvider: Loaded debug metadata for module: packages/async/src/cancelable_operation.dart
[        ] Loaded debug metadata for module: packages/async/src/cancelable_operation.dart
[        ] MetadataProvider: Loaded debug metadata for module: packages/async/src/stream_group.dart
[        ] Loaded debug metadata for module: packages/async/src/stream_group.dart
[        ] MetadataProvider: Loaded debug metadata for module: packages/async/src/stream_extensions.dart
[        ] Loaded debug metadata for module: packages/async/src/stream_extensions.dart
[        ] MetadataProvider: Loaded debug metadata for module: packages/async/src/stream_closer.dart
[        ] Loaded debug metadata for module: packages/async/src/stream_closer.dart
[        ] MetadataProvider: Loaded debug metadata for module: packages/async/src/sink_base.dart
[        ] Loaded debug metadata for module: packages/async/src/sink_base.dart
[        ] MetadataProvider: Loaded debug metadata for module: packages/async/src/single_subscription_transformer.dart
[        ] Loaded debug metadata for module: packages/async/src/single_subscription_transformer.dart
[        ] MetadataProvider: Loaded debug metadata for module: packages/async/src/result/future.dart
[        ] Loaded debug metadata for module: packages/async/src/result/future.dart
[        ] MetadataProvider: Loaded debug metadata for module: packages/async/src/delegate/future.dart
[        ] Loaded debug metadata for module: packages/async/src/delegate/future.dart
[        ] MetadataProvider: Loaded debug metadata for module: packages/async/src/restartable_timer.dart
[        ] Loaded debug metadata for module: packages/async/src/restartable_timer.dart
[        ] MetadataProvider: Loaded debug metadata for module: packages/async/src/lazy_stream.dart
[        ] Loaded debug metadata for module: packages/async/src/lazy_stream.dart
[        ] MetadataProvider: Loaded debug metadata for module: packages/async/src/delegate/stream_consumer.dart
[        ] Loaded debug metadata for module: packages/async/src/delegate/stream_consumer.dart
[        ] MetadataProvider: Loaded debug metadata for module: packages/async/src/delegate/stream.dart
[        ] Loaded debug metadata for module: packages/async/src/delegate/stream.dart
[        ] MetadataProvider: Loaded debug metadata for module: packages/async/src/delegate/sink.dart
[        ] Loaded debug metadata for module: packages/async/src/delegate/sink.dart
[        ] MetadataProvider: Loaded debug metadata for module: packages/async/src/delegate/event_sink.dart
[        ] Loaded debug metadata for module: packages/async/src/delegate/event_sink.dart
[        ] MetadataProvider: Loaded debug metadata for module: packages/async/src/chunked_stream_reader.dart
[        ] Loaded debug metadata for module: packages/async/src/chunked_stream_reader.dart
[        ] MetadataProvider: Loaded debug metadata for module: packages/async/src/byte_collector.dart
[        ] Loaded debug metadata for module: packages/async/src/byte_collector.dart
[        ] MetadataProvider: Loaded debug metadata for module: packages/firebase_core_web/firebase_core_web.dart
[        ] Loaded debug metadata for module: packages/firebase_core_web/firebase_core_web.dart
[        ] MetadataProvider: Loaded debug metadata for module: packages/firebase_core_web/src/interop/package_web_tweaks.dart
[        ] Loaded debug metadata for module: packages/firebase_core_web/src/interop/package_web_tweaks.dart
[        ] MetadataProvider: Loaded debug metadata for module: packages/firebase_auth_web/src/firebase_auth_web_recaptcha_verifier_factory.dart
[        ] Loaded debug metadata for module: packages/firebase_auth_web/src/firebase_auth_web_recaptcha_verifier_factory.dart
[        ] MetadataProvider: Loaded debug metadata for module: packages/firebase_auth_web/src/interop/multi_factor.dart
[        ] Loaded debug metadata for module: packages/firebase_auth_web/src/interop/multi_factor.dart
[        ] MetadataProvider: Loaded debug metadata for module: packages/firebase_auth_web/src/interop/auth_interop.dart
[        ] Loaded debug metadata for module: packages/firebase_auth_web/src/interop/auth_interop.dart
[        ] MetadataProvider: Loaded debug metadata for module: packages/firebase_auth_platform_interface/src/types.dart
[        ] Loaded debug metadata for module: packages/firebase_auth_platform_interface/src/types.dart
[        ] MetadataProvider: Loaded debug metadata for module: packages/firebase_auth_platform_interface/src/user_metadata.dart
[        ] Loaded debug metadata for module: packages/firebase_auth_platform_interface/src/user_metadata.dart
[        ] MetadataProvider: Loaded debug metadata for module: packages/firebase_auth_platform_interface/src/user_info.dart
[        ] Loaded debug metadata for module: packages/firebase_auth_platform_interface/src/user_info.dart
[        ] MetadataProvider: Loaded debug metadata for module: packages/firebase_auth_platform_interface/src/pigeon/messages.pigeon.dart
[        ] Loaded debug metadata for module: packages/firebase_auth_platform_interface/src/pigeon/messages.pigeon.dart
[        ] MetadataProvider: Loaded debug metadata for module: packages/firebase_auth_platform_interface/src/firebase_auth_exception.dart
[        ] Loaded debug metadata for module: packages/firebase_auth_platform_interface/src/firebase_auth_exception.dart
[        ] MetadataProvider: Loaded debug metadata for module: packages/firebase_auth_platform_interface/src/auth_credential.dart
[        ] Loaded debug metadata for module: packages/firebase_auth_platform_interface/src/auth_credential.dart
[        ] MetadataProvider: Loaded debug metadata for module: packages/firebase_auth_platform_interface/src/providers/saml_auth.dart
[        ] Loaded debug metadata for module: packages/firebase_auth_platform_interface/src/providers/saml_auth.dart
[        ] MetadataProvider: Loaded debug metadata for module: packages/firebase_auth_platform_interface/src/auth_provider.dart
[        ] Loaded debug metadata for module: packages/firebase_auth_platform_interface/src/auth_provider.dart
[        ] MetadataProvider: Loaded debug metadata for module: packages/firebase_auth_platform_interface/src/id_token_result.dart
[        ] Loaded debug metadata for module: packages/firebase_auth_platform_interface/src/id_token_result.dart
[        ] MetadataProvider: Loaded debug metadata for module: packages/firebase_auth_platform_interface/src/additional_user_info.dart
[        ] Loaded debug metadata for module: packages/firebase_auth_platform_interface/src/additional_user_info.dart
[        ] MetadataProvider: Loaded debug metadata for module: packages/firebase_auth_platform_interface/src/action_code_settings.dart
[        ] Loaded debug metadata for module: packages/firebase_auth_platform_interface/src/action_code_settings.dart
[        ] MetadataProvider: Loaded debug metadata for module: packages/firebase_auth_platform_interface/src/action_code_info.dart
[        ] Loaded debug metadata for module: packages/firebase_auth_platform_interface/src/action_code_info.dart
[        ] MetadataProvider: Loaded debug metadata for module: packages/cloud_firestore_web/src/write_batch_web.dart
[        ] Loaded debug metadata for module: packages/cloud_firestore_web/src/write_batch_web.dart
[        ] MetadataProvider: Loaded debug metadata for module: packages/cloud_firestore_platform_interface/src/platform_interface/utils/load_bundle_task_state.dart
[        ] Loaded debug metadata for module: packages/cloud_firestore_platform_interface/src/platform_interface/utils/load_bundle_task_state.dart
[        ] MetadataProvider: Loaded debug metadata for module: packages/cloud_firestore_platform_interface/src/vector_value.dart
[        ] Loaded debug metadata for module: packages/cloud_firestore_platform_interface/src/vector_value.dart
[        ] MetadataProvider: Loaded debug metadata for module: packages/cloud_firestore_platform_interface/src/timestamp.dart
[        ] Loaded debug metadata for module: packages/cloud_firestore_platform_interface/src/timestamp.dart
[        ] MetadataProvider: Loaded debug metadata for module: packages/cloud_firestore_platform_interface/src/snapshot_metadata.dart
[        ] Loaded debug metadata for module: packages/cloud_firestore_platform_interface/src/snapshot_metadata.dart
[        ] MetadataProvider: Loaded debug metadata for module: packages/cloud_firestore_platform_interface/src/settings.dart
[        ] Loaded debug metadata for module: packages/cloud_firestore_platform_interface/src/settings.dart
[        ] MetadataProvider: Loaded debug metadata for module: packages/cloud_firestore_platform_interface/src/set_options.dart
[        ] Loaded debug metadata for module: packages/cloud_firestore_platform_interface/src/set_options.dart
[        ] MetadataProvider: Loaded debug metadata for module: packages/cloud_firestore_platform_interface/src/field_path.dart
[        ] Loaded debug metadata for module: packages/cloud_firestore_platform_interface/src/field_path.dart
[        ] MetadataProvider: Loaded debug metadata for module: packages/cloud_firestore_platform_interface/src/field_path_type.dart
[        ] Loaded debug metadata for module: packages/cloud_firestore_platform_interface/src/field_path_type.dart
[        ] MetadataProvider: Loaded debug metadata for module: packages/cloud_firestore_platform_interface/src/platform_interface/platform_interface_persistent_cache_index_manager.dart
[        ] Loaded debug metadata for module: packages/cloud_firestore_platform_interface/src/platform_interface/platform_interface_persistent_cache_index_manager.dart
[        ] MetadataProvider: Loaded debug metadata for module: packages/cloud_firestore_platform_interface/src/platform_interface/platform_interface_load_bundle_task.dart
[        ] Loaded debug metadata for module: packages/cloud_firestore_platform_interface/src/platform_interface/platform_interface_load_bundle_task.dart
[        ] MetadataProvider: Loaded debug metadata for module: packages/cloud_firestore_platform_interface/src/platform_interface/platform_interface_index_definitions.dart
[        ] Loaded debug metadata for module: packages/cloud_firestore_platform_interface/src/platform_interface/platform_interface_index_definitions.dart
[        ] MetadataProvider: Loaded debug metadata for module: packages/cloud_firestore_platform_interface/src/method_channel/utils/exception.dart
[        ] Loaded debug metadata for module: packages/cloud_firestore_platform_interface/src/method_channel/utils/exception.dart
[        ] MetadataProvider: Loaded debug metadata for module: packages/cloud_firestore_platform_interface/src/internal/pointer.dart
[        ] Loaded debug metadata for module: packages/cloud_firestore_platform_interface/src/internal/pointer.dart
[        ] MetadataProvider: Loaded debug metadata for module: packages/cloud_firestore_platform_interface/src/method_channel/method_channel_field_value.dart
[        ] Loaded debug metadata for module: packages/cloud_firestore_platform_interface/src/method_channel/method_channel_field_value.dart
[        ] MetadataProvider: Loaded debug metadata for module: packages/cloud_firestore_platform_interface/src/platform_interface/platform_interface_field_value.dart
[        ] Loaded debug metadata for module: packages/cloud_firestore_platform_interface/src/platform_interface/platform_interface_field_value.dart
[        ] MetadataProvider: Loaded debug metadata for module: packages/cloud_firestore_platform_interface/src/method_channel/utils/auto_id_generator.dart
[        ] Loaded debug metadata for module: packages/cloud_firestore_platform_interface/src/method_channel/utils/auto_id_generator.dart
[        ] MetadataProvider: Loaded debug metadata for module: packages/cloud_firestore_platform_interface/src/persistence_settings.dart
[        ] Loaded debug metadata for module: packages/cloud_firestore_platform_interface/src/persistence_settings.dart
[        ] MetadataProvider: Loaded debug metadata for module: packages/cloud_firestore_platform_interface/src/load_bundle_task_state.dart
[        ] Loaded debug metadata for module: packages/cloud_firestore_platform_interface/src/load_bundle_task_state.dart
[        ] MetadataProvider: Loaded debug metadata for module: packages/cloud_firestore_platform_interface/src/geo_point.dart
[        ] Loaded debug metadata for module: packages/cloud_firestore_platform_interface/src/geo_point.dart
[        ] MetadataProvider: Loaded debug metadata for module: packages/cloud_firestore_platform_interface/src/filters.dart
[        ] Loaded debug metadata for module: packages/cloud_firestore_platform_interface/src/filters.dart
[        ] MetadataProvider: Loaded debug metadata for module: packages/cloud_firestore_platform_interface/src/blob.dart
[        ] Loaded debug metadata for module: packages/cloud_firestore_platform_interface/src/blob.dart
[        ] MetadataProvider: Loaded debug metadata for module: packages/cloud_firestore_web/src/internals.dart
[        ] Loaded debug metadata for module: packages/cloud_firestore_web/src/internals.dart
[        ] MetadataProvider: Loaded debug metadata for module: packages/relief_dashboard/main.dart
[        ] Loaded debug metadata for module: packages/relief_dashboard/main.dart
[        ] MetadataProvider: Loaded debug metadata for module: packages/relief_dashboard/widgets/auth_gate.dart
[        ] Loaded debug metadata for module: packages/relief_dashboard/widgets/auth_gate.dart
[        ] MetadataProvider: Loaded debug metadata for module: packages/relief_dashboard/services/auth_service.dart
[        ] Loaded debug metadata for module: packages/relief_dashboard/services/auth_service.dart
[        ] MetadataProvider: Loaded debug metadata for module: packages/relief_dashboard/models/user_model.dart
[        ] Loaded debug metadata for module: packages/relief_dashboard/models/user_model.dart
[        ] MetadataProvider: Loaded debug metadata for module: packages/firebase_auth/firebase_auth.dart
[        ] Loaded debug metadata for module: packages/firebase_auth/firebase_auth.dart
[        ] MetadataProvider: Loaded debug metadata for module: packages/cloud_firestore/cloud_firestore.dart
[        ] Loaded debug metadata for module: packages/cloud_firestore/cloud_firestore.dart
[        ] MetadataProvider: Loaded debug metadata for module: packages/relief_dashboard/screens/volunteer_home.dart
[        ] Loaded debug metadata for module: packages/relief_dashboard/screens/volunteer_home.dart
[        ] MetadataProvider: Loaded debug metadata for module: packages/relief_dashboard/screens/new_request_screen.dart
[        ] Loaded debug metadata for module: packages/relief_dashboard/screens/new_request_screen.dart
[        ] MetadataProvider: Loaded debug metadata for module: packages/relief_dashboard/theme/app_theme.dart
[        ] Loaded debug metadata for module: packages/relief_dashboard/theme/app_theme.dart
[        ] MetadataProvider: Loaded debug metadata for module: packages/relief_dashboard/services/firestore_service.dart
[        ] Loaded debug metadata for module: packages/relief_dashboard/services/firestore_service.dart
[        ] MetadataProvider: Loaded debug metadata for module: packages/relief_dashboard/models/warehouse.dart
[        ] Loaded debug metadata for module: packages/relief_dashboard/models/warehouse.dart
[        ] MetadataProvider: Loaded debug metadata for module: packages/relief_dashboard/models/relief_request.dart
[        ] Loaded debug metadata for module: packages/relief_dashboard/models/relief_request.dart
[        ] MetadataProvider: Loaded debug metadata for module: packages/relief_dashboard/models/inventory_item.dart
[        ] Loaded debug metadata for module: packages/relief_dashboard/models/inventory_item.dart
[        ] MetadataProvider: Loaded debug metadata for module: packages/image_picker/image_picker.dart
[        ] Loaded debug metadata for module: packages/image_picker/image_picker.dart
[        ] MetadataProvider: Loaded debug metadata for module: packages/firebase_storage/firebase_storage.dart
[        ] Loaded debug metadata for module: packages/firebase_storage/firebase_storage.dart
[        ] MetadataProvider: Loaded debug metadata for module: packages/firebase_storage/src/utils.dart
[        ] Loaded debug metadata for module: packages/firebase_storage/src/utils.dart
[        ] MetadataProvider: Loaded debug metadata for module: packages/provider/provider.dart
[        ] Loaded debug metadata for module: packages/provider/provider.dart
[        ] MetadataProvider: Loaded debug metadata for module: packages/provider/src/value_listenable_provider.dart
[        ] Loaded debug metadata for module: packages/provider/src/value_listenable_provider.dart
[        ] MetadataProvider: Loaded debug metadata for module: packages/provider/src/provider.dart
[        ] Loaded debug metadata for module: packages/provider/src/provider.dart
[        ] MetadataProvider: Loaded debug metadata for module: packages/provider/src/reassemble_handler.dart
[        ] Loaded debug metadata for module: packages/provider/src/reassemble_handler.dart
[        ] MetadataProvider: Loaded debug metadata for module: packages/nested/nested.dart
[        ] Loaded debug metadata for module: packages/nested/nested.dart
[        ] MetadataProvider: Loaded debug metadata for module: packages/provider/src/selector.dart
[        ] Loaded debug metadata for module: packages/provider/src/selector.dart
[        ] MetadataProvider: Loaded debug metadata for module: packages/provider/src/proxy_provider.dart
[        ] Loaded debug metadata for module: packages/provider/src/proxy_provider.dart
[        ] MetadataProvider: Loaded debug metadata for module: packages/provider/src/listenable_provider.dart
[        ] Loaded debug metadata for module: packages/provider/src/listenable_provider.dart
[        ] MetadataProvider: Loaded debug metadata for module: packages/provider/src/async_provider.dart
[        ] Loaded debug metadata for module: packages/provider/src/async_provider.dart
[        ] MetadataProvider: Loaded debug metadata for module: packages/geolocator/geolocator.dart
[        ] Loaded debug metadata for module: packages/geolocator/geolocator.dart
[        ] MetadataProvider: Loaded debug metadata for module: packages/geolocator_apple/geolocator_apple.dart
[        ] Loaded debug metadata for module: packages/geolocator_apple/geolocator_apple.dart
[        ] MetadataProvider: Loaded debug metadata for module: packages/geolocator_apple/src/types/apple_settings.dart
[        ] Loaded debug metadata for module: packages/geolocator_apple/src/types/apple_settings.dart
[        ] MetadataProvider: Loaded debug metadata for module: packages/geolocator_apple/src/types/activity_type.dart
[        ] Loaded debug metadata for module: packages/geolocator_apple/src/types/activity_type.dart
[        ] MetadataProvider: Loaded debug metadata for module: packages/geolocator_apple/src/geolocator_apple.dart
[   +1 ms] Loaded debug metadata for module: packages/geolocator_apple/src/geolocator_apple.dart
[        ] MetadataProvider: Loaded debug metadata for module: packages/geolocator_android/src/geolocator_android.dart
[        ] Loaded debug metadata for module: packages/geolocator_android/src/geolocator_android.dart
[        ] MetadataProvider: Loaded debug metadata for module: packages/geolocator_android/src/types/foreground_settings.dart
[        ] Loaded debug metadata for module: packages/geolocator_android/src/types/foreground_settings.dart
[        ] MetadataProvider: Loaded debug metadata for module: packages/geolocator_android/src/types/android_position.dart
[        ] Loaded debug metadata for module: packages/geolocator_android/src/types/android_position.dart
[        ] MetadataProvider: Loaded debug metadata for module: packages/geolocator_android/src/types/android_settings.dart
[        ] Loaded debug metadata for module: packages/geolocator_android/src/types/android_settings.dart
[        ] MetadataProvider: Loaded debug metadata for module: packages/uuid/v8generic.dart
[        ] Loaded debug metadata for module: packages/uuid/v8generic.dart
[        ] MetadataProvider: Loaded debug metadata for module: packages/uuid/constants.dart
[        ] Loaded debug metadata for module: packages/uuid/constants.dart
[        ] MetadataProvider: Loaded debug metadata for module: packages/uuid/data.dart
[        ] Loaded debug metadata for module: packages/uuid/data.dart
[        ] MetadataProvider: Loaded debug metadata for module: packages/uuid/rng.dart
[        ] Loaded debug metadata for module: packages/uuid/rng.dart
[        ] MetadataProvider: Loaded debug metadata for module: packages/fixnum/fixnum.dart
[        ] Loaded debug metadata for module: packages/fixnum/fixnum.dart
[        ] MetadataProvider: Loaded debug metadata for module: packages/fixnum/src/intx.dart
[        ] Loaded debug metadata for module: packages/fixnum/src/intx.dart
[        ] MetadataProvider: Loaded debug metadata for module: packages/fixnum/src/utilities.dart
[        ] Loaded debug metadata for module: packages/fixnum/src/utilities.dart
[        ] MetadataProvider: Loaded debug metadata for module: packages/crypto/crypto.dart
[        ] Loaded debug metadata for module: packages/crypto/crypto.dart
[        ] MetadataProvider: Loaded debug metadata for module: packages/crypto/src/sha512.dart
[        ] Loaded debug metadata for module: packages/crypto/src/sha512.dart
[        ] MetadataProvider: Loaded debug metadata for module: packages/crypto/src/utils.dart
[        ] Loaded debug metadata for module: packages/crypto/src/utils.dart
[        ] MetadataProvider: Loaded debug metadata for module: packages/crypto/src/sha512_slowsinks.dart
[        ] Loaded debug metadata for module: packages/crypto/src/sha512_slowsinks.dart
[        ] MetadataProvider: Loaded debug metadata for module: packages/crypto/src/hash_sink.dart
[        ] Loaded debug metadata for module: packages/crypto/src/hash_sink.dart
[        ] MetadataProvider: Loaded debug metadata for module: packages/crypto/src/digest.dart
[        ] Loaded debug metadata for module: packages/crypto/src/digest.dart
[        ] MetadataProvider: Loaded debug metadata for module: packages/crypto/src/hash.dart
[        ] Loaded debug metadata for module: packages/crypto/src/hash.dart
[        ] MetadataProvider: Loaded debug metadata for module: packages/crypto/src/digest_sink.dart
[        ] Loaded debug metadata for module: packages/crypto/src/digest_sink.dart
[        ] MetadataProvider: Loaded debug metadata for module: packages/crypto/src/sha256.dart
[        ] Loaded debug metadata for module: packages/crypto/src/sha256.dart
[        ] MetadataProvider: Loaded debug metadata for module: packages/crypto/src/sha1.dart
[        ] Loaded debug metadata for module: packages/crypto/src/sha1.dart
[        ] MetadataProvider: Loaded debug metadata for module: packages/crypto/src/md5.dart
[        ] Loaded debug metadata for module: packages/crypto/src/md5.dart
[        ] MetadataProvider: Loaded debug metadata for module: packages/crypto/src/hmac.dart
[        ] Loaded debug metadata for module: packages/crypto/src/hmac.dart
[        ] MetadataProvider: Loaded debug metadata for module: packages/relief_dashboard/screens/my_requests_screen.dart
[        ] Loaded debug metadata for module: packages/relief_dashboard/screens/my_requests_screen.dart
[        ] MetadataProvider: Loaded debug metadata for module: packages/relief_dashboard/screens/request_detail_screen.dart
[        ] Loaded debug metadata for module: packages/relief_dashboard/screens/request_detail_screen.dart
[        ] MetadataProvider: Loaded debug metadata for module: packages/relief_dashboard/widgets/urgency_badge.dart
[        ] Loaded debug metadata for module: packages/relief_dashboard/widgets/urgency_badge.dart
[        ] MetadataProvider: Loaded debug metadata for module: packages/relief_dashboard/widgets/status_badge.dart
[        ] Loaded debug metadata for module: packages/relief_dashboard/widgets/status_badge.dart
[        ] MetadataProvider: Loaded debug metadata for module: packages/latlong2/latlong.dart
[        ] Loaded debug metadata for module: packages/latlong2/latlong.dart
[        ] MetadataProvider: Loaded debug metadata for module: packages/intl/src/intl/number_parser_base.dart
[        ] Loaded debug metadata for module: packages/intl/src/intl/number_parser_base.dart
[        ] MetadataProvider: Loaded debug metadata for module: packages/intl/src/intl/text_direction.dart
[        ] Loaded debug metadata for module: packages/intl/src/intl/text_direction.dart
[        ] MetadataProvider: Loaded debug metadata for module: packages/intl/src/intl/number_format_parser.dart
[        ] Loaded debug metadata for module: packages/intl/src/intl/number_format_parser.dart
[        ] MetadataProvider: Loaded debug metadata for module: packages/intl/src/intl/string_stack.dart
[        ] Loaded debug metadata for module: packages/intl/src/intl/string_stack.dart
[        ] MetadataProvider: Loaded debug metadata for module: packages/intl/number_symbols_data.dart
[        ] Loaded debug metadata for module: packages/intl/number_symbols_data.dart
[        ] MetadataProvider: Loaded debug metadata for module: packages/intl/number_symbols.dart
[        ] Loaded debug metadata for module: packages/intl/number_symbols.dart
[        ] MetadataProvider: Loaded debug metadata for module: packages/intl/src/intl/constants.dart
[        ] Loaded debug metadata for module: packages/intl/src/intl/constants.dart
[        ] MetadataProvider: Loaded debug metadata for module: packages/intl/src/plural_rules.dart
[        ] Loaded debug metadata for module: packages/intl/src/plural_rules.dart
[        ] MetadataProvider: Loaded debug metadata for module: packages/intl/src/global_state.dart
[        ] Loaded debug metadata for module: packages/intl/src/global_state.dart
[        ] MetadataProvider: Loaded debug metadata for module: packages/intl/src/intl/micro_money.dart
[        ] Loaded debug metadata for module: packages/intl/src/intl/micro_money.dart
[        ] MetadataProvider: Loaded debug metadata for module: packages/intl/src/intl/regexp.dart
[        ] Loaded debug metadata for module: packages/intl/src/intl/regexp.dart
[        ] MetadataProvider: Loaded debug metadata for module: packages/intl/src/intl/date_computation.dart
[        ] Loaded debug metadata for module: packages/intl/src/intl/date_computation.dart
[        ] MetadataProvider: Loaded debug metadata for module: packages/intl/src/intl/date_builder.dart
[        ] Loaded debug metadata for module: packages/intl/src/intl/date_builder.dart
[        ] MetadataProvider: Loaded debug metadata for module: packages/clock/src/stopwatch.dart
[        ] Loaded debug metadata for module: packages/clock/src/stopwatch.dart
[        ] MetadataProvider: Loaded debug metadata for module: packages/clock/src/utils.dart
[        ] Loaded debug metadata for module: packages/clock/src/utils.dart
[        ] MetadataProvider: Loaded debug metadata for module: packages/intl/date_symbols.dart
[        ] Loaded debug metadata for module: packages/intl/date_symbols.dart
[        ] MetadataProvider: Loaded debug metadata for module: packages/intl/src/intl/bidi_formatter.dart
[        ] Loaded debug metadata for module: packages/intl/src/intl/bidi_formatter.dart
[        ] MetadataProvider: Loaded debug metadata for module: packages/intl/src/intl/bidi.dart
[        ] Loaded debug metadata for module: packages/intl/src/intl/bidi.dart
[        ] MetadataProvider: Loaded debug metadata for module: packages/latlong2/spline.dart
[        ] Loaded debug metadata for module: packages/latlong2/spline.dart
[        ] MetadataProvider: Loaded debug metadata for module: packages/flutter_map/src/map/widget.dart
[        ] Loaded debug metadata for module: packages/flutter_map/src/map/widget.dart
[        ] MetadataProvider: Loaded debug metadata for module: packages/flutter_map/src/misc/extensions.dart
[        ] Loaded debug metadata for module: packages/flutter_map/src/misc/extensions.dart
[        ] MetadataProvider: Loaded debug metadata for module: packages/flutter_map/src/misc/deg_rad_conversions.dart
[        ] Loaded debug metadata for module: packages/flutter_map/src/misc/deg_rad_conversions.dart
[        ] MetadataProvider: Loaded debug metadata for module: packages/flutter_map/src/map/options/cursor_keyboard_rotation.dart
[        ] Loaded debug metadata for module: packages/flutter_map/src/map/options/cursor_keyboard_rotation.dart
[        ] MetadataProvider: Loaded debug metadata for module: packages/http/retry.dart
[        ] Loaded debug metadata for module: packages/http/retry.dart
[   +1 ms] MetadataProvider: Loaded debug metadata for module: packages/flutter_map/src/layer/tile_layer/tile_provider/network/image_provider/consolidate_response.dart
[        ] Loaded debug metadata for module: packages/flutter_map/src/layer/tile_layer/tile_provider/network/image_provider/consolidate_response.dart
[        ] MetadataProvider: Loaded debug metadata for module: packages/flutter_map/src/dart_io/http_status.dart
[        ] Loaded debug metadata for module: packages/flutter_map/src/dart_io/http_status.dart
[        ] MetadataProvider: Loaded debug metadata for module: packages/flutter_map/src/dart_io/http_headers.dart
[        ] Loaded debug metadata for module: packages/flutter_map/src/dart_io/http_headers.dart
[        ] MetadataProvider: Loaded debug metadata for module: packages/flutter_map/src/dart_io/http_date.dart
[        ] Loaded debug metadata for module: packages/flutter_map/src/dart_io/http_date.dart
[        ] MetadataProvider: Loaded debug metadata for module: packages/flutter_map/src/dart_io/http_exception.dart
[        ] Loaded debug metadata for module: packages/flutter_map/src/dart_io/http_exception.dart
[        ] MetadataProvider: Loaded debug metadata for module: packages/flutter_map/src/layer/tile_layer/tile_provider/network/caching/tile_read_failure_exception.dart
[        ] Loaded debug metadata for module: packages/flutter_map/src/layer/tile_layer/tile_provider/network/caching/tile_read_failure_exception.dart
[        ] MetadataProvider: Loaded debug metadata for module: packages/flutter_map/src/misc/bounds.dart
[        ] Loaded debug metadata for module: packages/flutter_map/src/misc/bounds.dart
[        ] MetadataProvider: Loaded debug metadata for module: packages/flutter_map/src/layer/shared/translucent_pointer.dart
[        ] Loaded debug metadata for module: packages/flutter_map/src/layer/shared/translucent_pointer.dart
[        ] MetadataProvider: Loaded debug metadata for module: packages/flutter_map/src/misc/simplify.dart
[        ] Loaded debug metadata for module: packages/flutter_map/src/misc/simplify.dart
[        ] MetadataProvider: Loaded debug metadata for module: packages/flutter_map/src/geo/crs.dart
[        ] Loaded debug metadata for module: packages/flutter_map/src/geo/crs.dart
[        ] MetadataProvider: Loaded debug metadata for module: packages/proj4dart/src/classes/projection_tuple.dart
[        ] Loaded debug metadata for module: packages/proj4dart/src/classes/projection_tuple.dart
[        ] MetadataProvider: Loaded debug metadata for module: packages/wkt_parser/wkt_parser.dart
[        ] Loaded debug metadata for module: packages/wkt_parser/wkt_parser.dart
[        ] MetadataProvider: Loaded debug metadata for module: packages/wkt_parser/src/proj_wkt.dart
[        ] Loaded debug metadata for module: packages/wkt_parser/src/proj_wkt.dart
[        ] MetadataProvider: Loaded debug metadata for module: packages/wkt_parser/src/process.dart
[        ] Loaded debug metadata for module: packages/wkt_parser/src/process.dart
[        ] MetadataProvider: Loaded debug metadata for module: packages/wkt_parser/src/parser.dart
[        ] Loaded debug metadata for module: packages/wkt_parser/src/parser.dart
[        ] MetadataProvider: Loaded debug metadata for module: packages/wkt_parser/src/clean_wkt.dart
[        ] Loaded debug metadata for module: packages/wkt_parser/src/clean_wkt.dart
[        ] MetadataProvider: Loaded debug metadata for module: packages/proj4dart/src/constants/values.dart
[        ] Loaded debug metadata for module: packages/proj4dart/src/constants/values.dart
[        ] MetadataProvider: Loaded debug metadata for module: packages/proj4dart/src/classes/point.dart
[        ] Loaded debug metadata for module: packages/proj4dart/src/classes/point.dart
[        ] MetadataProvider: Loaded debug metadata for module: packages/mgrs_dart/mgrs_dart.dart
[        ] Loaded debug metadata for module: packages/mgrs_dart/mgrs_dart.dart
[        ] MetadataProvider: Loaded debug metadata for module: packages/mgrs_dart/src/mgrs.dart
[        ] Loaded debug metadata for module: packages/mgrs_dart/src/mgrs.dart
[        ] MetadataProvider: Loaded debug metadata for module: packages/unicode/unicode.dart
[        ] Loaded debug metadata for module: packages/unicode/unicode.dart
[        ] MetadataProvider: Loaded debug metadata for module: packages/simple_sparse_list/simple_sparse_list.dart
[        ] Loaded debug metadata for module: packages/simple_sparse_list/simple_sparse_list.dart
[        ] MetadataProvider: Loaded debug metadata for module: packages/mgrs_dart/src/classes/utm.dart
[        ] Loaded debug metadata for module: packages/mgrs_dart/src/classes/utm.dart
[        ] MetadataProvider: Loaded debug metadata for module: packages/mgrs_dart/src/classes/lonlat.dart
[        ] Loaded debug metadata for module: packages/mgrs_dart/src/classes/lonlat.dart
[        ] MetadataProvider: Loaded debug metadata for module: packages/mgrs_dart/src/classes/bbox.dart
[        ] Loaded debug metadata for module: packages/mgrs_dart/src/classes/bbox.dart
[        ] MetadataProvider: Loaded debug metadata for module: packages/proj4dart/src/classes/proj_params.dart
[        ] Loaded debug metadata for module: packages/proj4dart/src/classes/proj_params.dart
[        ] MetadataProvider: Loaded debug metadata for module: packages/proj4dart/src/constants/units.dart
[        ] Loaded debug metadata for module: packages/proj4dart/src/constants/units.dart
[        ] MetadataProvider: Loaded debug metadata for module: packages/proj4dart/src/classes/unit.dart
[        ] Loaded debug metadata for module: packages/proj4dart/src/classes/unit.dart
[        ] MetadataProvider: Loaded debug metadata for module: packages/proj4dart/src/constants/prime_meridians.dart
[        ] Loaded debug metadata for module: packages/proj4dart/src/constants/prime_meridians.dart
[        ] MetadataProvider: Loaded debug metadata for module: packages/proj4dart/src/constants/datums.dart
[        ] Loaded debug metadata for module: packages/proj4dart/src/constants/datums.dart
[        ] MetadataProvider: Loaded debug metadata for module: packages/proj4dart/src/classes/constant_datum.dart
[        ] Loaded debug metadata for module: packages/proj4dart/src/classes/constant_datum.dart
[        ] MetadataProvider: Loaded debug metadata for module: packages/proj4dart/src/common/derive_constants.dart
[        ] Loaded debug metadata for module: packages/proj4dart/src/common/derive_constants.dart
[        ] MetadataProvider: Loaded debug metadata for module: packages/proj4dart/src/constants/ellipsoids.dart
[        ] Loaded debug metadata for module: packages/proj4dart/src/constants/ellipsoids.dart
[        ] MetadataProvider: Loaded debug metadata for module: packages/proj4dart/src/classes/ellipsoid.dart
[        ] Loaded debug metadata for module: packages/proj4dart/src/classes/ellipsoid.dart
[        ] MetadataProvider: Loaded debug metadata for module: packages/proj4dart/src/globals/nadgrid_store.dart
[        ] Loaded debug metadata for module: packages/proj4dart/src/globals/nadgrid_store.dart
[        ] MetadataProvider: Loaded debug metadata for module: packages/proj4dart/src/classes/datum.dart
[        ] Loaded debug metadata for module: packages/proj4dart/src/classes/datum.dart
[        ] MetadataProvider: Loaded debug metadata for module: packages/proj4dart/src/constants/faces.dart
[        ] Loaded debug metadata for module: packages/proj4dart/src/constants/faces.dart
[        ] MetadataProvider: Loaded debug metadata for module: packages/proj4dart/src/constants/areas.dart
[        ] Loaded debug metadata for module: packages/proj4dart/src/constants/areas.dart
[        ] MetadataProvider: Loaded debug metadata for module: packages/proj4dart/src/common/datum_utils.dart
[        ] Loaded debug metadata for module: packages/proj4dart/src/common/datum_utils.dart
[        ] MetadataProvider: Loaded debug metadata for module: packages/flutter_map/src/misc/point_in_polygon.dart
[        ] Loaded debug metadata for module: packages/flutter_map/src/misc/point_in_polygon.dart
[        ] MetadataProvider: Loaded debug metadata for module: packages/dart_earcut/dart_earcut.dart
[        ] Loaded debug metadata for module: packages/dart_earcut/dart_earcut.dart
[        ] MetadataProvider: Loaded debug metadata for module: packages/dart_polylabel2/dart_polylabel2.dart
[        ] Loaded debug metadata for module: packages/dart_polylabel2/dart_polylabel2.dart
[        ] MetadataProvider: Loaded debug metadata for module: packages/dart_polylabel2/src/point.dart
[        ] Loaded debug metadata for module: packages/dart_polylabel2/src/point.dart
[        ] MetadataProvider: Loaded debug metadata for module: packages/dart_polylabel2/src/impl.dart
[        ] Loaded debug metadata for module: packages/dart_polylabel2/src/impl.dart
[        ] MetadataProvider: Loaded debug metadata for module: packages/dart_polylabel2/src/utils.dart
[        ] Loaded debug metadata for module: packages/dart_polylabel2/src/utils.dart
[        ] MetadataProvider: Loaded debug metadata for module: packages/flutter_map/src/gestures/positioned_tap_detector_2.dart
[        ] Loaded debug metadata for module: packages/flutter_map/src/gestures/positioned_tap_detector_2.dart
[        ] MetadataProvider: Loaded debug metadata for module: packages/flutter_map/src/gestures/multi_finger_gesture.dart
[        ] Loaded debug metadata for module: packages/flutter_map/src/gestures/multi_finger_gesture.dart
[        ] MetadataProvider: Loaded debug metadata for module: packages/flutter_map/src/geo/latlng_bounds.dart
[        ] Loaded debug metadata for module: packages/flutter_map/src/geo/latlng_bounds.dart
[        ] MetadataProvider: Loaded debug metadata for module: packages/relief_dashboard/screens/map_screen.dart
[        ] Loaded debug metadata for module: packages/relief_dashboard/screens/map_screen.dart
[        ] MetadataProvider: Loaded debug metadata for module: packages/relief_dashboard/screens/login_screen.dart
[        ] Loaded debug metadata for module: packages/relief_dashboard/screens/login_screen.dart
[        ] MetadataProvider: Loaded debug metadata for module: packages/relief_dashboard/screens/signup_screen.dart
[        ] Loaded debug metadata for module: packages/relief_dashboard/screens/signup_screen.dart
[        ] MetadataProvider: Loaded debug metadata for module: packages/relief_dashboard/screens/admin_home.dart
[        ] Loaded debug metadata for module: packages/relief_dashboard/screens/admin_home.dart
[        ] MetadataProvider: Loaded debug metadata for module: packages/relief_dashboard/screens/inventory_screen.dart
[        ] Loaded debug metadata for module: packages/relief_dashboard/screens/inventory_screen.dart
[        ] MetadataProvider: Loaded debug metadata for module: packages/relief_dashboard/screens/inventory_form_sheet.dart
[        ] Loaded debug metadata for module: packages/relief_dashboard/screens/inventory_form_sheet.dart
[        ] MetadataProvider: Loaded debug metadata for module: packages/relief_dashboard/screens/dashboard_screen.dart
[        ] Loaded debug metadata for module: packages/relief_dashboard/screens/dashboard_screen.dart
[        ] MetadataProvider: Loaded debug metadata for module: packages/fl_chart/src/chart/scatter_chart/scatter_chart_helper.dart
[        ] Loaded debug metadata for module: packages/fl_chart/src/chart/scatter_chart/scatter_chart_helper.dart
[        ] MetadataProvider: Loaded debug metadata for module: packages/fl_chart/src/extensions/color_extension.dart
[        ] Loaded debug metadata for module: packages/fl_chart/src/extensions/color_extension.dart
[        ] MetadataProvider: Loaded debug metadata for module: packages/equatable/src/equatable_mixin.dart
[        ] Loaded debug metadata for module: packages/equatable/src/equatable_mixin.dart
[        ] MetadataProvider: Loaded debug metadata for module: packages/fl_chart/src/utils/utils.dart
[        ] Loaded debug metadata for module: packages/fl_chart/src/utils/utils.dart
[        ] MetadataProvider: Loaded debug metadata for module: packages/fl_chart/src/extensions/path_extension.dart
[        ] Loaded debug metadata for module: packages/fl_chart/src/extensions/path_extension.dart
[        ] MetadataProvider: Loaded debug metadata for module: packages/fl_chart/src/utils/path_drawing/dash_path.dart
[        ] Loaded debug metadata for module: packages/fl_chart/src/utils/path_drawing/dash_path.dart
[        ] MetadataProvider: Loaded debug metadata for module: packages/fl_chart/src/extensions/border_extension.dart
[        ] Loaded debug metadata for module: packages/fl_chart/src/extensions/border_extension.dart
[        ] MetadataProvider: Loaded debug metadata for module: packages/fl_chart/src/extensions/paint_extension.dart
[        ] Loaded debug metadata for module: packages/fl_chart/src/extensions/paint_extension.dart
[        ] MetadataProvider: Loaded debug metadata for module: packages/fl_chart/src/extensions/text_align_extension.dart
[        ] Loaded debug metadata for module: packages/fl_chart/src/extensions/text_align_extension.dart
[        ] MetadataProvider: Loaded debug metadata for module: packages/fl_chart/src/extensions/rrect_extension.dart
[        ] Loaded debug metadata for module: packages/fl_chart/src/extensions/rrect_extension.dart
[        ] MetadataProvider: Loaded debug metadata for module: packages/fl_chart/src/chart/base/base_chart/fl_touch_event.dart
[        ] Loaded debug metadata for module: packages/fl_chart/src/chart/base/base_chart/fl_touch_event.dart
[        ] MetadataProvider: Loaded debug metadata for module: packages/fl_chart/src/chart/base/custom_interactive_viewer.dart
[        ] Loaded debug metadata for module: packages/fl_chart/src/chart/base/custom_interactive_viewer.dart
[        ] MetadataProvider: Loaded debug metadata for module: packages/fl_chart/src/chart/base/axis_chart/transformation_config.dart
[        ] Loaded debug metadata for module: packages/fl_chart/src/chart/base/axis_chart/transformation_config.dart
[        ] MetadataProvider: Loaded debug metadata for module: packages/fl_chart/src/chart/base/axis_chart/scale_axis.dart
[        ] Loaded debug metadata for module: packages/fl_chart/src/chart/base/axis_chart/scale_axis.dart
[        ] MetadataProvider: Loaded debug metadata for module: packages/fl_chart/src/extensions/size_extension.dart
[        ] Loaded debug metadata for module: packages/fl_chart/src/extensions/size_extension.dart
[        ] MetadataProvider: Loaded debug metadata for module: packages/fl_chart/src/extensions/edge_insets_extension.dart
[        ] Loaded debug metadata for module: packages/fl_chart/src/extensions/edge_insets_extension.dart
[        ] MetadataProvider: Loaded debug metadata for module: packages/fl_chart/src/chart/base/axis_chart/side_titles/side_titles_flex.dart
[        ] Loaded debug metadata for module: packages/fl_chart/src/chart/base/axis_chart/side_titles/side_titles_flex.dart
[        ] MetadataProvider: Loaded debug metadata for module: packages/fl_chart/src/chart/base/line.dart
[        ] Loaded debug metadata for module: packages/fl_chart/src/chart/base/line.dart
[        ] MetadataProvider: Loaded debug metadata for module: packages/fl_chart/src/extensions/gradient_extension.dart
[        ] Loaded debug metadata for module: packages/fl_chart/src/extensions/gradient_extension.dart
[        ] MetadataProvider: Loaded debug metadata for module: packages/relief_dashboard/screens/admin_requests_screen.dart
[        ] Loaded debug metadata for module: packages/relief_dashboard/screens/admin_requests_screen.dart
[        ] MetadataProvider: Loaded debug metadata for module: packages/relief_dashboard/screens/allocation_sheet.dart
[        ] Loaded debug metadata for module: packages/relief_dashboard/screens/allocation_sheet.dart
[        ] MetadataProvider: Loaded debug metadata for module: packages/relief_dashboard/firebase_options.dart
[        ] Loaded debug metadata for module: packages/relief_dashboard/firebase_options.dart
[  +29 ms] DwdsInjector: Injected debugging metadata for entrypoint at http://127.0.0.1:5002/main_module.bootstrap.js
[        ] Injected debugging metadata for entrypoint at http://127.0.0.1:5002/main_module.bootstrap.js
[+40850 ms] ChromeProxyService: Initializing expression compiler for main_module.bootstrap.js
[        ] Initializing expression compiler for main_module.bootstrap.js
[ +885 ms] ChromeProxyService: Caching package:flutter/src/widgets/widget_inspector.dart in expression compiler worker
[  +58 ms] Caching package:flutter/src/widgets/widget_inspector.dart in expression compiler worker
[+1855 ms] ExpressionEvaluator: Evaluating "() { return true; }" at packages/flutter/src/cupertino/text_form_field_row.dart
[        ] Evaluating "() { return true; }" at packages/flutter/src/cupertino/text_form_field_row.dart
[ +629 ms] ExpressionEvaluator: Evaluating JS: "function () {
             try {
               return ((() => {var sentinel = {}; var output = function() {
                   let dart = dartDevEmbedder.importLibrary("dart:_runtime", function(lib) {
                     dart = lib;
                   });
                   let dart_rti = dartDevEmbedder.importLibrary("dart:_rti", function(lib) {
                     dart_rti = lib;
                   });
                   let dartx = dartDevEmbedder.importLibrary("dartx", function(lib) {
                     dartx = lib;
                   });
                   var T = {
                     VoidTobool: () => (T.VoidTobool = dart.constFn(dart_rti._Universe.eval(dart.typeUniverse, "core|bool()", true)))()
                   };
                   return dart.fn(() => true, T.VoidTobool());
                 }(); if (output === sentinel) throw Error("Value not found in scope");return output?._boundMethod || output;})())();
             } catch (error) {
               return error.name + ": " + error.message;
             }
           }" with scope: {}
[        ] Evaluating JS: "function () {
             try {
               return ((() => {var sentinel = {}; var output = function() {
                   let dart = dartDevEmbedder.importLibrary("dart:_runtime", function(lib) {
                     dart = lib;
                   });
                   let dart_rti = dartDevEmbedder.importLibrary("dart:_rti", function(lib) {
                     dart_rti = lib;
                   });
                   let dartx = dartDevEmbedder.importLibrary("dartx", function(lib) {
                     dartx = lib;
                   });
                   var T = {
                     VoidTobool: () => (T.VoidTobool = dart.constFn(dart_rti._Universe.eval(dart.typeUniverse, "core|bool()", true)))()
                   };
                   return dart.fn(() => true, T.VoidTobool());
                 }(); if (output === sentinel) throw Error("Value not found in scope");return output?._boundMethod || output;})())();
             } catch (error) {
               return error.name + ": " + error.message;
             }
           }" with scope: {}
[   +5 ms] ExpressionEvaluator: Evaluated "() { return true; }" to "{type: boolean, value: true}"
[        ] Evaluated "() { return true; }" to "{type: boolean, value: true}"
[  +15 ms] DevHandler: VmService proxy responded with an error:
           {jsonrpc: 2.0, id: 3, error: {code: -32602, message: The stream `Timer` is not supported on web devices}}
[        ] VmService proxy responded with an error:
           {jsonrpc: 2.0, id: 3, error: {code: -32602, message: The stream `Timer` is not supported on web devices}}
[ +106 ms] DwdsVmClient: Registering service extension: ext.dwds.emitEvent
[        ] Registering service extension: ext.dwds.emitEvent
[        ] DwdsVmClient: Registering service extension: ext.dwds.reload
[        ] Registering service extension: ext.dwds.reload
[        ] DwdsVmClient: Registering service extension: ext.dwds.restart
[        ] Registering service extension: ext.dwds.restart
[        ] DwdsVmClient: Registering service extension: ext.dwds.screenshot
[        ] Registering service extension: ext.dwds.screenshot
[        ] DwdsVmClient: Registering service extension: ext.dwds.sendEvent
[        ] Registering service extension: ext.dwds.sendEvent
[        ] DwdsVmClient: Registering service extension: _flutter.listViews
[        ] Registering service extension: _flutter.listViews
[  +33 ms] DevHandler: Debug service listening on ws://127.0.0.1:49241/X0AaVnOcbsk=/ws

[        ] Debug service listening on ws://127.0.0.1:49241/X0AaVnOcbsk=/ws

[   +8 ms] DevHandler: Chrome proxy service initialized successfully
[        ] Chrome proxy service initialized successfully
[  +16 ms] DevHandler: VmService proxy responded with an error:
           {jsonrpc: 2.0, id: 11, error: {code: -32601, message: Method not found, data: {jsonrpc: 2.0, method: _setStreamIncludePrivateMembers, id: 11, params: {streamId: Stdout, includePrivateMembers: false}}}}
[        ] VmService proxy responded with an error:
           {jsonrpc: 2.0, id: 11, error: {code: -32601, message: Method not found, data: {jsonrpc: 2.0, method: _setStreamIncludePrivateMembers, id: 11, params: {streamId: Stdout, includePrivateMembers: false}}}}
[   +5 ms] This app is linked to the debug service: ws://127.0.0.1:49241/X0AaVnOcbsk=/ws
[   +1 ms] DevHandler: VmService proxy responded with an error:
           {jsonrpc: 2.0, id: 12, error: {code: -32601, message: Method not found, data: {jsonrpc: 2.0, method: _setStreamIncludePrivateMembers, id: 12, params: {streamId: Stderr, includePrivateMembers: false}}}}
[        ] VmService proxy responded with an error:
           {jsonrpc: 2.0, id: 12, error: {code: -32601, message: Method not found, data: {jsonrpc: 2.0, method: _setStreamIncludePrivateMembers, id: 12, params: {streamId: Stderr, includePrivateMembers: false}}}}
[  +18 ms] DevHandler: VmService proxy responded with an error:
           {jsonrpc: 2.0, id: 14, error: {code: -32601, message: Method not found, data: {jsonrpc: 2.0, method: _setStreamIncludePrivateMembers, id: 14, params: {streamId: Isolate, includePrivateMembers: false}}}}
[        ] VmService proxy responded with an error:
           {jsonrpc: 2.0, id: 14, error: {code: -32601, message: Method not found, data: {jsonrpc: 2.0, method: _setStreamIncludePrivateMembers, id: 14, params: {streamId: Isolate, includePrivateMembers: false}}}}
[   +8 ms] DevHandler: VmService proxy responded with an error:
           {jsonrpc: 2.0, id: 15, error: {code: -32601, message: Method not found, data: {jsonrpc: 2.0, method: _setStreamIncludePrivateMembers, id: 15, params: {streamId: Extension, includePrivateMembers: false}}}}
[        ] VmService proxy responded with an error:
           {jsonrpc: 2.0, id: 15, error: {code: -32601, message: Method not found, data: {jsonrpc: 2.0, method: _setStreamIncludePrivateMembers, id: 15, params: {streamId: Extension, includePrivateMembers: false}}}}
[   +4 ms] Debug service listening on ws://127.0.0.1:49241/X0AaVnOcbsk=/ws
[   +1 ms] A Dart VM Service on Chrome is available at: http://127.0.0.1:49241/X0AaVnOcbsk=
[   +2 ms] The Flutter DevTools debugger and profiler on Chrome is available at: http://127.0.0.1:49241/X0AaVnOcbsk=/devtools/?uri=ws://127.0.0.1:49241/X0AaVnOcbsk=/ws
[  +22 ms] Starting application from main method in: org-dartlang-app:///web_entrypoint.dart.
[+90885 ms] DwdsInjector: Received request for entrypoint at http://127.0.0.1:5002/main_module.bootstrap.js
[        ] Received request for entrypoint at http://127.0.0.1:5002/main_module.bootstrap.js
[   +1 ms] MetadataProvider: Loading debug metadata...
[        ] Loading debug metadata...
[  +21 ms] MetadataProvider: Loaded debug metadata for module: web_entrypoint.dart
[        ] Loaded debug metadata for module: web_entrypoint.dart
[        ] MetadataProvider: Loaded debug metadata for module: web_plugin_registrant.dart
[        ] Loaded debug metadata for module: web_plugin_registrant.dart
[        ] MetadataProvider: Loaded debug metadata for module: packages/flutter_web_plugins/flutter_web_plugins.dart
[        ] Loaded debug metadata for module: packages/flutter_web_plugins/flutter_web_plugins.dart
[        ] MetadataProvider: Loaded debug metadata for module: packages/flutter_web_plugins/src/plugin_registry.dart
[        ] Loaded debug metadata for module: packages/flutter_web_plugins/src/plugin_registry.dart
[        ] MetadataProvider: Loaded debug metadata for module: packages/flutter/src/services/undo_manager.dart
[        ] Loaded debug metadata for module: packages/flutter/src/services/undo_manager.dart
[        ] MetadataProvider: Loaded debug metadata for module: packages/flutter/foundation.dart
[        ] Loaded debug metadata for module: packages/flutter/foundation.dart
[        ] MetadataProvider: Loaded debug metadata for module: packages/flutter/src/foundation/unicode.dart
[        ] Loaded debug metadata for module: packages/flutter/src/foundation/unicode.dart
[        ] MetadataProvider: Loaded debug metadata for module: packages/flutter/src/foundation/timeline.dart
[        ] Loaded debug metadata for module: packages/flutter/src/foundation/timeline.dart
[        ] MetadataProvider: Loaded debug metadata for module: packages/flutter/src/foundation/constants.dart
[        ] Loaded debug metadata for module: packages/flutter/src/foundation/constants.dart
[        ] MetadataProvider: Loaded debug metadata for module: packages/flutter/src/foundation/_timeline_web.dart
[        ] Loaded debug metadata for module: packages/flutter/src/foundation/_timeline_web.dart
[        ] MetadataProvider: Loaded debug metadata for module: packages/meta/meta.dart
[        ] Loaded debug metadata for module: packages/meta/meta.dart
[        ] MetadataProvider: Loaded debug metadata for module: packages/meta/meta_meta.dart
[        ] Loaded debug metadata for module: packages/meta/meta_meta.dart
[        ] MetadataProvider: Loaded debug metadata for module: packages/flutter/src/foundation/synchronous_future.dart
[        ] Loaded debug metadata for module: packages/flutter/src/foundation/synchronous_future.dart
[        ] MetadataProvider: Loaded debug metadata for module: packages/flutter/src/foundation/stack_frame.dart
[        ] Loaded debug metadata for module: packages/flutter/src/foundation/stack_frame.dart
[        ] MetadataProvider: Loaded debug metadata for module: packages/flutter/src/foundation/object.dart
[        ] Loaded debug metadata for module: packages/flutter/src/foundation/object.dart
[        ] MetadataProvider: Loaded debug metadata for module: packages/flutter/src/foundation/service_extensions.dart
[        ] Loaded debug metadata for module: packages/flutter/src/foundation/service_extensions.dart
[        ] MetadataProvider: Loaded debug metadata for module: packages/flutter/src/foundation/serialization.dart
[        ] Loaded debug metadata for module: packages/flutter/src/foundation/serialization.dart
[        ] MetadataProvider: Loaded debug metadata for module: packages/flutter/src/foundation/print.dart
[        ] Loaded debug metadata for module: packages/flutter/src/foundation/print.dart
[        ] MetadataProvider: Loaded debug metadata for module: packages/flutter/src/foundation/_platform_web.dart
[        ] Loaded debug metadata for module: packages/flutter/src/foundation/_platform_web.dart
[        ] MetadataProvider: Loaded debug metadata for module: packages/flutter/src/foundation/basic_types.dart
[        ] Loaded debug metadata for module: packages/flutter/src/foundation/basic_types.dart
[        ] MetadataProvider: Loaded debug metadata for module: packages/flutter/src/foundation/error_dumper.dart
[        ] Loaded debug metadata for module: packages/flutter/src/foundation/error_dumper.dart
[        ] MetadataProvider: Loaded debug metadata for module: packages/flutter/src/foundation/_error_dumper_web.dart
[        ] Loaded debug metadata for module: packages/flutter/src/foundation/_error_dumper_web.dart
[        ] MetadataProvider: Loaded debug metadata for module: packages/flutter/src/web.dart
[        ] Loaded debug metadata for module: packages/flutter/src/web.dart
[        ] MetadataProvider: Loaded debug metadata for module: packages/flutter/src/foundation/persistent_hash_map.dart
[        ] Loaded debug metadata for module: packages/flutter/src/foundation/persistent_hash_map.dart
[        ] MetadataProvider: Loaded debug metadata for module: packages/flutter/src/foundation/observer_list.dart
[        ] Loaded debug metadata for module: packages/flutter/src/foundation/observer_list.dart
[        ] MetadataProvider: Loaded debug metadata for module: packages/flutter/src/foundation/node.dart
[        ] Loaded debug metadata for module: packages/flutter/src/foundation/node.dart
[        ] MetadataProvider: Loaded debug metadata for module: packages/flutter/src/foundation/licenses.dart
[        ] Loaded debug metadata for module: packages/flutter/src/foundation/licenses.dart
[        ] MetadataProvider: Loaded debug metadata for module: packages/flutter/src/foundation/key.dart
[        ] Loaded debug metadata for module: packages/flutter/src/foundation/key.dart
[        ] MetadataProvider: Loaded debug metadata for module: packages/flutter/src/foundation/_isolates_web.dart
[        ] Loaded debug metadata for module: packages/flutter/src/foundation/_isolates_web.dart
[        ] MetadataProvider: Loaded debug metadata for module: packages/flutter/src/foundation/consolidate_response.dart
[        ] Loaded debug metadata for module: packages/flutter/src/foundation/consolidate_response.dart
[        ] MetadataProvider: Loaded debug metadata for module: packages/flutter/src/foundation/collections.dart
[        ] Loaded debug metadata for module: packages/flutter/src/foundation/collections.dart
[        ] MetadataProvider: Loaded debug metadata for module: packages/flutter/src/foundation/change_notifier.dart
[        ] Loaded debug metadata for module: packages/flutter/src/foundation/change_notifier.dart
[        ] MetadataProvider: Loaded debug metadata for module: packages/flutter/src/foundation/capabilities.dart
[        ] Loaded debug metadata for module: packages/flutter/src/foundation/capabilities.dart
[        ] MetadataProvider: Loaded debug metadata for module: packages/flutter/src/foundation/_capabilities_web.dart
[        ] Loaded debug metadata for module: packages/flutter/src/foundation/_capabilities_web.dart
[        ] MetadataProvider: Loaded debug metadata for module: packages/flutter/src/foundation/_bitfield_web.dart
[        ] Loaded debug metadata for module: packages/flutter/src/foundation/_bitfield_web.dart
[        ] MetadataProvider: Loaded debug metadata for module: packages/flutter/src/foundation/binding.dart
[        ] Loaded debug metadata for module: packages/flutter/src/foundation/binding.dart
[        ] MetadataProvider: Loaded debug metadata for module: packages/flutter/src/foundation/annotations.dart
[        ] Loaded debug metadata for module: packages/flutter/src/foundation/annotations.dart
[        ] MetadataProvider: Loaded debug metadata for module: packages/flutter/src/services/text_layout_metrics.dart
[        ] Loaded debug metadata for module: packages/flutter/src/services/text_layout_metrics.dart
[        ] MetadataProvider: Loaded debug metadata for module: packages/flutter/src/services/text_editing.dart
[        ] Loaded debug metadata for module: packages/flutter/src/services/text_editing.dart
[        ] MetadataProvider: Loaded debug metadata for module: packages/flutter/src/services/text_editing_delta.dart
[        ] Loaded debug metadata for module: packages/flutter/src/services/text_editing_delta.dart
[        ] MetadataProvider: Loaded debug metadata for module: packages/vector_math/vector_math_64.dart
[        ] Loaded debug metadata for module: packages/vector_math/vector_math_64.dart
[        ] MetadataProvider: Loaded debug metadata for module: packages/flutter/scheduler.dart
[        ] Loaded debug metadata for module: packages/flutter/scheduler.dart
[        ] MetadataProvider: Loaded debug metadata for module: packages/flutter/src/scheduler/ticker.dart
[        ] Loaded debug metadata for module: packages/flutter/src/scheduler/ticker.dart
[        ] MetadataProvider: Loaded debug metadata for module: packages/flutter/src/scheduler/binding.dart
[        ] Loaded debug metadata for module: packages/flutter/src/scheduler/binding.dart
[        ] MetadataProvider: Loaded debug metadata for module: packages/flutter/src/scheduler/priority.dart
[        ] Loaded debug metadata for module: packages/flutter/src/scheduler/priority.dart
[        ] MetadataProvider: Loaded debug metadata for module: packages/flutter/src/scheduler/service_extensions.dart
[        ] Loaded debug metadata for module: packages/flutter/src/scheduler/service_extensions.dart
[        ] MetadataProvider: Loaded debug metadata for module: packages/flutter/src/scheduler/debug.dart
[        ] Loaded debug metadata for module: packages/flutter/src/scheduler/debug.dart
[        ] MetadataProvider: Loaded debug metadata for module: packages/collection/collection.dart
[        ] Loaded debug metadata for module: packages/collection/collection.dart
[        ] MetadataProvider: Loaded debug metadata for module: packages/collection/src/wrappers.dart
[        ] Loaded debug metadata for module: packages/collection/src/wrappers.dart
[        ] MetadataProvider: Loaded debug metadata for module: packages/collection/src/union_set_controller.dart
[        ] Loaded debug metadata for module: packages/collection/src/union_set_controller.dart
[        ] MetadataProvider: Loaded debug metadata for module: packages/collection/src/union_set.dart
[        ] Loaded debug metadata for module: packages/collection/src/union_set.dart
[        ] MetadataProvider: Loaded debug metadata for module: packages/collection/src/queue_list.dart
[        ] Loaded debug metadata for module: packages/collection/src/queue_list.dart
[        ] MetadataProvider: Loaded debug metadata for module: packages/collection/src/priority_queue.dart
[        ] Loaded debug metadata for module: packages/collection/src/priority_queue.dart
[        ] MetadataProvider: Loaded debug metadata for module: packages/collection/src/utils.dart
[        ] Loaded debug metadata for module: packages/collection/src/utils.dart
[        ] MetadataProvider: Loaded debug metadata for module: packages/collection/src/list_extensions.dart
[        ] Loaded debug metadata for module: packages/collection/src/list_extensions.dart
[        ] MetadataProvider: Loaded debug metadata for module: packages/collection/src/equality.dart
[        ] Loaded debug metadata for module: packages/collection/src/equality.dart
[        ] MetadataProvider: Loaded debug metadata for module: packages/collection/src/comparators.dart
[        ] Loaded debug metadata for module: packages/collection/src/comparators.dart
[        ] MetadataProvider: Loaded debug metadata for module: packages/collection/src/algorithms.dart
[        ] Loaded debug metadata for module: packages/collection/src/algorithms.dart
[        ] MetadataProvider: Loaded debug metadata for module: packages/collection/src/iterable_zip.dart
[        ] Loaded debug metadata for module: packages/collection/src/iterable_zip.dart
[        ] MetadataProvider: Loaded debug metadata for module: packages/collection/src/iterable_extensions.dart
[        ] Loaded debug metadata for module: packages/collection/src/iterable_extensions.dart
[        ] MetadataProvider: Loaded debug metadata for module: packages/collection/src/functions.dart
[        ] Loaded debug metadata for module: packages/collection/src/functions.dart
[        ] MetadataProvider: Loaded debug metadata for module: packages/collection/src/equality_set.dart
[        ] Loaded debug metadata for module: packages/collection/src/equality_set.dart
[        ] MetadataProvider: Loaded debug metadata for module: packages/collection/src/equality_map.dart
[        ] Loaded debug metadata for module: packages/collection/src/equality_map.dart
[        ] MetadataProvider: Loaded debug metadata for module: packages/collection/src/combined_wrappers/combined_map.dart
[        ] Loaded debug metadata for module: packages/collection/src/combined_wrappers/combined_map.dart
[        ] MetadataProvider: Loaded debug metadata for module: packages/collection/src/combined_wrappers/combined_iterable.dart
[        ] Loaded debug metadata for module: packages/collection/src/combined_wrappers/combined_iterable.dart
[        ] MetadataProvider: Loaded debug metadata for module: packages/collection/src/combined_wrappers/combined_iterator.dart
[        ] Loaded debug metadata for module: packages/collection/src/combined_wrappers/combined_iterator.dart
[        ] MetadataProvider: Loaded debug metadata for module: packages/collection/src/combined_wrappers/combined_list.dart
[        ] Loaded debug metadata for module: packages/collection/src/combined_wrappers/combined_list.dart
[        ] MetadataProvider: Loaded debug metadata for module: packages/collection/src/canonicalized_map.dart
[        ] Loaded debug metadata for module: packages/collection/src/canonicalized_map.dart
[        ] MetadataProvider: Loaded debug metadata for module: packages/collection/src/boollist.dart
[        ] Loaded debug metadata for module: packages/collection/src/boollist.dart
[        ] MetadataProvider: Loaded debug metadata for module: packages/flutter/src/services/keyboard_key.g.dart
[        ] Loaded debug metadata for module: packages/flutter/src/services/keyboard_key.g.dart
[        ] MetadataProvider: Loaded debug metadata for module: packages/flutter/src/services/keyboard_maps.g.dart
[        ] Loaded debug metadata for module: packages/flutter/src/services/keyboard_maps.g.dart
[        ] MetadataProvider: Loaded debug metadata for module: packages/flutter/src/services/binary_messenger.dart
[        ] Loaded debug metadata for module: packages/flutter/src/services/binary_messenger.dart
[        ] MetadataProvider: Loaded debug metadata for module: packages/flutter/src/services/service_extensions.dart
[        ] Loaded debug metadata for module: packages/flutter/src/services/service_extensions.dart
[        ] MetadataProvider: Loaded debug metadata for module: packages/flutter/src/services/keyboard_inserted_content.dart
[        ] Loaded debug metadata for module: packages/flutter/src/services/keyboard_inserted_content.dart
[        ] MetadataProvider: Loaded debug metadata for module: packages/flutter/src/services/text_formatter.dart
[        ] Loaded debug metadata for module: packages/flutter/src/services/text_formatter.dart
[        ] MetadataProvider: Loaded debug metadata for module: packages/characters/characters.dart
[        ] Loaded debug metadata for module: packages/characters/characters.dart
[        ] MetadataProvider: Loaded debug metadata for module: packages/characters/src/extensions.dart
[        ] Loaded debug metadata for module: packages/characters/src/extensions.dart
[        ] MetadataProvider: Loaded debug metadata for module: packages/characters/src/characters_impl.dart
[        ] Loaded debug metadata for module: packages/characters/src/characters_impl.dart
[        ] MetadataProvider: Loaded debug metadata for module: packages/characters/src/grapheme_clusters/table.dart
[        ] Loaded debug metadata for module: packages/characters/src/grapheme_clusters/table.dart
[        ] MetadataProvider: Loaded debug metadata for module: packages/characters/src/grapheme_clusters/constants.dart
[        ] Loaded debug metadata for module: packages/characters/src/grapheme_clusters/constants.dart
[        ] MetadataProvider: Loaded debug metadata for module: packages/characters/src/grapheme_clusters/breaks.dart
[        ] Loaded debug metadata for module: packages/characters/src/grapheme_clusters/breaks.dart
[        ] MetadataProvider: Loaded debug metadata for module: packages/flutter/src/services/text_boundary.dart
[        ] Loaded debug metadata for module: packages/flutter/src/services/text_boundary.dart
[        ] MetadataProvider: Loaded debug metadata for module: packages/flutter/src/services/system_sound.dart
[        ] Loaded debug metadata for module: packages/flutter/src/services/system_sound.dart
[        ] MetadataProvider: Loaded debug metadata for module: packages/flutter/src/services/system_navigator.dart
[        ] Loaded debug metadata for module: packages/flutter/src/services/system_navigator.dart
[        ] MetadataProvider: Loaded debug metadata for module: packages/flutter/src/services/spell_check.dart
[        ] Loaded debug metadata for module: packages/flutter/src/services/spell_check.dart
[        ] MetadataProvider: Loaded debug metadata for module: packages/flutter/src/services/sensitive_content.dart
[        ] Loaded debug metadata for module: packages/flutter/src/services/sensitive_content.dart
[        ] MetadataProvider: Loaded debug metadata for module: packages/flutter/src/services/scribe.dart
[        ] Loaded debug metadata for module: packages/flutter/src/services/scribe.dart
[        ] MetadataProvider: Loaded debug metadata for module: packages/flutter/src/services/process_text.dart
[        ] Loaded debug metadata for module: packages/flutter/src/services/process_text.dart
[        ] MetadataProvider: Loaded debug metadata for module: packages/flutter/src/services/predictive_back_event.dart
[        ] Loaded debug metadata for module: packages/flutter/src/services/predictive_back_event.dart
[        ] MetadataProvider: Loaded debug metadata for module: packages/flutter/src/services/platform_views.dart
[        ] Loaded debug metadata for module: packages/flutter/src/services/platform_views.dart
[        ] MetadataProvider: Loaded debug metadata for module: packages/flutter/gestures.dart
[        ] Loaded debug metadata for module: packages/flutter/gestures.dart
[        ] MetadataProvider: Loaded debug metadata for module: packages/flutter/src/gestures/velocity_tracker.dart
[        ] Loaded debug metadata for module: packages/flutter/src/gestures/velocity_tracker.dart
[        ] MetadataProvider: Loaded debug metadata for module: packages/flutter/src/gestures/lsq_solver.dart
[        ] Loaded debug metadata for module: packages/flutter/src/gestures/lsq_solver.dart
[        ] MetadataProvider: Loaded debug metadata for module: packages/flutter/src/gestures/events.dart
[        ] Loaded debug metadata for module: packages/flutter/src/gestures/events.dart
[        ] MetadataProvider: Loaded debug metadata for module: packages/flutter/src/gestures/gesture_settings.dart
[        ] Loaded debug metadata for module: packages/flutter/src/gestures/gesture_settings.dart
[        ] MetadataProvider: Loaded debug metadata for module: packages/flutter/src/gestures/constants.dart
[        ] Loaded debug metadata for module: packages/flutter/src/gestures/constants.dart
[        ] MetadataProvider: Loaded debug metadata for module: packages/flutter/src/gestures/binding.dart
[        ] Loaded debug metadata for module: packages/flutter/src/gestures/binding.dart
[        ] MetadataProvider: Loaded debug metadata for module: packages/flutter/src/gestures/pointer_signal_resolver.dart
[        ] Loaded debug metadata for module: packages/flutter/src/gestures/pointer_signal_resolver.dart
[        ] MetadataProvider: Loaded debug metadata for module: packages/flutter/src/gestures/pointer_router.dart
[        ] Loaded debug metadata for module: packages/flutter/src/gestures/pointer_router.dart
[        ] MetadataProvider: Loaded debug metadata for module: packages/flutter/src/gestures/hit_test.dart
[        ] Loaded debug metadata for module: packages/flutter/src/gestures/hit_test.dart
[        ] MetadataProvider: Loaded debug metadata for module: packages/flutter/src/gestures/arena.dart
[        ] Loaded debug metadata for module: packages/flutter/src/gestures/arena.dart
[        ] MetadataProvider: Loaded debug metadata for module: packages/flutter/src/gestures/debug.dart
[        ] Loaded debug metadata for module: packages/flutter/src/gestures/debug.dart
[        ] MetadataProvider: Loaded debug metadata for module: packages/flutter/src/gestures/resampler.dart
[        ] Loaded debug metadata for module: packages/flutter/src/gestures/resampler.dart
[        ] MetadataProvider: Loaded debug metadata for module: packages/flutter/src/gestures/converter.dart
[        ] Loaded debug metadata for module: packages/flutter/src/gestures/converter.dart
[        ] MetadataProvider: Loaded debug metadata for module: packages/flutter/src/gestures/team.dart
[        ] Loaded debug metadata for module: packages/flutter/src/gestures/team.dart
[        ] MetadataProvider: Loaded debug metadata for module: packages/flutter/src/gestures/tap_and_drag.dart
[        ] Loaded debug metadata for module: packages/flutter/src/gestures/tap_and_drag.dart
[        ] MetadataProvider: Loaded debug metadata for module: packages/flutter/src/gestures/tap.dart
[        ] Loaded debug metadata for module: packages/flutter/src/gestures/tap.dart
[        ] MetadataProvider: Loaded debug metadata for module: packages/flutter/src/gestures/recognizer.dart
[        ] Loaded debug metadata for module: packages/flutter/src/gestures/recognizer.dart
[        ] MetadataProvider: Loaded debug metadata for module: packages/flutter/src/gestures/gesture_details.dart
[        ] Loaded debug metadata for module: packages/flutter/src/gestures/gesture_details.dart
[        ] MetadataProvider: Loaded debug metadata for module: packages/flutter/src/gestures/scale.dart
[        ] Loaded debug metadata for module: packages/flutter/src/gestures/scale.dart
[        ] MetadataProvider: Loaded debug metadata for module: packages/flutter/src/gestures/monodrag.dart
[        ] Loaded debug metadata for module: packages/flutter/src/gestures/monodrag.dart
[        ] MetadataProvider: Loaded debug metadata for module: packages/flutter/src/gestures/drag_details.dart
[        ] Loaded debug metadata for module: packages/flutter/src/gestures/drag_details.dart
[        ] MetadataProvider: Loaded debug metadata for module: packages/flutter/src/gestures/drag.dart
[        ] Loaded debug metadata for module: packages/flutter/src/gestures/drag.dart
[        ] MetadataProvider: Loaded debug metadata for module: packages/flutter/src/gestures/multitap.dart
[        ] Loaded debug metadata for module: packages/flutter/src/gestures/multitap.dart
[        ] MetadataProvider: Loaded debug metadata for module: packages/flutter/src/gestures/multidrag.dart
[        ] Loaded debug metadata for module: packages/flutter/src/gestures/multidrag.dart
[        ] MetadataProvider: Loaded debug metadata for module: packages/flutter/src/gestures/long_press.dart
[        ] Loaded debug metadata for module: packages/flutter/src/gestures/long_press.dart
[        ] MetadataProvider: Loaded debug metadata for module: packages/flutter/src/gestures/force_press.dart
[        ] Loaded debug metadata for module: packages/flutter/src/gestures/force_press.dart
[        ] MetadataProvider: Loaded debug metadata for module: packages/flutter/src/gestures/eager.dart
[        ] Loaded debug metadata for module: packages/flutter/src/gestures/eager.dart
[        ] MetadataProvider: Loaded debug metadata for module: packages/flutter/src/services/mouse_tracking.dart
[        ] Loaded debug metadata for module: packages/flutter/src/services/mouse_tracking.dart
[        ] MetadataProvider: Loaded debug metadata for module: packages/flutter/src/services/mouse_cursor.dart
[        ] Loaded debug metadata for module: packages/flutter/src/services/mouse_cursor.dart
[        ] MetadataProvider: Loaded debug metadata for module: packages/flutter/src/services/live_text.dart
[        ] Loaded debug metadata for module: packages/flutter/src/services/live_text.dart
[        ] MetadataProvider: Loaded debug metadata for module: packages/flutter/src/services/haptic_feedback.dart
[        ] Loaded debug metadata for module: packages/flutter/src/services/haptic_feedback.dart
[        ] MetadataProvider: Loaded debug metadata for module: packages/flutter/src/services/font_loader.dart
[        ] Loaded debug metadata for module: packages/flutter/src/services/font_loader.dart
[        ] MetadataProvider: Loaded debug metadata for module: packages/flutter/src/services/flutter_version.dart
[        ] Loaded debug metadata for module: packages/flutter/src/services/flutter_version.dart
[        ] MetadataProvider: Loaded debug metadata for module: packages/flutter/src/services/flavor.dart
[        ] Loaded debug metadata for module: packages/flutter/src/services/flavor.dart
[        ] MetadataProvider: Loaded debug metadata for module: packages/flutter/src/services/deferred_component.dart
[        ] Loaded debug metadata for module: packages/flutter/src/services/deferred_component.dart
[        ] MetadataProvider: Loaded debug metadata for module: packages/flutter/src/services/browser_context_menu.dart
[        ] Loaded debug metadata for module: packages/flutter/src/services/browser_context_menu.dart
[        ] MetadataProvider: Loaded debug metadata for module: packages/flutter/src/services/asset_manifest.dart
[        ] Loaded debug metadata for module: packages/flutter/src/services/asset_manifest.dart
[        ] MetadataProvider: Loaded debug metadata for module: packages/flutter/src/services/app_version.dart
[        ] Loaded debug metadata for module: packages/flutter/src/services/app_version.dart
[        ] MetadataProvider: Loaded debug metadata for module: packages/flutter_web_plugins/src/plugin_event_channel.dart
[        ] Loaded debug metadata for module: packages/flutter_web_plugins/src/plugin_event_channel.dart
[        ] MetadataProvider: Loaded debug metadata for module: packages/flutter_web_plugins/src/navigation/utils.dart
[        ] Loaded debug metadata for module: packages/flutter_web_plugins/src/navigation/utils.dart
[        ] MetadataProvider: Loaded debug metadata for module: packages/flutter_web_plugins/src/navigation/url_strategy.dart
[        ] Loaded debug metadata for module: packages/flutter_web_plugins/src/navigation/url_strategy.dart
[        ] MetadataProvider: Loaded debug metadata for module: packages/image_picker_for_web/image_picker_for_web.dart
[        ] Loaded debug metadata for module: packages/image_picker_for_web/image_picker_for_web.dart
[        ] MetadataProvider: Loaded debug metadata for module: packages/image_picker_for_web/src/pkg_web_tweaks.dart
[        ] Loaded debug metadata for module: packages/image_picker_for_web/src/pkg_web_tweaks.dart
[        ] MetadataProvider: Loaded debug metadata for module: packages/web/src/helpers/renames.dart
[        ] Loaded debug metadata for module: packages/web/src/helpers/renames.dart
[        ] MetadataProvider: Loaded debug metadata for module: packages/web/src/helpers/lists.dart
[        ] Loaded debug metadata for module: packages/web/src/helpers/lists.dart
[        ] MetadataProvider: Loaded debug metadata for module: packages/web/src/dom.dart
[        ] Loaded debug metadata for module: packages/web/src/dom.dart
[        ] MetadataProvider: Loaded debug metadata for module: packages/web/src/dom/web_animations_2.dart
[        ] Loaded debug metadata for module: packages/web/src/dom/web_animations_2.dart
[        ] MetadataProvider: Loaded debug metadata for module: packages/web/src/dom/server_timing.dart
[        ] Loaded debug metadata for module: packages/web/src/dom/server_timing.dart
[        ] MetadataProvider: Loaded debug metadata for module: packages/web/src/dom/css_typed_om.dart
[        ] Loaded debug metadata for module: packages/web/src/dom/css_typed_om.dart
[        ] MetadataProvider: Loaded debug metadata for module: packages/web/src/dom/geometry.dart
[        ] Loaded debug metadata for module: packages/web/src/dom/geometry.dart
[        ] MetadataProvider: Loaded debug metadata for module: packages/web/src/dom/pointerlock.dart
[        ] Loaded debug metadata for module: packages/web/src/dom/pointerlock.dart
[        ] MetadataProvider: Loaded debug metadata for module: packages/web/src/dom/fullscreen.dart
[        ] Loaded debug metadata for module: packages/web/src/dom/fullscreen.dart
[        ] MetadataProvider: Loaded debug metadata for module: packages/web/src/dom/css_view_transitions.dart
[        ] Loaded debug metadata for module: packages/web/src/dom/css_view_transitions.dart
[        ] MetadataProvider: Loaded debug metadata for module: packages/web/src/dom/webidl.dart
[        ] Loaded debug metadata for module: packages/web/src/dom/webidl.dart
[        ] MetadataProvider: Loaded debug metadata for module: packages/web/src/dom/webcryptoapi.dart
[        ] Loaded debug metadata for module: packages/web/src/dom/webcryptoapi.dart
[        ] MetadataProvider: Loaded debug metadata for module: packages/web/src/dom/video_rvfc.dart
[        ] Loaded debug metadata for module: packages/web/src/dom/video_rvfc.dart
[        ] MetadataProvider: Loaded debug metadata for module: packages/web/src/dom/vibration.dart
[        ] Loaded debug metadata for module: packages/web/src/dom/vibration.dart
[        ] MetadataProvider: Loaded debug metadata for module: packages/web/src/dom/trusted_types.dart
[        ] Loaded debug metadata for module: packages/web/src/dom/trusted_types.dart
[        ] MetadataProvider: Loaded debug metadata for module: packages/web/src/dom/trust_token_api.dart
[        ] Loaded debug metadata for module: packages/web/src/dom/trust_token_api.dart
[        ] MetadataProvider: Loaded debug metadata for module: packages/web/src/dom/referrer_policy.dart
[        ] Loaded debug metadata for module: packages/web/src/dom/referrer_policy.dart
[        ] MetadataProvider: Loaded debug metadata for module: packages/web/src/dom/private_network_access.dart
[        ] Loaded debug metadata for module: packages/web/src/dom/private_network_access.dart
[        ] MetadataProvider: Loaded debug metadata for module: packages/web/src/dom/attribution_reporting_api.dart
[        ] Loaded debug metadata for module: packages/web/src/dom/attribution_reporting_api.dart
[        ] MetadataProvider: Loaded debug metadata for module: packages/web/src/dom/requestidlecallback.dart
[        ] Loaded debug metadata for module: packages/web/src/dom/requestidlecallback.dart
[        ] MetadataProvider: Loaded debug metadata for module: packages/web/src/dom/mediasession.dart
[        ] Loaded debug metadata for module: packages/web/src/dom/mediasession.dart
[        ] MetadataProvider: Loaded debug metadata for module: packages/web/src/dom/screen_capture.dart
[        ] Loaded debug metadata for module: packages/web/src/dom/screen_capture.dart
[        ] MetadataProvider: Loaded debug metadata for module: packages/web/src/dom/image_capture.dart
[        ] Loaded debug metadata for module: packages/web/src/dom/image_capture.dart
[        ] MetadataProvider: Loaded debug metadata for module: packages/web/src/dom/media_playback_quality.dart
[   +1 ms] Loaded debug metadata for module: packages/web/src/dom/media_playback_quality.dart
[        ] MetadataProvider: Loaded debug metadata for module: packages/web/src/dom/entries_api.dart
[        ] Loaded debug metadata for module: packages/web/src/dom/entries_api.dart
[        ] MetadataProvider: Loaded debug metadata for module: packages/web/src/dom/fido.dart
[        ] Loaded debug metadata for module: packages/web/src/dom/fido.dart
[        ] MetadataProvider: Loaded debug metadata for module: packages/web/src/dom/web_otp.dart
[        ] Loaded debug metadata for module: packages/web/src/dom/web_otp.dart
[        ] MetadataProvider: Loaded debug metadata for module: packages/web/src/dom/fedcm.dart
[        ] Loaded debug metadata for module: packages/web/src/dom/fedcm.dart
[        ] MetadataProvider: Loaded debug metadata for module: packages/web/src/dom/digital_identities.dart
[        ] Loaded debug metadata for module: packages/web/src/dom/digital_identities.dart
[        ] MetadataProvider: Loaded debug metadata for module: packages/web/src/dom/webxr_hand_input.dart
[        ] Loaded debug metadata for module: packages/web/src/dom/webxr_hand_input.dart
[        ] MetadataProvider: Loaded debug metadata for module: packages/web/src/dom/webvtt.dart
[        ] Loaded debug metadata for module: packages/web/src/dom/webvtt.dart
[        ] MetadataProvider: Loaded debug metadata for module: packages/web/src/dom/webtransport.dart
[        ] Loaded debug metadata for module: packages/web/src/dom/webtransport.dart
[        ] MetadataProvider: Loaded debug metadata for module: packages/web/src/dom/websockets.dart
[        ] Loaded debug metadata for module: packages/web/src/dom/websockets.dart
[        ] MetadataProvider: Loaded debug metadata for module: packages/web/src/dom/webrtc_priority.dart
[        ] Loaded debug metadata for module: packages/web/src/dom/webrtc_priority.dart
[        ] MetadataProvider: Loaded debug metadata for module: packages/web/src/dom/webrtc_identity.dart
[        ] Loaded debug metadata for module: packages/web/src/dom/webrtc_identity.dart
[        ] MetadataProvider: Loaded debug metadata for module: packages/web/src/dom/webrtc_encoded_transform.dart
[        ] Loaded debug metadata for module: packages/web/src/dom/webrtc_encoded_transform.dart
[        ] MetadataProvider: Loaded debug metadata for module: packages/web/src/dom/webrtc.dart
[        ] Loaded debug metadata for module: packages/web/src/dom/webrtc.dart
[        ] MetadataProvider: Loaded debug metadata for module: packages/web/src/dom/mst_content_hint.dart
[        ] Loaded debug metadata for module: packages/web/src/dom/mst_content_hint.dart
[        ] MetadataProvider: Loaded debug metadata for module: packages/web/src/dom/webgpu.dart
[        ] Loaded debug metadata for module: packages/web/src/dom/webgpu.dart
[        ] MetadataProvider: Loaded debug metadata for module: packages/web/src/dom/webgl_multi_draw.dart
[        ] Loaded debug metadata for module: packages/web/src/dom/webgl_multi_draw.dart
[   +3 ms] MetadataProvider: Loaded debug metadata for module: packages/web/src/dom/webgl1.dart
[        ] Loaded debug metadata for module: packages/web/src/dom/webgl1.dart
[        ] MetadataProvider: Loaded debug metadata for module: packages/web/src/dom/webgl_lose_context.dart
[        ] Loaded debug metadata for module: packages/web/src/dom/webgl_lose_context.dart
[        ] MetadataProvider: Loaded debug metadata for module: packages/web/src/dom/webgl_draw_buffers.dart
[        ] Loaded debug metadata for module: packages/web/src/dom/webgl_draw_buffers.dart
[        ] MetadataProvider: Loaded debug metadata for module: packages/web/src/dom/webgl_depth_texture.dart
[        ] Loaded debug metadata for module: packages/web/src/dom/webgl_depth_texture.dart
[        ] MetadataProvider: Loaded debug metadata for module: packages/web/src/dom/webgl_debug_shaders.dart
[        ] Loaded debug metadata for module: packages/web/src/dom/webgl_debug_shaders.dart
[        ] MetadataProvider: Loaded debug metadata for module: packages/web/src/dom/webgl_debug_renderer_info.dart
[        ] Loaded debug metadata for module: packages/web/src/dom/webgl_debug_renderer_info.dart
[        ] MetadataProvider: Loaded debug metadata for module: packages/web/src/dom/webgl_compressed_texture_s3tc_srgb.dart
[        ] Loaded debug metadata for module: packages/web/src/dom/webgl_compressed_texture_s3tc_srgb.dart
[        ] MetadataProvider: Loaded debug metadata for module: packages/web/src/dom/webgl_compressed_texture_s3tc.dart
[        ] Loaded debug metadata for module: packages/web/src/dom/webgl_compressed_texture_s3tc.dart
[        ] MetadataProvider: Loaded debug metadata for module: packages/web/src/dom/webgl_compressed_texture_pvrtc.dart
[        ] Loaded debug metadata for module: packages/web/src/dom/webgl_compressed_texture_pvrtc.dart
[        ] MetadataProvider: Loaded debug metadata for module: packages/web/src/dom/webgl_compressed_texture_etc1.dart
[        ] Loaded debug metadata for module: packages/web/src/dom/webgl_compressed_texture_etc1.dart
[        ] MetadataProvider: Loaded debug metadata for module: packages/web/src/dom/webgl_compressed_texture_etc.dart
[        ] Loaded debug metadata for module: packages/web/src/dom/webgl_compressed_texture_etc.dart
[        ] MetadataProvider: Loaded debug metadata for module: packages/web/src/dom/webgl_compressed_texture_astc.dart
[        ] Loaded debug metadata for module: packages/web/src/dom/webgl_compressed_texture_astc.dart
[        ] MetadataProvider: Loaded debug metadata for module: packages/web/src/dom/webgl_color_buffer_float.dart
[        ] Loaded debug metadata for module: packages/web/src/dom/webgl_color_buffer_float.dart
[        ] MetadataProvider: Loaded debug metadata for module: packages/web/src/dom/webgl2.dart
[        ] Loaded debug metadata for module: packages/web/src/dom/webgl2.dart
[        ] MetadataProvider: Loaded debug metadata for module: packages/web/src/dom/webcodecs_vp9_codec_registration.dart
[        ] Loaded debug metadata for module: packages/web/src/dom/webcodecs_vp9_codec_registration.dart
[        ] MetadataProvider: Loaded debug metadata for module: packages/web/src/dom/webcodecs_hevc_codec_registration.dart
[        ] Loaded debug metadata for module: packages/web/src/dom/webcodecs_hevc_codec_registration.dart
[        ] MetadataProvider: Loaded debug metadata for module: packages/web/src/dom/webcodecs_avc_codec_registration.dart
[        ] Loaded debug metadata for module: packages/web/src/dom/webcodecs_avc_codec_registration.dart
[        ] MetadataProvider: Loaded debug metadata for module: packages/web/src/dom/webcodecs_av1_codec_registration.dart
[        ] Loaded debug metadata for module: packages/web/src/dom/webcodecs_av1_codec_registration.dart
[        ] MetadataProvider: Loaded debug metadata for module: packages/web/src/dom/webcodecs.dart
[        ] Loaded debug metadata for module: packages/web/src/dom/webcodecs.dart
[        ] MetadataProvider: Loaded debug metadata for module: packages/web/src/dom/webaudio.dart
[        ] Loaded debug metadata for module: packages/web/src/dom/webaudio.dart
[        ] MetadataProvider: Loaded debug metadata for module: packages/web/src/dom/web_bluetooth.dart
[        ] Loaded debug metadata for module: packages/web/src/dom/web_bluetooth.dart
[        ] MetadataProvider: Loaded debug metadata for module: packages/web/src/dom/wasm_js_api.dart
[        ] Loaded debug metadata for module: packages/web/src/dom/wasm_js_api.dart
[        ] MetadataProvider: Loaded debug metadata for module: packages/web/src/dom/url.dart
[        ] Loaded debug metadata for module: packages/web/src/dom/url.dart
[        ] MetadataProvider: Loaded debug metadata for module: packages/web/src/dom/touch_events.dart
[        ] Loaded debug metadata for module: packages/web/src/dom/touch_events.dart
[        ] MetadataProvider: Loaded debug metadata for module: packages/web/src/dom/svg_animations.dart
[        ] Loaded debug metadata for module: packages/web/src/dom/svg_animations.dart
[        ] MetadataProvider: Loaded debug metadata for module: packages/web/src/dom/sanitizer_api.dart
[        ] Loaded debug metadata for module: packages/web/src/dom/sanitizer_api.dart
[        ] MetadataProvider: Loaded debug metadata for module: packages/web/src/dom/saa_non_cookie_storage.dart
[        ] Loaded debug metadata for module: packages/web/src/dom/saa_non_cookie_storage.dart
[        ] MetadataProvider: Loaded debug metadata for module: packages/web/src/dom/resize_observer.dart
[        ] Loaded debug metadata for module: packages/web/src/dom/resize_observer.dart
[        ] MetadataProvider: Loaded debug metadata for module: packages/web/src/dom/reporting.dart
[        ] Loaded debug metadata for module: packages/web/src/dom/reporting.dart
[        ] MetadataProvider: Loaded debug metadata for module: packages/web/src/dom/pointerevents.dart
[        ] Loaded debug metadata for module: packages/web/src/dom/pointerevents.dart
[        ] MetadataProvider: Loaded debug metadata for module: packages/web/src/dom/paint_timing.dart
[        ] Loaded debug metadata for module: packages/web/src/dom/paint_timing.dart
[        ] MetadataProvider: Loaded debug metadata for module: packages/web/src/dom/ovr_multiview2.dart
[        ] Loaded debug metadata for module: packages/web/src/dom/ovr_multiview2.dart
[        ] MetadataProvider: Loaded debug metadata for module: packages/web/src/dom/orientation_sensor.dart
[        ] Loaded debug metadata for module: packages/web/src/dom/orientation_sensor.dart
[        ] MetadataProvider: Loaded debug metadata for module: packages/web/src/dom/generic_sensor.dart
[        ] Loaded debug metadata for module: packages/web/src/dom/generic_sensor.dart
[        ] MetadataProvider: Loaded debug metadata for module: packages/web/src/dom/orientation_event.dart
[        ] Loaded debug metadata for module: packages/web/src/dom/orientation_event.dart
[        ] MetadataProvider: Loaded debug metadata for module: packages/web/src/dom/oes_vertex_array_object.dart
[        ] Loaded debug metadata for module: packages/web/src/dom/oes_vertex_array_object.dart
[        ] MetadataProvider: Loaded debug metadata for module: packages/web/src/dom/oes_texture_half_float_linear.dart
[        ] Loaded debug metadata for module: packages/web/src/dom/oes_texture_half_float_linear.dart
[        ] MetadataProvider: Loaded debug metadata for module: packages/web/src/dom/oes_texture_half_float.dart
[        ] Loaded debug metadata for module: packages/web/src/dom/oes_texture_half_float.dart
[        ] MetadataProvider: Loaded debug metadata for module: packages/web/src/dom/oes_texture_float_linear.dart
[        ] Loaded debug metadata for module: packages/web/src/dom/oes_texture_float_linear.dart
[        ] MetadataProvider: Loaded debug metadata for module: packages/web/src/dom/oes_texture_float.dart
[        ] Loaded debug metadata for module: packages/web/src/dom/oes_texture_float.dart
[        ] MetadataProvider: Loaded debug metadata for module: packages/web/src/dom/oes_standard_derivatives.dart
[        ] Loaded debug metadata for module: packages/web/src/dom/oes_standard_derivatives.dart
[        ] MetadataProvider: Loaded debug metadata for module: packages/web/src/dom/oes_fbo_render_mipmap.dart
[        ] Loaded debug metadata for module: packages/web/src/dom/oes_fbo_render_mipmap.dart
[        ] MetadataProvider: Loaded debug metadata for module: packages/web/src/dom/oes_element_index_uint.dart
[        ] Loaded debug metadata for module: packages/web/src/dom/oes_element_index_uint.dart
[        ] MetadataProvider: Loaded debug metadata for module: packages/web/src/dom/oes_draw_buffers_indexed.dart
[        ] Loaded debug metadata for module: packages/web/src/dom/oes_draw_buffers_indexed.dart
[        ] MetadataProvider: Loaded debug metadata for module: packages/web/src/dom/mediastream_recording.dart
[        ] Loaded debug metadata for module: packages/web/src/dom/mediastream_recording.dart
[        ] MetadataProvider: Loaded debug metadata for module: packages/web/src/dom/mediacapture_transform.dart
[        ] Loaded debug metadata for module: packages/web/src/dom/mediacapture_transform.dart
[        ] MetadataProvider: Loaded debug metadata for module: packages/web/src/dom/mediacapture_fromelement.dart
[        ] Loaded debug metadata for module: packages/web/src/dom/mediacapture_fromelement.dart
[        ] MetadataProvider: Loaded debug metadata for module: packages/web/src/dom/mathml_core.dart
[        ] Loaded debug metadata for module: packages/web/src/dom/mathml_core.dart
[        ] MetadataProvider: Loaded debug metadata for module: packages/web/src/dom/largest_contentful_paint.dart
[        ] Loaded debug metadata for module: packages/web/src/dom/largest_contentful_paint.dart
[        ] MetadataProvider: Loaded debug metadata for module: packages/web/src/dom/khr_parallel_shader_compile.dart
[        ] Loaded debug metadata for module: packages/web/src/dom/khr_parallel_shader_compile.dart
[        ] MetadataProvider: Loaded debug metadata for module: packages/web/src/dom/intersection_observer.dart
[        ] Loaded debug metadata for module: packages/web/src/dom/intersection_observer.dart
[        ] MetadataProvider: Loaded debug metadata for module: packages/web/src/dom/gyroscope.dart
[        ] Loaded debug metadata for module: packages/web/src/dom/gyroscope.dart
[        ] MetadataProvider: Loaded debug metadata for module: packages/web/src/dom/filter_effects.dart
[        ] Loaded debug metadata for module: packages/web/src/dom/filter_effects.dart
[        ] MetadataProvider: Loaded debug metadata for module: packages/web/src/dom/ext_texture_norm16.dart
[        ] Loaded debug metadata for module: packages/web/src/dom/ext_texture_norm16.dart
[        ] MetadataProvider: Loaded debug metadata for module: packages/web/src/dom/ext_texture_filter_anisotropic.dart
[        ] Loaded debug metadata for module: packages/web/src/dom/ext_texture_filter_anisotropic.dart
[        ] MetadataProvider: Loaded debug metadata for module: packages/web/src/dom/ext_texture_compression_rgtc.dart
[        ] Loaded debug metadata for module: packages/web/src/dom/ext_texture_compression_rgtc.dart
[        ] MetadataProvider: Loaded debug metadata for module: packages/web/src/dom/ext_texture_compression_bptc.dart
[        ] Loaded debug metadata for module: packages/web/src/dom/ext_texture_compression_bptc.dart
[        ] MetadataProvider: Loaded debug metadata for module: packages/web/src/dom/ext_srgb.dart
[        ] Loaded debug metadata for module: packages/web/src/dom/ext_srgb.dart
[        ] MetadataProvider: Loaded debug metadata for module: packages/web/src/dom/ext_shader_texture_lod.dart
[        ] Loaded debug metadata for module: packages/web/src/dom/ext_shader_texture_lod.dart
[        ] MetadataProvider: Loaded debug metadata for module: packages/web/src/dom/ext_frag_depth.dart
[        ] Loaded debug metadata for module: packages/web/src/dom/ext_frag_depth.dart
[        ] MetadataProvider: Loaded debug metadata for module: packages/web/src/dom/ext_float_blend.dart
[        ] Loaded debug metadata for module: packages/web/src/dom/ext_float_blend.dart
[        ] MetadataProvider: Loaded debug metadata for module: packages/web/src/dom/ext_disjoint_timer_query_webgl2.dart
[        ] Loaded debug metadata for module: packages/web/src/dom/ext_disjoint_timer_query_webgl2.dart
[        ] MetadataProvider: Loaded debug metadata for module: packages/web/src/dom/ext_disjoint_timer_query.dart
[        ] Loaded debug metadata for module: packages/web/src/dom/ext_disjoint_timer_query.dart
[        ] MetadataProvider: Loaded debug metadata for module: packages/web/src/dom/ext_color_buffer_half_float.dart
[        ] Loaded debug metadata for module: packages/web/src/dom/ext_color_buffer_half_float.dart
[        ] MetadataProvider: Loaded debug metadata for module: packages/web/src/dom/ext_color_buffer_float.dart
[        ] Loaded debug metadata for module: packages/web/src/dom/ext_color_buffer_float.dart
[        ] MetadataProvider: Loaded debug metadata for module: packages/web/src/dom/ext_blend_minmax.dart
[        ] Loaded debug metadata for module: packages/web/src/dom/ext_blend_minmax.dart
[        ] MetadataProvider: Loaded debug metadata for module: packages/web/src/dom/encoding.dart
[        ] Loaded debug metadata for module: packages/web/src/dom/encoding.dart
[        ] MetadataProvider: Loaded debug metadata for module: packages/web/src/dom/dom_parsing.dart
[        ] Loaded debug metadata for module: packages/web/src/dom/dom_parsing.dart
[        ] MetadataProvider: Loaded debug metadata for module: packages/web/src/dom/css_view_transitions_2.dart
[        ] Loaded debug metadata for module: packages/web/src/dom/css_view_transitions_2.dart
[        ] MetadataProvider: Loaded debug metadata for module: packages/web/src/dom/css_transitions_2.dart
[        ] Loaded debug metadata for module: packages/web/src/dom/css_transitions_2.dart
[        ] MetadataProvider: Loaded debug metadata for module: packages/web/src/dom/css_transitions.dart
[        ] Loaded debug metadata for module: packages/web/src/dom/css_transitions.dart
[        ] MetadataProvider: Loaded debug metadata for module: packages/web/src/dom/css_paint_api.dart
[        ] Loaded debug metadata for module: packages/web/src/dom/css_paint_api.dart
[   +1 ms] MetadataProvider: Loaded debug metadata for module: packages/web/src/dom/css_masking.dart
[        ] Loaded debug metadata for module: packages/web/src/dom/css_masking.dart
[        ] MetadataProvider: Loaded debug metadata for module: packages/web/src/dom/css_fonts.dart
[        ] Loaded debug metadata for module: packages/web/src/dom/css_fonts.dart
[        ] MetadataProvider: Loaded debug metadata for module: packages/web/src/dom/css_counter_styles.dart
[        ] Loaded debug metadata for module: packages/web/src/dom/css_counter_styles.dart
[        ] MetadataProvider: Loaded debug metadata for module: packages/web/src/dom/css_contain.dart
[        ] Loaded debug metadata for module: packages/web/src/dom/css_contain.dart
[        ] MetadataProvider: Loaded debug metadata for module: packages/web/src/dom/css_conditional_5.dart
[        ] Loaded debug metadata for module: packages/web/src/dom/css_conditional_5.dart
[        ] MetadataProvider: Loaded debug metadata for module: packages/web/src/dom/css_conditional.dart
[        ] Loaded debug metadata for module: packages/web/src/dom/css_conditional.dart
[        ] MetadataProvider: Loaded debug metadata for module: packages/web/src/dom/css_cascade_6.dart
[        ] Loaded debug metadata for module: packages/web/src/dom/css_cascade_6.dart
[        ] MetadataProvider: Loaded debug metadata for module: packages/web/src/dom/css_cascade.dart
[        ] Loaded debug metadata for module: packages/web/src/dom/css_cascade.dart
[        ] MetadataProvider: Loaded debug metadata for module: packages/web/src/dom/css_animations_2.dart
[        ] Loaded debug metadata for module: packages/web/src/dom/css_animations_2.dart
[        ] MetadataProvider: Loaded debug metadata for module: packages/web/src/dom/css_animations.dart
[        ] Loaded debug metadata for module: packages/web/src/dom/css_animations.dart
[        ] MetadataProvider: Loaded debug metadata for module: packages/web/src/dom/csp.dart
[        ] Loaded debug metadata for module: packages/web/src/dom/csp.dart
[        ] MetadataProvider: Loaded debug metadata for module: packages/web/src/dom/cookie_store.dart
[        ] Loaded debug metadata for module: packages/web/src/dom/cookie_store.dart
[        ] MetadataProvider: Loaded debug metadata for module: packages/web/src/dom/console.dart
[        ] Loaded debug metadata for module: packages/web/src/dom/console.dart
[        ] MetadataProvider: Loaded debug metadata for module: packages/web/src/dom/compression.dart
[        ] Loaded debug metadata for module: packages/web/src/dom/compression.dart
[        ] MetadataProvider: Loaded debug metadata for module: packages/web/src/dom/angle_instanced_arrays.dart
[        ] Loaded debug metadata for module: packages/web/src/dom/angle_instanced_arrays.dart
[        ] MetadataProvider: Loaded debug metadata for module: packages/web/src/dom/accelerometer.dart
[        ] Loaded debug metadata for module: packages/web/src/dom/accelerometer.dart
[        ] MetadataProvider: Loaded debug metadata for module: packages/web/src/helpers/enums.dart
[        ] Loaded debug metadata for module: packages/web/src/helpers/enums.dart
[        ] MetadataProvider: Loaded debug metadata for module: packages/web/src/helpers/extensions.dart
[        ] Loaded debug metadata for module: packages/web/src/helpers/extensions.dart
[        ] MetadataProvider: Loaded debug metadata for module: packages/web/src/helpers/cross_origin.dart
[        ] Loaded debug metadata for module: packages/web/src/helpers/cross_origin.dart
[        ] MetadataProvider: Loaded debug metadata for module: packages/image_picker_for_web/src/image_resizer.dart
[        ] Loaded debug metadata for module: packages/image_picker_for_web/src/image_resizer.dart
[        ] MetadataProvider: Loaded debug metadata for module: packages/image_picker_for_web/src/image_resizer_utils.dart
[        ] Loaded debug metadata for module: packages/image_picker_for_web/src/image_resizer_utils.dart
[        ] MetadataProvider: Loaded debug metadata for module: packages/flutter/material.dart
[        ] Loaded debug metadata for module: packages/flutter/material.dart
[   +1 ms] MetadataProvider: Loaded debug metadata for module: packages/flutter/src/cupertino/text_form_field_row.dart
[        ] Loaded debug metadata for module: packages/flutter/src/cupertino/text_form_field_row.dart
[        ] MetadataProvider: Loaded debug metadata for module: packages/flutter/painting.dart
[        ] Loaded debug metadata for module: packages/flutter/painting.dart
[        ] MetadataProvider: Loaded debug metadata for module: packages/flutter/src/painting/placeholder_span.dart
[        ] Loaded debug metadata for module: packages/flutter/src/painting/placeholder_span.dart
[        ] MetadataProvider: Loaded debug metadata for module: packages/flutter/src/painting/text_scaler.dart
[        ] Loaded debug metadata for module: packages/flutter/src/painting/text_scaler.dart
[        ] MetadataProvider: Loaded debug metadata for module: packages/flutter/src/painting/basic_types.dart
[        ] Loaded debug metadata for module: packages/flutter/src/painting/basic_types.dart
[        ] MetadataProvider: Loaded debug metadata for module: packages/flutter/src/painting/colors.dart
[        ] Loaded debug metadata for module: packages/flutter/src/painting/colors.dart
[        ] MetadataProvider: Loaded debug metadata for module: packages/flutter/src/painting/star_border.dart
[        ] Loaded debug metadata for module: packages/flutter/src/painting/star_border.dart
[        ] MetadataProvider: Loaded debug metadata for module: packages/flutter/src/painting/stadium_border.dart
[        ] Loaded debug metadata for module: packages/flutter/src/painting/stadium_border.dart
[        ] MetadataProvider: Loaded debug metadata for module: packages/flutter/src/painting/rounded_rectangle_border.dart
[        ] Loaded debug metadata for module: packages/flutter/src/painting/rounded_rectangle_border.dart
[        ] MetadataProvider: Loaded debug metadata for module: packages/flutter/src/painting/circle_border.dart
[        ] Loaded debug metadata for module: packages/flutter/src/painting/circle_border.dart
[        ] MetadataProvider: Loaded debug metadata for module: packages/flutter/src/painting/borders.dart
[        ] Loaded debug metadata for module: packages/flutter/src/painting/borders.dart
[        ] MetadataProvider: Loaded debug metadata for module: packages/flutter/src/painting/edge_insets.dart
[        ] Loaded debug metadata for module: packages/flutter/src/painting/edge_insets.dart
[        ] MetadataProvider: Loaded debug metadata for module: packages/flutter/src/painting/debug.dart
[        ] Loaded debug metadata for module: packages/flutter/src/painting/debug.dart
[        ] MetadataProvider: Loaded debug metadata for module: packages/flutter/src/painting/border_radius.dart
[        ] Loaded debug metadata for module: packages/flutter/src/painting/border_radius.dart
[        ] MetadataProvider: Loaded debug metadata for module: packages/flutter/src/painting/shape_decoration.dart
[        ] Loaded debug metadata for module: packages/flutter/src/painting/shape_decoration.dart
[        ] MetadataProvider: Loaded debug metadata for module: packages/flutter/src/painting/_network_image_web.dart
[        ] Loaded debug metadata for module: packages/flutter/src/painting/_network_image_web.dart
[        ] MetadataProvider: Loaded debug metadata for module: packages/flutter/src/painting/image_stream.dart
[        ] Loaded debug metadata for module: packages/flutter/src/painting/image_stream.dart
[        ] MetadataProvider: Loaded debug metadata for module: packages/flutter/src/painting/image_cache.dart
[        ] Loaded debug metadata for module: packages/flutter/src/painting/image_cache.dart
[        ] MetadataProvider: Loaded debug metadata for module: packages/flutter/src/painting/binding.dart
[        ] Loaded debug metadata for module: packages/flutter/src/painting/binding.dart
[        ] MetadataProvider: Loaded debug metadata for module: packages/flutter/src/painting/shader_warm_up.dart
[        ] Loaded debug metadata for module: packages/flutter/src/painting/shader_warm_up.dart
[        ] MetadataProvider: Loaded debug metadata for module: packages/flutter/src/painting/_web_image_info_web.dart
[        ] Loaded debug metadata for module: packages/flutter/src/painting/_web_image_info_web.dart
[        ] MetadataProvider: Loaded debug metadata for module: packages/flutter/src/painting/gradient.dart
[        ] Loaded debug metadata for module: packages/flutter/src/painting/gradient.dart
[        ] MetadataProvider: Loaded debug metadata for module: packages/flutter/src/painting/alignment.dart
[        ] Loaded debug metadata for module: packages/flutter/src/painting/alignment.dart
[        ] MetadataProvider: Loaded debug metadata for module: packages/flutter/src/painting/decoration_image.dart
[        ] Loaded debug metadata for module: packages/flutter/src/painting/decoration_image.dart
[        ] MetadataProvider: Loaded debug metadata for module: packages/flutter/src/painting/box_fit.dart
[        ] Loaded debug metadata for module: packages/flutter/src/painting/box_fit.dart
[        ] MetadataProvider: Loaded debug metadata for module: packages/flutter/src/painting/decoration.dart
[        ] Loaded debug metadata for module: packages/flutter/src/painting/decoration.dart
[        ] MetadataProvider: Loaded debug metadata for module: packages/flutter/src/painting/box_shadow.dart
[        ] Loaded debug metadata for module: packages/flutter/src/painting/box_shadow.dart
[        ] MetadataProvider: Loaded debug metadata for module: packages/flutter/src/painting/box_decoration.dart
[        ] Loaded debug metadata for module: packages/flutter/src/painting/box_decoration.dart
[        ] MetadataProvider: Loaded debug metadata for module: packages/flutter/src/painting/box_border.dart
[        ] Loaded debug metadata for module: packages/flutter/src/painting/box_border.dart
[        ] MetadataProvider: Loaded debug metadata for module: packages/flutter/src/painting/paint_utilities.dart
[        ] Loaded debug metadata for module: packages/flutter/src/painting/paint_utilities.dart
[        ] MetadataProvider: Loaded debug metadata for module: packages/flutter/src/painting/oval_border.dart
[        ] Loaded debug metadata for module: packages/flutter/src/painting/oval_border.dart
[        ] MetadataProvider: Loaded debug metadata for module: packages/flutter/src/painting/notched_shapes.dart
[        ] Loaded debug metadata for module: packages/flutter/src/painting/notched_shapes.dart
[        ] MetadataProvider: Loaded debug metadata for module: packages/flutter/src/painting/matrix_utils.dart
[        ] Loaded debug metadata for module: packages/flutter/src/painting/matrix_utils.dart
[        ] MetadataProvider: Loaded debug metadata for module: packages/flutter/src/painting/linear_border.dart
[        ] Loaded debug metadata for module: packages/flutter/src/painting/linear_border.dart
[        ] MetadataProvider: Loaded debug metadata for module: packages/flutter/src/painting/image_resolution.dart
[        ] Loaded debug metadata for module: packages/flutter/src/painting/image_resolution.dart
[        ] MetadataProvider: Loaded debug metadata for module: packages/flutter/src/painting/image_decoder.dart
[        ] Loaded debug metadata for module: packages/flutter/src/painting/image_decoder.dart
[        ] MetadataProvider: Loaded debug metadata for module: packages/flutter/src/painting/geometry.dart
[        ] Loaded debug metadata for module: packages/flutter/src/painting/geometry.dart
[        ] MetadataProvider: Loaded debug metadata for module: packages/flutter/src/painting/fractional_offset.dart
[        ] Loaded debug metadata for module: packages/flutter/src/painting/fractional_offset.dart
[        ] MetadataProvider: Loaded debug metadata for module: packages/flutter/src/painting/flutter_logo.dart
[        ] Loaded debug metadata for module: packages/flutter/src/painting/flutter_logo.dart
[        ] MetadataProvider: Loaded debug metadata for module: packages/flutter/src/painting/continuous_rectangle_border.dart
[        ] Loaded debug metadata for module: packages/flutter/src/painting/continuous_rectangle_border.dart
[        ] MetadataProvider: Loaded debug metadata for module: packages/flutter/src/painting/clip.dart
[        ] Loaded debug metadata for module: packages/flutter/src/painting/clip.dart
[        ] MetadataProvider: Loaded debug metadata for module: packages/flutter/src/painting/beveled_rectangle_border.dart
[        ] Loaded debug metadata for module: packages/flutter/src/painting/beveled_rectangle_border.dart
[        ] MetadataProvider: Loaded debug metadata for module: packages/flutter/src/rendering/service_extensions.dart
[        ] Loaded debug metadata for module: packages/flutter/src/rendering/service_extensions.dart
[        ] MetadataProvider: Loaded debug metadata for module: packages/flutter/semantics.dart
[        ] Loaded debug metadata for module: packages/flutter/semantics.dart
[        ] MetadataProvider: Loaded debug metadata for module: packages/flutter/src/semantics/semantics_service.dart
[        ] Loaded debug metadata for module: packages/flutter/src/semantics/semantics_service.dart
[        ] MetadataProvider: Loaded debug metadata for module: packages/flutter/src/semantics/semantics_event.dart
[        ] Loaded debug metadata for module: packages/flutter/src/semantics/semantics_event.dart
[        ] MetadataProvider: Loaded debug metadata for module: packages/flutter/src/semantics/semantics.dart
[        ] Loaded debug metadata for module: packages/flutter/src/semantics/semantics.dart
[        ] MetadataProvider: Loaded debug metadata for module: packages/flutter/src/semantics/binding.dart
[        ] Loaded debug metadata for module: packages/flutter/src/semantics/binding.dart
[        ] MetadataProvider: Loaded debug metadata for module: packages/flutter/src/semantics/debug.dart
[        ] Loaded debug metadata for module: packages/flutter/src/semantics/debug.dart
[        ] MetadataProvider: Loaded debug metadata for module: packages/flutter/src/widgets/service_extensions.dart
[        ] Loaded debug metadata for module: packages/flutter/src/widgets/service_extensions.dart
[        ] MetadataProvider: Loaded debug metadata for module: packages/flutter/physics.dart
[        ] Loaded debug metadata for module: packages/flutter/physics.dart
[        ] MetadataProvider: Loaded debug metadata for module: packages/flutter/src/physics/utils.dart
[        ] Loaded debug metadata for module: packages/flutter/src/physics/utils.dart
[        ] MetadataProvider: Loaded debug metadata for module: packages/flutter/src/physics/tolerance.dart
[        ] Loaded debug metadata for module: packages/flutter/src/physics/tolerance.dart
[        ] MetadataProvider: Loaded debug metadata for module: packages/flutter/src/physics/spring_simulation.dart
[        ] Loaded debug metadata for module: packages/flutter/src/physics/spring_simulation.dart
[        ] MetadataProvider: Loaded debug metadata for module: packages/flutter/src/physics/simulation.dart
[        ] Loaded debug metadata for module: packages/flutter/src/physics/simulation.dart
[        ] MetadataProvider: Loaded debug metadata for module: packages/flutter/src/physics/gravity_simulation.dart
[        ] Loaded debug metadata for module: packages/flutter/src/physics/gravity_simulation.dart
[        ] MetadataProvider: Loaded debug metadata for module: packages/flutter/src/physics/friction_simulation.dart
[        ] Loaded debug metadata for module: packages/flutter/src/physics/friction_simulation.dart
[        ] MetadataProvider: Loaded debug metadata for module: packages/flutter/src/physics/clamped_simulation.dart
[        ] Loaded debug metadata for module: packages/flutter/src/physics/clamped_simulation.dart
[        ] MetadataProvider: Loaded debug metadata for module: packages/flutter/src/widgets/scroll_simulation.dart
[        ] Loaded debug metadata for module: packages/flutter/src/widgets/scroll_simulation.dart
[        ] MetadataProvider: Loaded debug metadata for module: packages/flutter/src/widgets/constants.dart
[        ] Loaded debug metadata for module: packages/flutter/src/widgets/constants.dart
[        ] MetadataProvider: Loaded debug metadata for module: packages/flutter/src/widgets/_web_browser_detection_web.dart
[        ] Loaded debug metadata for module: packages/flutter/src/widgets/_web_browser_detection_web.dart
[        ] MetadataProvider: Loaded debug metadata for module: packages/flutter/src/foundation/_features.dart
[        ] Loaded debug metadata for module: packages/flutter/src/foundation/_features.dart
[        ] MetadataProvider: Loaded debug metadata for module: packages/flutter/src/widgets/icon_data.dart
[        ] Loaded debug metadata for module: packages/flutter/src/widgets/icon_data.dart
[        ] MetadataProvider: Loaded debug metadata for module: packages/flutter/src/rendering/table_border.dart
[        ] Loaded debug metadata for module: packages/flutter/src/rendering/table_border.dart
[        ] MetadataProvider: Loaded debug metadata for module: packages/flutter/src/rendering/image_filter_config.dart
[        ] Loaded debug metadata for module: packages/flutter/src/rendering/image_filter_config.dart
[        ] MetadataProvider: Loaded debug metadata for module: packages/flutter/src/widgets/standard_component_type.dart
[        ] Loaded debug metadata for module: packages/flutter/src/widgets/standard_component_type.dart
[        ] MetadataProvider: Loaded debug metadata for module: packages/flutter/src/widgets/date.dart
[        ] Loaded debug metadata for module: packages/flutter/src/widgets/date.dart
[        ] MetadataProvider: Loaded debug metadata for module: packages/flutter/src/material/user_accounts_drawer_header.dart
[        ] Loaded debug metadata for module: packages/flutter/src/material/user_accounts_drawer_header.dart
[        ] MetadataProvider: Loaded debug metadata for module: packages/flutter/src/material/time.dart
[        ] Loaded debug metadata for module: packages/flutter/src/material/time.dart
[        ] MetadataProvider: Loaded debug metadata for module: packages/flutter/src/material/colors.dart
[        ] Loaded debug metadata for module: packages/flutter/src/material/colors.dart
[        ] MetadataProvider: Loaded debug metadata for module: packages/material_color_utilities/material_color_utilities.dart
[        ] Loaded debug metadata for module: packages/material_color_utilities/material_color_utilities.dart
[        ] MetadataProvider: Loaded debug metadata for module: packages/material_color_utilities/utils/string_utils.dart
[        ] Loaded debug metadata for module: packages/material_color_utilities/utils/string_utils.dart
[        ] MetadataProvider: Loaded debug metadata for module: packages/material_color_utilities/utils/color_utils.dart
[        ] Loaded debug metadata for module: packages/material_color_utilities/utils/color_utils.dart
[        ] MetadataProvider: Loaded debug metadata for module: packages/material_color_utilities/utils/math_utils.dart
[        ] Loaded debug metadata for module: packages/material_color_utilities/utils/math_utils.dart
[        ] MetadataProvider: Loaded debug metadata for module: packages/material_color_utilities/temperature/temperature_cache.dart
[        ] Loaded debug metadata for module: packages/material_color_utilities/temperature/temperature_cache.dart
[        ] MetadataProvider: Loaded debug metadata for module: packages/material_color_utilities/hct/hct.dart
[        ] Loaded debug metadata for module: packages/material_color_utilities/hct/hct.dart
[        ] MetadataProvider: Loaded debug metadata for module: packages/material_color_utilities/hct/viewing_conditions.dart
[        ] Loaded debug metadata for module: packages/material_color_utilities/hct/viewing_conditions.dart
[        ] MetadataProvider: Loaded debug metadata for module: packages/material_color_utilities/hct/src/hct_solver.dart
[        ] Loaded debug metadata for module: packages/material_color_utilities/hct/src/hct_solver.dart
[        ] MetadataProvider: Loaded debug metadata for module: packages/material_color_utilities/hct/cam16.dart
[        ] Loaded debug metadata for module: packages/material_color_utilities/hct/cam16.dart
[        ] MetadataProvider: Loaded debug metadata for module: packages/material_color_utilities/score/score.dart
[        ] Loaded debug metadata for module: packages/material_color_utilities/score/score.dart
[        ] MetadataProvider: Loaded debug metadata for module: packages/material_color_utilities/scheme/scheme_vibrant.dart
[        ] Loaded debug metadata for module: packages/material_color_utilities/scheme/scheme_vibrant.dart
[        ] MetadataProvider: Loaded debug metadata for module: packages/material_color_utilities/palettes/tonal_palette.dart
[        ] Loaded debug metadata for module: packages/material_color_utilities/palettes/tonal_palette.dart
[        ] MetadataProvider: Loaded debug metadata for module: packages/material_color_utilities/dynamiccolor/variant.dart
[        ] Loaded debug metadata for module: packages/material_color_utilities/dynamiccolor/variant.dart
[        ] MetadataProvider: Loaded debug metadata for module: packages/material_color_utilities/dynamiccolor/src/tone_delta_pair.dart
[        ] Loaded debug metadata for module: packages/material_color_utilities/dynamiccolor/src/tone_delta_pair.dart
[        ] MetadataProvider: Loaded debug metadata for module: packages/material_color_utilities/dynamiccolor/src/contrast_curve.dart
[        ] Loaded debug metadata for module: packages/material_color_utilities/dynamiccolor/src/contrast_curve.dart
[        ] MetadataProvider: Loaded debug metadata for module: packages/material_color_utilities/contrast/contrast.dart
[        ] Loaded debug metadata for module: packages/material_color_utilities/contrast/contrast.dart
[        ] MetadataProvider: Loaded debug metadata for module: packages/material_color_utilities/dislike/dislike_analyzer.dart
[        ] Loaded debug metadata for module: packages/material_color_utilities/dislike/dislike_analyzer.dart
[        ] MetadataProvider: Loaded debug metadata for module: packages/material_color_utilities/scheme/scheme_tonal_spot.dart
[        ] Loaded debug metadata for module: packages/material_color_utilities/scheme/scheme_tonal_spot.dart
[        ] MetadataProvider: Loaded debug metadata for module: packages/material_color_utilities/scheme/scheme_rainbow.dart
[        ] Loaded debug metadata for module: packages/material_color_utilities/scheme/scheme_rainbow.dart
[        ] MetadataProvider: Loaded debug metadata for module: packages/material_color_utilities/scheme/scheme_neutral.dart
[        ] Loaded debug metadata for module: packages/material_color_utilities/scheme/scheme_neutral.dart
[        ] MetadataProvider: Loaded debug metadata for module: packages/material_color_utilities/scheme/scheme_monochrome.dart
[        ] Loaded debug metadata for module: packages/material_color_utilities/scheme/scheme_monochrome.dart
[        ] MetadataProvider: Loaded debug metadata for module: packages/material_color_utilities/scheme/scheme_fruit_salad.dart
[        ] Loaded debug metadata for module: packages/material_color_utilities/scheme/scheme_fruit_salad.dart
[        ] MetadataProvider: Loaded debug metadata for module: packages/material_color_utilities/scheme/scheme_fidelity.dart
[        ] Loaded debug metadata for module: packages/material_color_utilities/scheme/scheme_fidelity.dart
[        ] MetadataProvider: Loaded debug metadata for module: packages/material_color_utilities/scheme/scheme_expressive.dart
[        ] Loaded debug metadata for module: packages/material_color_utilities/scheme/scheme_expressive.dart
[        ] MetadataProvider: Loaded debug metadata for module: packages/material_color_utilities/scheme/scheme_content.dart
[        ] Loaded debug metadata for module: packages/material_color_utilities/scheme/scheme_content.dart
[        ] MetadataProvider: Loaded debug metadata for module: packages/material_color_utilities/scheme/scheme.dart
[        ] Loaded debug metadata for module: packages/material_color_utilities/scheme/scheme.dart
[        ] MetadataProvider: Loaded debug metadata for module: packages/material_color_utilities/palettes/core_palette.dart
[        ] Loaded debug metadata for module: packages/material_color_utilities/palettes/core_palette.dart
[        ] MetadataProvider: Loaded debug metadata for module: packages/material_color_utilities/quantize/quantizer_wu.dart
[        ] Loaded debug metadata for module: packages/material_color_utilities/quantize/quantizer_wu.dart
[        ] MetadataProvider: Loaded debug metadata for module: packages/material_color_utilities/quantize/quantizer_map.dart
[        ] Loaded debug metadata for module: packages/material_color_utilities/quantize/quantizer_map.dart
[        ] MetadataProvider: Loaded debug metadata for module: packages/material_color_utilities/quantize/quantizer.dart
[        ] Loaded debug metadata for module: packages/material_color_utilities/quantize/quantizer.dart
[        ] MetadataProvider: Loaded debug metadata for module: packages/material_color_utilities/quantize/quantizer_wsmeans.dart
[        ] Loaded debug metadata for module: packages/material_color_utilities/quantize/quantizer_wsmeans.dart
[        ] MetadataProvider: Loaded debug metadata for module: packages/material_color_utilities/quantize/src/point_provider_lab.dart
[        ] Loaded debug metadata for module: packages/material_color_utilities/quantize/src/point_provider_lab.dart
[        ] MetadataProvider: Loaded debug metadata for module: packages/material_color_utilities/quantize/src/point_provider.dart
[        ] Loaded debug metadata for module: packages/material_color_utilities/quantize/src/point_provider.dart
[        ] MetadataProvider: Loaded debug metadata for module: packages/material_color_utilities/quantize/quantizer_celebi.dart
[        ] Loaded debug metadata for module: packages/material_color_utilities/quantize/quantizer_celebi.dart
[        ] MetadataProvider: Loaded debug metadata for module: packages/material_color_utilities/blend/blend.dart
[        ] Loaded debug metadata for module: packages/material_color_utilities/blend/blend.dart
[        ] MetadataProvider: Loaded debug metadata for module: packages/flutter/src/material/material_state.dart
[        ] Loaded debug metadata for module: packages/flutter/src/material/material_state.dart
[        ] MetadataProvider: Loaded debug metadata for module: packages/flutter/src/material/input_border.dart
[        ] Loaded debug metadata for module: packages/flutter/src/material/input_border.dart
[        ] MetadataProvider: Loaded debug metadata for module: packages/flutter/src/material/constants.dart
[        ] Loaded debug metadata for module: packages/flutter/src/material/constants.dart
[        ] MetadataProvider: Loaded debug metadata for module: packages/flutter/src/material/tooltip_visibility.dart
[        ] Loaded debug metadata for module: packages/flutter/src/material/tooltip_visibility.dart
[        ] MetadataProvider: Loaded debug metadata for module: packages/flutter/src/material/icons.dart
[        ] Loaded debug metadata for module: packages/flutter/src/material/icons.dart
[        ] MetadataProvider: Loaded debug metadata for module: packages/flutter/src/material/material_state_mixin.dart
[        ] Loaded debug metadata for module: packages/flutter/src/material/material_state_mixin.dart
[        ] MetadataProvider: Loaded debug metadata for module: packages/flutter/src/material/curves.dart
[        ] Loaded debug metadata for module: packages/flutter/src/material/curves.dart
[        ] MetadataProvider: Loaded debug metadata for module: packages/flutter/src/material/motion.dart
[        ] Loaded debug metadata for module: packages/flutter/src/material/motion.dart
[        ] MetadataProvider: Loaded debug metadata for module: packages/flutter/src/material/bottom_sheet_theme.dart
[        ] Loaded debug metadata for module: packages/flutter/src/material/bottom_sheet_theme.dart
[        ] MetadataProvider: Loaded debug metadata for module: packages/flutter/src/material/tab_indicator.dart
[        ] Loaded debug metadata for module: packages/flutter/src/material/tab_indicator.dart
[        ] MetadataProvider: Loaded debug metadata for module: packages/flutter/src/material/tab_controller.dart
[        ] Loaded debug metadata for module: packages/flutter/src/material/tab_controller.dart
[        ] MetadataProvider: Loaded debug metadata for module: packages/flutter/src/material/drawer_header.dart
[        ] Loaded debug metadata for module: packages/flutter/src/material/drawer_header.dart
[        ] MetadataProvider: Loaded debug metadata for module: packages/flutter/src/material/toggle_buttons.dart
[        ] Loaded debug metadata for module: packages/flutter/src/material/toggle_buttons.dart
[        ] MetadataProvider: Loaded debug metadata for module: packages/flutter/src/material/time_picker.dart
[        ] Loaded debug metadata for module: packages/flutter/src/material/time_picker.dart
[        ] MetadataProvider: Loaded debug metadata for module: packages/flutter/src/material/text_form_field.dart
[        ] Loaded debug metadata for module: packages/flutter/src/material/text_form_field.dart
[        ] MetadataProvider: Loaded debug metadata for module: packages/flutter/src/material/text_field.dart
[        ] Loaded debug metadata for module: packages/flutter/src/material/text_field.dart
[        ] MetadataProvider: Loaded debug metadata for module: packages/flutter/src/material/text_selection.dart
[        ] Loaded debug metadata for module: packages/flutter/src/material/text_selection.dart
[        ] MetadataProvider: Loaded debug metadata for module: packages/flutter/src/material/text_selection_toolbar_text_button.dart
[        ] Loaded debug metadata for module: packages/flutter/src/material/text_selection_toolbar_text_button.dart
[        ] MetadataProvider: Loaded debug metadata for module: packages/flutter/src/material/text_selection_toolbar.dart
[        ] Loaded debug metadata for module: packages/flutter/src/material/text_selection_toolbar.dart
[        ] MetadataProvider: Loaded debug metadata for module: packages/flutter/src/material/spell_check_suggestions_toolbar.dart
[        ] Loaded debug metadata for module: packages/flutter/src/material/spell_check_suggestions_toolbar.dart
[        ] MetadataProvider: Loaded debug metadata for module: packages/flutter/src/material/spell_check_suggestions_toolbar_layout_delegate.dart
[        ] Loaded debug metadata for module: packages/flutter/src/material/spell_check_suggestions_toolbar_layout_delegate.dart
[        ] MetadataProvider: Loaded debug metadata for module: packages/flutter/src/material/adaptive_text_selection_toolbar.dart
[        ] Loaded debug metadata for module: packages/flutter/src/material/adaptive_text_selection_toolbar.dart
[        ] MetadataProvider: Loaded debug metadata for module: packages/flutter/src/material/desktop_text_selection_toolbar_button.dart
[        ] Loaded debug metadata for module: packages/flutter/src/material/desktop_text_selection_toolbar_button.dart
[        ] MetadataProvider: Loaded debug metadata for module: packages/flutter/src/material/desktop_text_selection_toolbar.dart
[        ] Loaded debug metadata for module: packages/flutter/src/material/desktop_text_selection_toolbar.dart
[        ] MetadataProvider: Loaded debug metadata for module: packages/flutter/src/material/selectable_text.dart
[        ] Loaded debug metadata for module: packages/flutter/src/material/selectable_text.dart
[        ] MetadataProvider: Loaded debug metadata for module: packages/flutter/src/material/magnifier.dart
[        ] Loaded debug metadata for module: packages/flutter/src/material/magnifier.dart
[        ] MetadataProvider: Loaded debug metadata for module: packages/flutter/src/material/desktop_text_selection.dart
[        ] Loaded debug metadata for module: packages/flutter/src/material/desktop_text_selection.dart
[        ] MetadataProvider: Loaded debug metadata for module: packages/flutter/src/material/dialog.dart
[        ] Loaded debug metadata for module: packages/flutter/src/material/dialog.dart
[        ] MetadataProvider: Loaded debug metadata for module: packages/flutter/src/material/switch_list_tile.dart
[        ] Loaded debug metadata for module: packages/flutter/src/material/switch_list_tile.dart
[        ] MetadataProvider: Loaded debug metadata for module: packages/flutter/src/material/switch.dart
[        ] Loaded debug metadata for module: packages/flutter/src/material/switch.dart
[        ] MetadataProvider: Loaded debug metadata for module: packages/flutter/src/material/shadows.dart
[        ] Loaded debug metadata for module: packages/flutter/src/material/shadows.dart
[        ] MetadataProvider: Loaded debug metadata for module: packages/flutter/src/material/stepper.dart
[        ] Loaded debug metadata for module: packages/flutter/src/material/stepper.dart
[        ] MetadataProvider: Loaded debug metadata for module: packages/flutter/src/material/selection_area.dart
[        ] Loaded debug metadata for module: packages/flutter/src/material/selection_area.dart
[        ] MetadataProvider: Loaded debug metadata for module: packages/flutter/src/material/segmented_button.dart
[        ] Loaded debug metadata for module: packages/flutter/src/material/segmented_button.dart
[        ] MetadataProvider: Loaded debug metadata for module: packages/flutter/src/material/search_anchor.dart
[        ] Loaded debug metadata for module: packages/flutter/src/material/search_anchor.dart
[        ] MetadataProvider: Loaded debug metadata for module: packages/flutter/src/material/back_button.dart
[        ] Loaded debug metadata for module: packages/flutter/src/material/back_button.dart
[        ] MetadataProvider: Loaded debug metadata for module: packages/flutter/src/material/search.dart
[        ] Loaded debug metadata for module: packages/flutter/src/material/search.dart
[        ] MetadataProvider: Loaded debug metadata for module: packages/flutter/src/material/reorderable_list.dart
[        ] Loaded debug metadata for module: packages/flutter/src/material/reorderable_list.dart
[        ] MetadataProvider: Loaded debug metadata for module: packages/flutter/src/material/refresh_indicator.dart
[        ] Loaded debug metadata for module: packages/flutter/src/material/refresh_indicator.dart
[        ] MetadataProvider: Loaded debug metadata for module: packages/flutter/src/material/progress_indicator.dart
[        ] Loaded debug metadata for module: packages/flutter/src/material/progress_indicator.dart
[        ] MetadataProvider: Loaded debug metadata for module: packages/flutter/src/material/range_slider.dart
[        ] Loaded debug metadata for module: packages/flutter/src/material/range_slider.dart
[        ] MetadataProvider: Loaded debug metadata for module: packages/flutter/src/material/radio_list_tile.dart
[        ] Loaded debug metadata for module: packages/flutter/src/material/radio_list_tile.dart
[        ] MetadataProvider: Loaded debug metadata for module: packages/flutter/src/material/popup_menu.dart
[        ] Loaded debug metadata for module: packages/flutter/src/material/popup_menu.dart
[        ] MetadataProvider: Loaded debug metadata for module: packages/flutter/src/material/paginated_data_table.dart
[        ] Loaded debug metadata for module: packages/flutter/src/material/paginated_data_table.dart
[        ] MetadataProvider: Loaded debug metadata for module: packages/flutter/src/material/dropdown.dart
[        ] Loaded debug metadata for module: packages/flutter/src/material/dropdown.dart
[   +1 ms] MetadataProvider: Loaded debug metadata for module: packages/flutter/src/material/data_table_source.dart
[        ] Loaded debug metadata for module: packages/flutter/src/material/data_table_source.dart
[        ] MetadataProvider: Loaded debug metadata for module: packages/flutter/src/material/data_table.dart
[        ] Loaded debug metadata for module: packages/flutter/src/material/data_table.dart
[        ] MetadataProvider: Loaded debug metadata for module: packages/flutter/src/material/card.dart
[        ] Loaded debug metadata for module: packages/flutter/src/material/card.dart
[        ] MetadataProvider: Loaded debug metadata for module: packages/flutter/src/material/page.dart
[        ] Loaded debug metadata for module: packages/flutter/src/material/page.dart
[        ] MetadataProvider: Loaded debug metadata for module: packages/flutter/src/material/no_splash.dart
[        ] Loaded debug metadata for module: packages/flutter/src/material/no_splash.dart
[        ] MetadataProvider: Loaded debug metadata for module: packages/flutter/src/material/mergeable_material.dart
[        ] Loaded debug metadata for module: packages/flutter/src/material/mergeable_material.dart
[        ] MetadataProvider: Loaded debug metadata for module: packages/flutter/src/material/input_date_picker_form_field.dart
[        ] Loaded debug metadata for module: packages/flutter/src/material/input_date_picker_form_field.dart
[        ] MetadataProvider: Loaded debug metadata for module: packages/flutter/src/material/date.dart
[        ] Loaded debug metadata for module: packages/flutter/src/material/date.dart
[        ] MetadataProvider: Loaded debug metadata for module: packages/flutter/src/material/input_chip.dart
[        ] Loaded debug metadata for module: packages/flutter/src/material/input_chip.dart
[        ] MetadataProvider: Loaded debug metadata for module: packages/flutter/src/material/chip.dart
[        ] Loaded debug metadata for module: packages/flutter/src/material/chip.dart
[        ] MetadataProvider: Loaded debug metadata for module: packages/flutter/src/material/grid_tile_bar.dart
[        ] Loaded debug metadata for module: packages/flutter/src/material/grid_tile_bar.dart
[        ] MetadataProvider: Loaded debug metadata for module: packages/flutter/src/material/grid_tile.dart
[        ] Loaded debug metadata for module: packages/flutter/src/material/grid_tile.dart
[        ] MetadataProvider: Loaded debug metadata for module: packages/flutter/src/material/filter_chip.dart
[        ] Loaded debug metadata for module: packages/flutter/src/material/filter_chip.dart
[        ] MetadataProvider: Loaded debug metadata for module: packages/flutter/src/material/expansion_tile.dart
[        ] Loaded debug metadata for module: packages/flutter/src/material/expansion_tile.dart
[        ] MetadataProvider: Loaded debug metadata for module: packages/flutter/src/material/expansion_panel.dart
[        ] Loaded debug metadata for module: packages/flutter/src/material/expansion_panel.dart
[        ] MetadataProvider: Loaded debug metadata for module: packages/flutter/src/material/expand_icon.dart
[        ] Loaded debug metadata for module: packages/flutter/src/material/expand_icon.dart
[        ] MetadataProvider: Loaded debug metadata for module: packages/flutter/src/material/dropdown_menu_form_field.dart
[        ] Loaded debug metadata for module: packages/flutter/src/material/dropdown_menu_form_field.dart
[   +1 ms] MetadataProvider: Loaded debug metadata for module: packages/flutter/src/material/dropdown_menu.dart
[        ] Loaded debug metadata for module: packages/flutter/src/material/dropdown_menu.dart
[        ] MetadataProvider: Loaded debug metadata for module: packages/flutter/src/material/date_picker.dart
[        ] Loaded debug metadata for module: packages/flutter/src/material/date_picker.dart
[        ] MetadataProvider: Loaded debug metadata for module: packages/flutter/src/material/calendar_date_picker.dart
[        ] Loaded debug metadata for module: packages/flutter/src/material/calendar_date_picker.dart
[        ] MetadataProvider: Loaded debug metadata for module: packages/flutter/src/material/circle_avatar.dart
[        ] Loaded debug metadata for module: packages/flutter/src/material/circle_avatar.dart
[        ] MetadataProvider: Loaded debug metadata for module: packages/flutter/src/material/choice_chip.dart
[        ] Loaded debug metadata for module: packages/flutter/src/material/choice_chip.dart
[        ] MetadataProvider: Loaded debug metadata for module: packages/flutter/src/material/checkbox_list_tile.dart
[   +1 ms] Loaded debug metadata for module: packages/flutter/src/material/checkbox_list_tile.dart
[        ] MetadataProvider: Loaded debug metadata for module: packages/flutter/src/material/button_bar.dart
[        ] Loaded debug metadata for module: packages/flutter/src/material/button_bar.dart
[        ] MetadataProvider: Loaded debug metadata for module: packages/flutter/src/material/bottom_app_bar.dart
[        ] Loaded debug metadata for module: packages/flutter/src/material/bottom_app_bar.dart
[        ] MetadataProvider: Loaded debug metadata for module: packages/flutter/src/material/badge.dart
[        ] Loaded debug metadata for module: packages/flutter/src/material/badge.dart
[        ] MetadataProvider: Loaded debug metadata for module: packages/flutter/src/material/autocomplete.dart
[        ] Loaded debug metadata for module: packages/flutter/src/material/autocomplete.dart
[        ] MetadataProvider: Loaded debug metadata for module: packages/flutter/src/material/arc.dart
[        ] Loaded debug metadata for module: packages/flutter/src/material/arc.dart
[        ] MetadataProvider: Loaded debug metadata for module: packages/flutter/src/material/app.dart
[        ] Loaded debug metadata for module: packages/flutter/src/material/app.dart
[        ] MetadataProvider: Loaded debug metadata for module: packages/flutter/src/material/animated_icons.dart
[        ] Loaded debug metadata for module: packages/flutter/src/material/animated_icons.dart
[        ] MetadataProvider: Loaded debug metadata for module: packages/flutter/src/material/action_chip.dart
[        ] Loaded debug metadata for module: packages/flutter/src/material/action_chip.dart
[        ] MetadataProvider: Loaded debug metadata for module: packages/flutter/src/material/about.dart
[        ] Loaded debug metadata for module: packages/flutter/src/material/about.dart
[        ] MetadataProvider: Loaded debug metadata for module: packages/image_picker_platform_interface/src/types/picked_file/lost_data.dart
[        ] Loaded debug metadata for module: packages/image_picker_platform_interface/src/types/picked_file/lost_data.dart
[        ] MetadataProvider: Loaded debug metadata for module: packages/image_picker_platform_interface/src/types/retrieve_type.dart
[        ] Loaded debug metadata for module: packages/image_picker_platform_interface/src/types/retrieve_type.dart
[        ] MetadataProvider: Loaded debug metadata for module: packages/image_picker_platform_interface/src/types/picked_file/html.dart
[        ] Loaded debug metadata for module: packages/image_picker_platform_interface/src/types/picked_file/html.dart
[   +1 ms] MetadataProvider: Loaded debug metadata for module: packages/image_picker_platform_interface/src/types/picked_file/base.dart
[        ] Loaded debug metadata for module: packages/image_picker_platform_interface/src/types/picked_file/base.dart
[        ] MetadataProvider: Loaded debug metadata for module: packages/http/src/multipart_request.dart
[        ] Loaded debug metadata for module: packages/http/src/multipart_request.dart
[        ] MetadataProvider: Loaded debug metadata for module: packages/http/src/utils.dart
[        ] Loaded debug metadata for module: packages/http/src/utils.dart
[        ] MetadataProvider: Loaded debug metadata for module: packages/http/src/byte_stream.dart
[        ] Loaded debug metadata for module: packages/http/src/byte_stream.dart
[        ] MetadataProvider: Loaded debug metadata for module: packages/http_parser/http_parser.dart
[        ] Loaded debug metadata for module: packages/http_parser/http_parser.dart
[        ] MetadataProvider: Loaded debug metadata for module: packages/http_parser/src/media_type.dart
[        ] Loaded debug metadata for module: packages/http_parser/src/media_type.dart
[        ] MetadataProvider: Loaded debug metadata for module: packages/http_parser/src/utils.dart
[        ] Loaded debug metadata for module: packages/http_parser/src/utils.dart
[        ] MetadataProvider: Loaded debug metadata for module: packages/source_span/source_span.dart
[        ] Loaded debug metadata for module: packages/source_span/source_span.dart
[        ] MetadataProvider: Loaded debug metadata for module: packages/source_span/src/location_mixin.dart
[        ] Loaded debug metadata for module: packages/source_span/src/location_mixin.dart
[        ] MetadataProvider: Loaded debug metadata for module: packages/source_span/src/colors.dart
[        ] Loaded debug metadata for module: packages/source_span/src/colors.dart
[        ] MetadataProvider: Loaded debug metadata for module: packages/source_span/src/charcode.dart
[        ] Loaded debug metadata for module: packages/source_span/src/charcode.dart
[        ] MetadataProvider: Loaded debug metadata for module: packages/term_glyph/src/generated/top_level.dart
[        ] Loaded debug metadata for module: packages/term_glyph/src/generated/top_level.dart
[        ] MetadataProvider: Loaded debug metadata for module: packages/term_glyph/src/generated/glyph_set.dart
[        ] Loaded debug metadata for module: packages/term_glyph/src/generated/glyph_set.dart
[        ] MetadataProvider: Loaded debug metadata for module: packages/term_glyph/src/generated/unicode_glyph_set.dart
[        ] Loaded debug metadata for module: packages/term_glyph/src/generated/unicode_glyph_set.dart
[        ] MetadataProvider: Loaded debug metadata for module: packages/term_glyph/src/generated/ascii_glyph_set.dart
[        ] Loaded debug metadata for module: packages/term_glyph/src/generated/ascii_glyph_set.dart
[        ] MetadataProvider: Loaded debug metadata for module: packages/path/src/path_set.dart
[        ] Loaded debug metadata for module: packages/path/src/path_set.dart
[        ] MetadataProvider: Loaded debug metadata for module: packages/path/src/utils.dart
[        ] Loaded debug metadata for module: packages/path/src/utils.dart
[        ] MetadataProvider: Loaded debug metadata for module: packages/path/src/characters.dart
[        ] Loaded debug metadata for module: packages/path/src/characters.dart
[        ] MetadataProvider: Loaded debug metadata for module: packages/path/src/path_exception.dart
[        ] Loaded debug metadata for module: packages/path/src/path_exception.dart
[        ] MetadataProvider: Loaded debug metadata for module: packages/source_span/src/span_exception.dart
[        ] Loaded debug metadata for module: packages/source_span/src/span_exception.dart
[        ] MetadataProvider: Loaded debug metadata for module: packages/http_parser/src/scan.dart
[        ] Loaded debug metadata for module: packages/http_parser/src/scan.dart
[        ] MetadataProvider: Loaded debug metadata for module: packages/string_scanner/string_scanner.dart
[        ] Loaded debug metadata for module: packages/string_scanner/string_scanner.dart
[        ] MetadataProvider: Loaded debug metadata for module: packages/string_scanner/src/utils.dart
[        ] Loaded debug metadata for module: packages/string_scanner/src/utils.dart
[        ] MetadataProvider: Loaded debug metadata for module: packages/string_scanner/src/charcode.dart
[        ] Loaded debug metadata for module: packages/string_scanner/src/charcode.dart
[        ] MetadataProvider: Loaded debug metadata for module: packages/string_scanner/src/relative_span_scanner.dart
[        ] Loaded debug metadata for module: packages/string_scanner/src/relative_span_scanner.dart
[        ] MetadataProvider: Loaded debug metadata for module: packages/string_scanner/src/line_scanner.dart
[        ] Loaded debug metadata for module: packages/string_scanner/src/line_scanner.dart
[        ] MetadataProvider: Loaded debug metadata for module: packages/http_parser/src/case_insensitive_map.dart
[        ] Loaded debug metadata for module: packages/http_parser/src/case_insensitive_map.dart
[        ] MetadataProvider: Loaded debug metadata for module: packages/http_parser/src/http_date.dart
[        ] Loaded debug metadata for module: packages/http_parser/src/http_date.dart
[        ] MetadataProvider: Loaded debug metadata for module: packages/http_parser/src/chunked_coding.dart
[        ] Loaded debug metadata for module: packages/http_parser/src/chunked_coding.dart
[        ] MetadataProvider: Loaded debug metadata for module: packages/http_parser/src/chunked_coding/encoder.dart
[        ] Loaded debug metadata for module: packages/http_parser/src/chunked_coding/encoder.dart
[        ] MetadataProvider: Loaded debug metadata for module: packages/http_parser/src/chunked_coding/charcodes.dart
[        ] Loaded debug metadata for module: packages/http_parser/src/chunked_coding/charcodes.dart
[        ] MetadataProvider: Loaded debug metadata for module: packages/http_parser/src/chunked_coding/decoder.dart
[        ] Loaded debug metadata for module: packages/http_parser/src/chunked_coding/decoder.dart
[        ] MetadataProvider: Loaded debug metadata for module: packages/typed_data/typed_data.dart
[        ] Loaded debug metadata for module: packages/typed_data/typed_data.dart
[        ] MetadataProvider: Loaded debug metadata for module: packages/typed_data/typed_buffers.dart
[        ] Loaded debug metadata for module: packages/typed_data/typed_buffers.dart
[        ] MetadataProvider: Loaded debug metadata for module: packages/typed_data/src/typed_buffer.dart
[        ] Loaded debug metadata for module: packages/typed_data/src/typed_buffer.dart
[        ] MetadataProvider: Loaded debug metadata for module: packages/typed_data/src/typed_queue.dart
[        ] Loaded debug metadata for module: packages/typed_data/src/typed_queue.dart
[        ] MetadataProvider: Loaded debug metadata for module: packages/http_parser/src/authentication_challenge.dart
[        ] Loaded debug metadata for module: packages/http_parser/src/authentication_challenge.dart
[        ] MetadataProvider: Loaded debug metadata for module: packages/http/src/exception.dart
[        ] Loaded debug metadata for module: packages/http/src/exception.dart
[        ] MetadataProvider: Loaded debug metadata for module: packages/http/src/boundary_characters.dart
[        ] Loaded debug metadata for module: packages/http/src/boundary_characters.dart
[        ] MetadataProvider: Loaded debug metadata for module: packages/image_picker_platform_interface/src/types/multi_video_picker_options.dart
[        ] Loaded debug metadata for module: packages/image_picker_platform_interface/src/types/multi_video_picker_options.dart
[        ] MetadataProvider: Loaded debug metadata for module: packages/image_picker_platform_interface/src/types/media_selection_type.dart
[        ] Loaded debug metadata for module: packages/image_picker_platform_interface/src/types/media_selection_type.dart
[        ] MetadataProvider: Loaded debug metadata for module: packages/cross_file/cross_file.dart
[        ] Loaded debug metadata for module: packages/cross_file/cross_file.dart
[        ] MetadataProvider: Loaded debug metadata for module: packages/cross_file/src/x_file.dart
[        ] Loaded debug metadata for module: packages/cross_file/src/x_file.dart
[        ] MetadataProvider: Loaded debug metadata for module: packages/cross_file/src/web_helpers/web_helpers.dart
[        ] Loaded debug metadata for module: packages/cross_file/src/web_helpers/web_helpers.dart
[        ] MetadataProvider: Loaded debug metadata for module: packages/cross_file/src/types/base.dart
[        ] Loaded debug metadata for module: packages/cross_file/src/types/base.dart
[        ] MetadataProvider: Loaded debug metadata for module: packages/image_picker_platform_interface/src/types/image_source.dart
[        ] Loaded debug metadata for module: packages/image_picker_platform_interface/src/types/image_source.dart
[        ] MetadataProvider: Loaded debug metadata for module: packages/image_picker_platform_interface/src/types/camera_device.dart
[        ] Loaded debug metadata for module: packages/image_picker_platform_interface/src/types/camera_device.dart
[        ] MetadataProvider: Loaded debug metadata for module: packages/image_picker_platform_interface/src/types/camera_delegate.dart
[        ] Loaded debug metadata for module: packages/image_picker_platform_interface/src/types/camera_delegate.dart
[        ] MetadataProvider: Loaded debug metadata for module: packages/plugin_platform_interface/plugin_platform_interface.dart
[        ] Loaded debug metadata for module: packages/plugin_platform_interface/plugin_platform_interface.dart
[        ] MetadataProvider: Loaded debug metadata for module: packages/mime/mime.dart
[        ] Loaded debug metadata for module: packages/mime/mime.dart
[        ] MetadataProvider: Loaded debug metadata for module: packages/mime/src/mime_type.dart
[        ] Loaded debug metadata for module: packages/mime/src/mime_type.dart
[        ] MetadataProvider: Loaded debug metadata for module: packages/mime/src/magic_number.dart
[        ] Loaded debug metadata for module: packages/mime/src/magic_number.dart
[        ] MetadataProvider: Loaded debug metadata for module: packages/mime/src/default_extension_map.dart
[        ] Loaded debug metadata for module: packages/mime/src/default_extension_map.dart
[        ] MetadataProvider: Loaded debug metadata for module: packages/mime/src/mime_shared.dart
[        ] Loaded debug metadata for module: packages/mime/src/mime_shared.dart
[        ] MetadataProvider: Loaded debug metadata for module: packages/mime/src/char_code.dart
[        ] Loaded debug metadata for module: packages/mime/src/char_code.dart
[        ] MetadataProvider: Loaded debug metadata for module: packages/mime/src/extension.dart
[        ] Loaded debug metadata for module: packages/mime/src/extension.dart
[        ] MetadataProvider: Loaded debug metadata for module: packages/geolocator_web/geolocator_web.dart
[        ] Loaded debug metadata for module: packages/geolocator_web/geolocator_web.dart
[        ] MetadataProvider: Loaded debug metadata for module: packages/geolocator_web/web_settings.dart
[        ] Loaded debug metadata for module: packages/geolocator_web/web_settings.dart
[        ] MetadataProvider: Loaded debug metadata for module: packages/geolocator_platform_interface/geolocator_platform_interface.dart
[        ] Loaded debug metadata for module: packages/geolocator_platform_interface/geolocator_platform_interface.dart
[        ] MetadataProvider: Loaded debug metadata for module: packages/geolocator_platform_interface/src/models/models.dart
[        ] Loaded debug metadata for module: packages/geolocator_platform_interface/src/models/models.dart
[        ] MetadataProvider: Loaded debug metadata for module: packages/geolocator_platform_interface/src/models/location_settings.dart
[        ] Loaded debug metadata for module: packages/geolocator_platform_interface/src/models/location_settings.dart
[        ] MetadataProvider: Loaded debug metadata for module: packages/geolocator_platform_interface/src/enums/location_accuracy.dart
[        ] Loaded debug metadata for module: packages/geolocator_platform_interface/src/enums/location_accuracy.dart
[        ] MetadataProvider: Loaded debug metadata for module: packages/geolocator_platform_interface/src/models/position.dart
[        ] Loaded debug metadata for module: packages/geolocator_platform_interface/src/models/position.dart
[        ] MetadataProvider: Loaded debug metadata for module: packages/geolocator_platform_interface/src/extensions/extensions.dart
[        ] Loaded debug metadata for module: packages/geolocator_platform_interface/src/extensions/extensions.dart
[        ] MetadataProvider: Loaded debug metadata for module: packages/geolocator_platform_interface/src/extensions/integer_extensions.dart
[        ] Loaded debug metadata for module: packages/geolocator_platform_interface/src/extensions/integer_extensions.dart
[        ] MetadataProvider: Loaded debug metadata for module: packages/geolocator_platform_interface/src/errors/errors.dart
[        ] Loaded debug metadata for module: packages/geolocator_platform_interface/src/errors/errors.dart
[        ] MetadataProvider: Loaded debug metadata for module: packages/geolocator_platform_interface/src/errors/position_update_exception.dart
[        ] Loaded debug metadata for module: packages/geolocator_platform_interface/src/errors/position_update_exception.dart
[        ] MetadataProvider: Loaded debug metadata for module: packages/geolocator_platform_interface/src/errors/permission_request_in_progress_exception.dart
[        ] Loaded debug metadata for module: packages/geolocator_platform_interface/src/errors/permission_request_in_progress_exception.dart
[        ] MetadataProvider: Loaded debug metadata for module: packages/geolocator_platform_interface/src/errors/permission_denied_exception.dart
[        ] Loaded debug metadata for module: packages/geolocator_platform_interface/src/errors/permission_denied_exception.dart
[        ] MetadataProvider: Loaded debug metadata for module: packages/geolocator_platform_interface/src/errors/permission_definitions_not_found_exception.dart
[        ] Loaded debug metadata for module: packages/geolocator_platform_interface/src/errors/permission_definitions_not_found_exception.dart
[        ] MetadataProvider: Loaded debug metadata for module: packages/geolocator_platform_interface/src/errors/location_service_disabled_exception.dart
[        ] Loaded debug metadata for module: packages/geolocator_platform_interface/src/errors/location_service_disabled_exception.dart
[        ] MetadataProvider: Loaded debug metadata for module: packages/geolocator_platform_interface/src/errors/invalid_permission_exception.dart
[        ] Loaded debug metadata for module: packages/geolocator_platform_interface/src/errors/invalid_permission_exception.dart
[        ] MetadataProvider: Loaded debug metadata for module: packages/geolocator_platform_interface/src/errors/already_subscribed_exception.dart
[        ] Loaded debug metadata for module: packages/geolocator_platform_interface/src/errors/already_subscribed_exception.dart
[        ] MetadataProvider: Loaded debug metadata for module: packages/geolocator_platform_interface/src/errors/activity_missing_exception.dart
[        ] Loaded debug metadata for module: packages/geolocator_platform_interface/src/errors/activity_missing_exception.dart
[        ] MetadataProvider: Loaded debug metadata for module: packages/geolocator_platform_interface/src/enums/enums.dart
[        ] Loaded debug metadata for module: packages/geolocator_platform_interface/src/enums/enums.dart
[        ] MetadataProvider: Loaded debug metadata for module: packages/geolocator_platform_interface/src/enums/location_service.dart
[        ] Loaded debug metadata for module: packages/geolocator_platform_interface/src/enums/location_service.dart
[        ] MetadataProvider: Loaded debug metadata for module: packages/geolocator_platform_interface/src/enums/location_permission.dart
[        ] Loaded debug metadata for module: packages/geolocator_platform_interface/src/enums/location_permission.dart
[        ] MetadataProvider: Loaded debug metadata for module: packages/geolocator_platform_interface/src/enums/location_accuracy_status.dart
[        ] Loaded debug metadata for module: packages/geolocator_platform_interface/src/enums/location_accuracy_status.dart
[        ] MetadataProvider: Loaded debug metadata for module: packages/geolocator_platform_interface/src/implementations/method_channel_geolocator.dart
[        ] Loaded debug metadata for module: packages/geolocator_platform_interface/src/implementations/method_channel_geolocator.dart
[        ] MetadataProvider: Loaded debug metadata for module: packages/vector_math/vector_math.dart
[        ] Loaded debug metadata for module: packages/vector_math/vector_math.dart
[        ] MetadataProvider: Loaded debug metadata for module: packages/geolocator_web/src/html_permissions_manager.dart
[        ] Loaded debug metadata for module: packages/geolocator_web/src/html_permissions_manager.dart
[        ] MetadataProvider: Loaded debug metadata for module: packages/geolocator_web/src/utils.dart
[        ] Loaded debug metadata for module: packages/geolocator_web/src/utils.dart
[        ] MetadataProvider: Loaded debug metadata for module: packages/geolocator_web/src/permissions_manager.dart
[        ] Loaded debug metadata for module: packages/geolocator_web/src/permissions_manager.dart
[        ] MetadataProvider: Loaded debug metadata for module: packages/geolocator_web/src/html_geolocation_manager.dart
[        ] Loaded debug metadata for module: packages/geolocator_web/src/html_geolocation_manager.dart
[        ] MetadataProvider: Loaded debug metadata for module: packages/geolocator_web/src/geolocation_manager.dart
[        ] Loaded debug metadata for module: packages/geolocator_web/src/geolocation_manager.dart
[        ] MetadataProvider: Loaded debug metadata for module: packages/firebase_storage_web/firebase_storage_web.dart
[        ] Loaded debug metadata for module: packages/firebase_storage_web/firebase_storage_web.dart
[        ] MetadataProvider: Loaded debug metadata for module: packages/firebase_storage_web/src/reference_web.dart
[        ] Loaded debug metadata for module: packages/firebase_storage_web/src/reference_web.dart
[   +1 ms] MetadataProvider: Loaded debug metadata for module: packages/firebase_storage_web/src/utils/errors.dart
[        ] Loaded debug metadata for module: packages/firebase_storage_web/src/utils/errors.dart
[        ] MetadataProvider: Loaded debug metadata for module: packages/firebase_core/firebase_core.dart
[        ] Loaded debug metadata for module: packages/firebase_core/firebase_core.dart
[        ] MetadataProvider: Loaded debug metadata for module: packages/firebase_core_platform_interface/firebase_core_platform_interface.dart
[        ] Loaded debug metadata for module: packages/firebase_core_platform_interface/firebase_core_platform_interface.dart
[        ] MetadataProvider: Loaded debug metadata for module: packages/firebase_core_platform_interface/src/pigeon/messages.pigeon.dart
[        ] Loaded debug metadata for module: packages/firebase_core_platform_interface/src/pigeon/messages.pigeon.dart
[        ] MetadataProvider: Loaded debug metadata for module: packages/_flutterfire_internals/_flutterfire_internals.dart
[        ] Loaded debug metadata for module: packages/_flutterfire_internals/_flutterfire_internals.dart
[        ] MetadataProvider: Loaded debug metadata for module: packages/_flutterfire_internals/src/exception.dart
[        ] Loaded debug metadata for module: packages/_flutterfire_internals/src/exception.dart
[        ] MetadataProvider: Loaded debug metadata for module: packages/_flutterfire_internals/src/js_interop.dart
[        ] Loaded debug metadata for module: packages/_flutterfire_internals/src/js_interop.dart
[        ] MetadataProvider: Loaded debug metadata for module: packages/firebase_core_web/src/interop/app_interop.dart
[        ] Loaded debug metadata for module: packages/firebase_core_web/src/interop/app_interop.dart
[        ] MetadataProvider: Loaded debug metadata for module: packages/firebase_core_web/src/interop/utils/utils.dart
[        ] Loaded debug metadata for module: packages/firebase_core_web/src/interop/utils/utils.dart
[        ] MetadataProvider: Loaded debug metadata for module: packages/firebase_core_web/src/interop/utils/func.dart
[        ] Loaded debug metadata for module: packages/firebase_core_web/src/interop/utils/func.dart
[        ] MetadataProvider: Loaded debug metadata for module: packages/firebase_core_web/src/interop/utils/js.dart
[        ] Loaded debug metadata for module: packages/firebase_core_web/src/interop/utils/js.dart
[        ] MetadataProvider: Loaded debug metadata for module: packages/firebase_core_web/src/interop/utils/es6_interop.dart
[        ] Loaded debug metadata for module: packages/firebase_core_web/src/interop/utils/es6_interop.dart
[        ] MetadataProvider: Loaded debug metadata for module: packages/firebase_storage_web/src/utils/metadata_cache.dart
[        ] Loaded debug metadata for module: packages/firebase_storage_web/src/utils/metadata_cache.dart
[        ] MetadataProvider: Loaded debug metadata for module: packages/firebase_storage_platform_interface/src/platform_interface/platform_interface_task_snapshot.dart
[        ] Loaded debug metadata for module: packages/firebase_storage_platform_interface/src/platform_interface/platform_interface_task_snapshot.dart
[        ] MetadataProvider: Loaded debug metadata for module: packages/firebase_storage_platform_interface/src/task_state.dart
[        ] Loaded debug metadata for module: packages/firebase_storage_platform_interface/src/task_state.dart
[        ] MetadataProvider: Loaded debug metadata for module: packages/firebase_storage_platform_interface/src/settable_metadata.dart
[        ] Loaded debug metadata for module: packages/firebase_storage_platform_interface/src/settable_metadata.dart
[        ] MetadataProvider: Loaded debug metadata for module: packages/firebase_storage_platform_interface/src/put_string_format.dart
[        ] Loaded debug metadata for module: packages/firebase_storage_platform_interface/src/put_string_format.dart
[        ] MetadataProvider: Loaded debug metadata for module: packages/firebase_storage_platform_interface/src/internal/pointer.dart
[        ] Loaded debug metadata for module: packages/firebase_storage_platform_interface/src/internal/pointer.dart
[        ] MetadataProvider: Loaded debug metadata for module: packages/firebase_storage_platform_interface/src/method_channel/utils/exception.dart
[        ] Loaded debug metadata for module: packages/firebase_storage_platform_interface/src/method_channel/utils/exception.dart
[        ] MetadataProvider: Loaded debug metadata for module: packages/firebase_storage_platform_interface/src/pigeon/messages.pigeon.dart
[        ] Loaded debug metadata for module: packages/firebase_storage_platform_interface/src/pigeon/messages.pigeon.dart
[        ] MetadataProvider: Loaded debug metadata for module: packages/firebase_storage_platform_interface/src/list_options.dart
[        ] Loaded debug metadata for module: packages/firebase_storage_platform_interface/src/list_options.dart
[        ] MetadataProvider: Loaded debug metadata for module: packages/firebase_storage_platform_interface/src/full_metadata.dart
[        ] Loaded debug metadata for module: packages/firebase_storage_platform_interface/src/full_metadata.dart
[        ] MetadataProvider: Loaded debug metadata for module: packages/firebase_storage_web/src/utils/list.dart
[        ] Loaded debug metadata for module: packages/firebase_storage_web/src/utils/list.dart
[        ] MetadataProvider: Loaded debug metadata for module: packages/firebase_storage_web/src/list_result_web.dart
[        ] Loaded debug metadata for module: packages/firebase_storage_web/src/list_result_web.dart
[        ] MetadataProvider: Loaded debug metadata for module: packages/firebase_storage_web/src/interop/storage.dart
[        ] Loaded debug metadata for module: packages/firebase_storage_web/src/interop/storage.dart
[        ] MetadataProvider: Loaded debug metadata for module: packages/firebase_storage_web/src/interop/storage_interop.dart
[        ] Loaded debug metadata for module: packages/firebase_storage_web/src/interop/storage_interop.dart
[        ] MetadataProvider: Loaded debug metadata for module: packages/firebase_storage_web/src/task_web.dart
[        ] Loaded debug metadata for module: packages/firebase_storage_web/src/task_web.dart
[        ] MetadataProvider: Loaded debug metadata for module: packages/firebase_storage_web/src/task_snapshot_web.dart
[        ] Loaded debug metadata for module: packages/firebase_storage_web/src/task_snapshot_web.dart
[        ] MetadataProvider: Loaded debug metadata for module: packages/firebase_storage_web/src/utils/metadata.dart
[        ] Loaded debug metadata for module: packages/firebase_storage_web/src/utils/metadata.dart
[        ] MetadataProvider: Loaded debug metadata for module: packages/async/src/async_cache.dart
[        ] Loaded debug metadata for module: packages/async/src/async_cache.dart
[        ] MetadataProvider: Loaded debug metadata for module: packages/async/src/typed_stream_transformer.dart
[        ] Loaded debug metadata for module: packages/async/src/typed_stream_transformer.dart
[        ] MetadataProvider: Loaded debug metadata for module: packages/async/src/subscription_stream.dart
[        ] Loaded debug metadata for module: packages/async/src/subscription_stream.dart
[        ] MetadataProvider: Loaded debug metadata for module: packages/async/src/delegate/stream_subscription.dart
[        ] Loaded debug metadata for module: packages/async/src/delegate/stream_subscription.dart
[        ] MetadataProvider: Loaded debug metadata for module: packages/async/src/typed/stream_subscription.dart
[        ] Loaded debug metadata for module: packages/async/src/typed/stream_subscription.dart
[        ] MetadataProvider: Loaded debug metadata for module: packages/async/src/stream_zip.dart
[        ] Loaded debug metadata for module: packages/async/src/stream_zip.dart
[        ] MetadataProvider: Loaded debug metadata for module: packages/async/src/stream_subscription_transformer.dart
[        ] Loaded debug metadata for module: packages/async/src/stream_subscription_transformer.dart
[        ] MetadataProvider: Loaded debug metadata for module: packages/async/src/async_memoizer.dart
[        ] Loaded debug metadata for module: packages/async/src/async_memoizer.dart
[        ] MetadataProvider: Loaded debug metadata for module: packages/async/src/stream_splitter.dart
[        ] Loaded debug metadata for module: packages/async/src/stream_splitter.dart
[        ] MetadataProvider: Loaded debug metadata for module: packages/async/src/result/value.dart
[        ] Loaded debug metadata for module: packages/async/src/result/value.dart
[        ] MetadataProvider: Loaded debug metadata for module: packages/async/src/stream_sink_transformer/typed.dart
[        ] Loaded debug metadata for module: packages/async/src/stream_sink_transformer/typed.dart
[        ] MetadataProvider: Loaded debug metadata for module: packages/async/src/delegate/stream_sink.dart
[        ] Loaded debug metadata for module: packages/async/src/delegate/stream_sink.dart
[        ] MetadataProvider: Loaded debug metadata for module: packages/async/src/future_group.dart
[        ] Loaded debug metadata for module: packages/async/src/future_group.dart
[        ] MetadataProvider: Loaded debug metadata for module: packages/async/src/stream_sink_extensions.dart
[        ] Loaded debug metadata for module: packages/async/src/stream_sink_extensions.dart
[        ] MetadataProvider: Loaded debug metadata for module: packages/async/src/stream_sink_transformer/reject_errors.dart
[        ] Loaded debug metadata for module: packages/async/src/stream_sink_transformer/reject_errors.dart
[        ] MetadataProvider: Loaded debug metadata for module: packages/async/src/stream_sink_completer.dart
[        ] Loaded debug metadata for module: packages/async/src/stream_sink_completer.dart
[        ] MetadataProvider: Loaded debug metadata for module: packages/async/src/null_stream_sink.dart
[        ] Loaded debug metadata for module: packages/async/src/null_stream_sink.dart
[        ] MetadataProvider: Loaded debug metadata for module: packages/async/src/stream_queue.dart
[        ] Loaded debug metadata for module: packages/async/src/stream_queue.dart
[        ] MetadataProvider: Loaded debug metadata for module: packages/async/src/stream_completer.dart
[        ] Loaded debug metadata for module: packages/async/src/stream_completer.dart
[        ] MetadataProvider: Loaded debug metadata for module: packages/async/src/cancelable_operation.dart
[        ] Loaded debug metadata for module: packages/async/src/cancelable_operation.dart
[        ] MetadataProvider: Loaded debug metadata for module: packages/async/src/stream_group.dart
[        ] Loaded debug metadata for module: packages/async/src/stream_group.dart
[        ] MetadataProvider: Loaded debug metadata for module: packages/async/src/stream_extensions.dart
[        ] Loaded debug metadata for module: packages/async/src/stream_extensions.dart
[        ] MetadataProvider: Loaded debug metadata for module: packages/async/src/stream_closer.dart
[        ] Loaded debug metadata for module: packages/async/src/stream_closer.dart
[        ] MetadataProvider: Loaded debug metadata for module: packages/async/src/sink_base.dart
[        ] Loaded debug metadata for module: packages/async/src/sink_base.dart
[        ] MetadataProvider: Loaded debug metadata for module: packages/async/src/single_subscription_transformer.dart
[        ] Loaded debug metadata for module: packages/async/src/single_subscription_transformer.dart
[        ] MetadataProvider: Loaded debug metadata for module: packages/async/src/result/future.dart
[        ] Loaded debug metadata for module: packages/async/src/result/future.dart
[        ] MetadataProvider: Loaded debug metadata for module: packages/async/src/delegate/future.dart
[        ] Loaded debug metadata for module: packages/async/src/delegate/future.dart
[        ] MetadataProvider: Loaded debug metadata for module: packages/async/src/restartable_timer.dart
[        ] Loaded debug metadata for module: packages/async/src/restartable_timer.dart
[        ] MetadataProvider: Loaded debug metadata for module: packages/async/src/lazy_stream.dart
[        ] Loaded debug metadata for module: packages/async/src/lazy_stream.dart
[        ] MetadataProvider: Loaded debug metadata for module: packages/async/src/delegate/stream_consumer.dart
[        ] Loaded debug metadata for module: packages/async/src/delegate/stream_consumer.dart
[        ] MetadataProvider: Loaded debug metadata for module: packages/async/src/delegate/stream.dart
[        ] Loaded debug metadata for module: packages/async/src/delegate/stream.dart
[        ] MetadataProvider: Loaded debug metadata for module: packages/async/src/delegate/sink.dart
[        ] Loaded debug metadata for module: packages/async/src/delegate/sink.dart
[        ] MetadataProvider: Loaded debug metadata for module: packages/async/src/delegate/event_sink.dart
[        ] Loaded debug metadata for module: packages/async/src/delegate/event_sink.dart
[        ] MetadataProvider: Loaded debug metadata for module: packages/async/src/chunked_stream_reader.dart
[        ] Loaded debug metadata for module: packages/async/src/chunked_stream_reader.dart
[        ] MetadataProvider: Loaded debug metadata for module: packages/async/src/byte_collector.dart
[        ] Loaded debug metadata for module: packages/async/src/byte_collector.dart
[        ] MetadataProvider: Loaded debug metadata for module: packages/firebase_core_web/firebase_core_web.dart
[        ] Loaded debug metadata for module: packages/firebase_core_web/firebase_core_web.dart
[        ] MetadataProvider: Loaded debug metadata for module: packages/firebase_core_web/src/interop/package_web_tweaks.dart
[        ] Loaded debug metadata for module: packages/firebase_core_web/src/interop/package_web_tweaks.dart
[        ] MetadataProvider: Loaded debug metadata for module: packages/firebase_auth_web/src/firebase_auth_web_recaptcha_verifier_factory.dart
[        ] Loaded debug metadata for module: packages/firebase_auth_web/src/firebase_auth_web_recaptcha_verifier_factory.dart
[        ] MetadataProvider: Loaded debug metadata for module: packages/firebase_auth_web/src/interop/multi_factor.dart
[        ] Loaded debug metadata for module: packages/firebase_auth_web/src/interop/multi_factor.dart
[        ] MetadataProvider: Loaded debug metadata for module: packages/firebase_auth_web/src/interop/auth_interop.dart
[        ] Loaded debug metadata for module: packages/firebase_auth_web/src/interop/auth_interop.dart
[        ] MetadataProvider: Loaded debug metadata for module: packages/firebase_auth_platform_interface/src/types.dart
[        ] Loaded debug metadata for module: packages/firebase_auth_platform_interface/src/types.dart
[        ] MetadataProvider: Loaded debug metadata for module: packages/firebase_auth_platform_interface/src/user_metadata.dart
[        ] Loaded debug metadata for module: packages/firebase_auth_platform_interface/src/user_metadata.dart
[        ] MetadataProvider: Loaded debug metadata for module: packages/firebase_auth_platform_interface/src/user_info.dart
[        ] Loaded debug metadata for module: packages/firebase_auth_platform_interface/src/user_info.dart
[        ] MetadataProvider: Loaded debug metadata for module: packages/firebase_auth_platform_interface/src/pigeon/messages.pigeon.dart
[        ] Loaded debug metadata for module: packages/firebase_auth_platform_interface/src/pigeon/messages.pigeon.dart
[        ] MetadataProvider: Loaded debug metadata for module: packages/firebase_auth_platform_interface/src/firebase_auth_exception.dart
[        ] Loaded debug metadata for module: packages/firebase_auth_platform_interface/src/firebase_auth_exception.dart
[        ] MetadataProvider: Loaded debug metadata for module: packages/firebase_auth_platform_interface/src/auth_credential.dart
[        ] Loaded debug metadata for module: packages/firebase_auth_platform_interface/src/auth_credential.dart
[        ] MetadataProvider: Loaded debug metadata for module: packages/firebase_auth_platform_interface/src/providers/saml_auth.dart
[        ] Loaded debug metadata for module: packages/firebase_auth_platform_interface/src/providers/saml_auth.dart
[        ] MetadataProvider: Loaded debug metadata for module: packages/firebase_auth_platform_interface/src/auth_provider.dart
[        ] Loaded debug metadata for module: packages/firebase_auth_platform_interface/src/auth_provider.dart
[        ] MetadataProvider: Loaded debug metadata for module: packages/firebase_auth_platform_interface/src/id_token_result.dart
[        ] Loaded debug metadata for module: packages/firebase_auth_platform_interface/src/id_token_result.dart
[        ] MetadataProvider: Loaded debug metadata for module: packages/firebase_auth_platform_interface/src/additional_user_info.dart
[        ] Loaded debug metadata for module: packages/firebase_auth_platform_interface/src/additional_user_info.dart
[        ] MetadataProvider: Loaded debug metadata for module: packages/firebase_auth_platform_interface/src/action_code_settings.dart
[        ] Loaded debug metadata for module: packages/firebase_auth_platform_interface/src/action_code_settings.dart
[        ] MetadataProvider: Loaded debug metadata for module: packages/firebase_auth_platform_interface/src/action_code_info.dart
[        ] Loaded debug metadata for module: packages/firebase_auth_platform_interface/src/action_code_info.dart
[        ] MetadataProvider: Loaded debug metadata for module: packages/cloud_firestore_web/src/write_batch_web.dart
[        ] Loaded debug metadata for module: packages/cloud_firestore_web/src/write_batch_web.dart
[        ] MetadataProvider: Loaded debug metadata for module: packages/cloud_firestore_platform_interface/src/platform_interface/utils/load_bundle_task_state.dart
[        ] Loaded debug metadata for module: packages/cloud_firestore_platform_interface/src/platform_interface/utils/load_bundle_task_state.dart
[        ] MetadataProvider: Loaded debug metadata for module: packages/cloud_firestore_platform_interface/src/vector_value.dart
[        ] Loaded debug metadata for module: packages/cloud_firestore_platform_interface/src/vector_value.dart
[        ] MetadataProvider: Loaded debug metadata for module: packages/cloud_firestore_platform_interface/src/timestamp.dart
[        ] Loaded debug metadata for module: packages/cloud_firestore_platform_interface/src/timestamp.dart
[        ] MetadataProvider: Loaded debug metadata for module: packages/cloud_firestore_platform_interface/src/snapshot_metadata.dart
[        ] Loaded debug metadata for module: packages/cloud_firestore_platform_interface/src/snapshot_metadata.dart
[        ] MetadataProvider: Loaded debug metadata for module: packages/cloud_firestore_platform_interface/src/settings.dart
[        ] Loaded debug metadata for module: packages/cloud_firestore_platform_interface/src/settings.dart
[        ] MetadataProvider: Loaded debug metadata for module: packages/cloud_firestore_platform_interface/src/set_options.dart
[        ] Loaded debug metadata for module: packages/cloud_firestore_platform_interface/src/set_options.dart
[        ] MetadataProvider: Loaded debug metadata for module: packages/cloud_firestore_platform_interface/src/field_path.dart
[        ] Loaded debug metadata for module: packages/cloud_firestore_platform_interface/src/field_path.dart
[        ] MetadataProvider: Loaded debug metadata for module: packages/cloud_firestore_platform_interface/src/field_path_type.dart
[        ] Loaded debug metadata for module: packages/cloud_firestore_platform_interface/src/field_path_type.dart
[        ] MetadataProvider: Loaded debug metadata for module: packages/cloud_firestore_platform_interface/src/platform_interface/platform_interface_persistent_cache_index_manager.dart
[        ] Loaded debug metadata for module: packages/cloud_firestore_platform_interface/src/platform_interface/platform_interface_persistent_cache_index_manager.dart
[        ] MetadataProvider: Loaded debug metadata for module: packages/cloud_firestore_platform_interface/src/platform_interface/platform_interface_load_bundle_task.dart
[        ] Loaded debug metadata for module: packages/cloud_firestore_platform_interface/src/platform_interface/platform_interface_load_bundle_task.dart
[        ] MetadataProvider: Loaded debug metadata for module: packages/cloud_firestore_platform_interface/src/platform_interface/platform_interface_index_definitions.dart
[        ] Loaded debug metadata for module: packages/cloud_firestore_platform_interface/src/platform_interface/platform_interface_index_definitions.dart
[        ] MetadataProvider: Loaded debug metadata for module: packages/cloud_firestore_platform_interface/src/method_channel/utils/exception.dart
[        ] Loaded debug metadata for module: packages/cloud_firestore_platform_interface/src/method_channel/utils/exception.dart
[        ] MetadataProvider: Loaded debug metadata for module: packages/cloud_firestore_platform_interface/src/internal/pointer.dart
[        ] Loaded debug metadata for module: packages/cloud_firestore_platform_interface/src/internal/pointer.dart
[        ] MetadataProvider: Loaded debug metadata for module: packages/cloud_firestore_platform_interface/src/method_channel/method_channel_field_value.dart
[        ] Loaded debug metadata for module: packages/cloud_firestore_platform_interface/src/method_channel/method_channel_field_value.dart
[        ] MetadataProvider: Loaded debug metadata for module: packages/cloud_firestore_platform_interface/src/platform_interface/platform_interface_field_value.dart
[        ] Loaded debug metadata for module: packages/cloud_firestore_platform_interface/src/platform_interface/platform_interface_field_value.dart
[        ] MetadataProvider: Loaded debug metadata for module: packages/cloud_firestore_platform_interface/src/method_channel/utils/auto_id_generator.dart
[        ] Loaded debug metadata for module: packages/cloud_firestore_platform_interface/src/method_channel/utils/auto_id_generator.dart
[        ] MetadataProvider: Loaded debug metadata for module: packages/cloud_firestore_platform_interface/src/persistence_settings.dart
[        ] Loaded debug metadata for module: packages/cloud_firestore_platform_interface/src/persistence_settings.dart
[        ] MetadataProvider: Loaded debug metadata for module: packages/cloud_firestore_platform_interface/src/load_bundle_task_state.dart
[        ] Loaded debug metadata for module: packages/cloud_firestore_platform_interface/src/load_bundle_task_state.dart
[        ] MetadataProvider: Loaded debug metadata for module: packages/cloud_firestore_platform_interface/src/geo_point.dart
[        ] Loaded debug metadata for module: packages/cloud_firestore_platform_interface/src/geo_point.dart
[        ] MetadataProvider: Loaded debug metadata for module: packages/cloud_firestore_platform_interface/src/filters.dart
[        ] Loaded debug metadata for module: packages/cloud_firestore_platform_interface/src/filters.dart
[        ] MetadataProvider: Loaded debug metadata for module: packages/cloud_firestore_platform_interface/src/blob.dart
[        ] Loaded debug metadata for module: packages/cloud_firestore_platform_interface/src/blob.dart
[        ] MetadataProvider: Loaded debug metadata for module: packages/cloud_firestore_web/src/internals.dart
[        ] Loaded debug metadata for module: packages/cloud_firestore_web/src/internals.dart
[        ] MetadataProvider: Loaded debug metadata for module: packages/relief_dashboard/main.dart
[        ] Loaded debug metadata for module: packages/relief_dashboard/main.dart
[        ] MetadataProvider: Loaded debug metadata for module: packages/relief_dashboard/widgets/auth_gate.dart
[        ] Loaded debug metadata for module: packages/relief_dashboard/widgets/auth_gate.dart
[        ] MetadataProvider: Loaded debug metadata for module: packages/relief_dashboard/services/auth_service.dart
[        ] Loaded debug metadata for module: packages/relief_dashboard/services/auth_service.dart
[        ] MetadataProvider: Loaded debug metadata for module: packages/relief_dashboard/models/user_model.dart
[        ] Loaded debug metadata for module: packages/relief_dashboard/models/user_model.dart
[        ] MetadataProvider: Loaded debug metadata for module: packages/firebase_auth/firebase_auth.dart
[        ] Loaded debug metadata for module: packages/firebase_auth/firebase_auth.dart
[        ] MetadataProvider: Loaded debug metadata for module: packages/cloud_firestore/cloud_firestore.dart
[        ] Loaded debug metadata for module: packages/cloud_firestore/cloud_firestore.dart
[        ] MetadataProvider: Loaded debug metadata for module: packages/relief_dashboard/screens/volunteer_home.dart
[        ] Loaded debug metadata for module: packages/relief_dashboard/screens/volunteer_home.dart
[        ] MetadataProvider: Loaded debug metadata for module: packages/relief_dashboard/screens/new_request_screen.dart
[        ] Loaded debug metadata for module: packages/relief_dashboard/screens/new_request_screen.dart
[        ] MetadataProvider: Loaded debug metadata for module: packages/relief_dashboard/theme/app_theme.dart
[        ] Loaded debug metadata for module: packages/relief_dashboard/theme/app_theme.dart
[        ] MetadataProvider: Loaded debug metadata for module: packages/relief_dashboard/services/firestore_service.dart
[        ] Loaded debug metadata for module: packages/relief_dashboard/services/firestore_service.dart
[        ] MetadataProvider: Loaded debug metadata for module: packages/relief_dashboard/models/warehouse.dart
[        ] Loaded debug metadata for module: packages/relief_dashboard/models/warehouse.dart
[        ] MetadataProvider: Loaded debug metadata for module: packages/relief_dashboard/models/relief_request.dart
[        ] Loaded debug metadata for module: packages/relief_dashboard/models/relief_request.dart
[        ] MetadataProvider: Loaded debug metadata for module: packages/relief_dashboard/models/inventory_item.dart
[        ] Loaded debug metadata for module: packages/relief_dashboard/models/inventory_item.dart
[        ] MetadataProvider: Loaded debug metadata for module: packages/image_picker/image_picker.dart
[        ] Loaded debug metadata for module: packages/image_picker/image_picker.dart
[        ] MetadataProvider: Loaded debug metadata for module: packages/firebase_storage/firebase_storage.dart
[        ] Loaded debug metadata for module: packages/firebase_storage/firebase_storage.dart
[        ] MetadataProvider: Loaded debug metadata for module: packages/firebase_storage/src/utils.dart
[        ] Loaded debug metadata for module: packages/firebase_storage/src/utils.dart
[        ] MetadataProvider: Loaded debug metadata for module: packages/provider/provider.dart
[        ] Loaded debug metadata for module: packages/provider/provider.dart
[        ] MetadataProvider: Loaded debug metadata for module: packages/provider/src/value_listenable_provider.dart
[        ] Loaded debug metadata for module: packages/provider/src/value_listenable_provider.dart
[        ] MetadataProvider: Loaded debug metadata for module: packages/provider/src/provider.dart
[        ] Loaded debug metadata for module: packages/provider/src/provider.dart
[        ] MetadataProvider: Loaded debug metadata for module: packages/provider/src/reassemble_handler.dart
[        ] Loaded debug metadata for module: packages/provider/src/reassemble_handler.dart
[        ] MetadataProvider: Loaded debug metadata for module: packages/nested/nested.dart
[        ] Loaded debug metadata for module: packages/nested/nested.dart
[        ] MetadataProvider: Loaded debug metadata for module: packages/provider/src/selector.dart
[        ] Loaded debug metadata for module: packages/provider/src/selector.dart
[        ] MetadataProvider: Loaded debug metadata for module: packages/provider/src/proxy_provider.dart
[        ] Loaded debug metadata for module: packages/provider/src/proxy_provider.dart
[        ] MetadataProvider: Loaded debug metadata for module: packages/provider/src/listenable_provider.dart
[        ] Loaded debug metadata for module: packages/provider/src/listenable_provider.dart
[        ] MetadataProvider: Loaded debug metadata for module: packages/provider/src/async_provider.dart
[        ] Loaded debug metadata for module: packages/provider/src/async_provider.dart
[        ] MetadataProvider: Loaded debug metadata for module: packages/geolocator/geolocator.dart
[        ] Loaded debug metadata for module: packages/geolocator/geolocator.dart
[        ] MetadataProvider: Loaded debug metadata for module: packages/geolocator_apple/geolocator_apple.dart
[        ] Loaded debug metadata for module: packages/geolocator_apple/geolocator_apple.dart
[        ] MetadataProvider: Loaded debug metadata for module: packages/geolocator_apple/src/types/apple_settings.dart
[        ] Loaded debug metadata for module: packages/geolocator_apple/src/types/apple_settings.dart
[        ] MetadataProvider: Loaded debug metadata for module: packages/geolocator_apple/src/types/activity_type.dart
[        ] Loaded debug metadata for module: packages/geolocator_apple/src/types/activity_type.dart
[        ] MetadataProvider: Loaded debug metadata for module: packages/geolocator_apple/src/geolocator_apple.dart
[        ] Loaded debug metadata for module: packages/geolocator_apple/src/geolocator_apple.dart
[        ] MetadataProvider: Loaded debug metadata for module: packages/geolocator_android/src/geolocator_android.dart
[        ] Loaded debug metadata for module: packages/geolocator_android/src/geolocator_android.dart
[        ] MetadataProvider: Loaded debug metadata for module: packages/geolocator_android/src/types/foreground_settings.dart
[        ] Loaded debug metadata for module: packages/geolocator_android/src/types/foreground_settings.dart
[        ] MetadataProvider: Loaded debug metadata for module: packages/geolocator_android/src/types/android_position.dart
[        ] Loaded debug metadata for module: packages/geolocator_android/src/types/android_position.dart
[        ] MetadataProvider: Loaded debug metadata for module: packages/geolocator_android/src/types/android_settings.dart
[        ] Loaded debug metadata for module: packages/geolocator_android/src/types/android_settings.dart
[        ] MetadataProvider: Loaded debug metadata for module: packages/uuid/v8generic.dart
[        ] Loaded debug metadata for module: packages/uuid/v8generic.dart
[        ] MetadataProvider: Loaded debug metadata for module: packages/uuid/constants.dart
[        ] Loaded debug metadata for module: packages/uuid/constants.dart
[        ] MetadataProvider: Loaded debug metadata for module: packages/uuid/data.dart
[        ] Loaded debug metadata for module: packages/uuid/data.dart
[        ] MetadataProvider: Loaded debug metadata for module: packages/uuid/rng.dart
[        ] Loaded debug metadata for module: packages/uuid/rng.dart
[        ] MetadataProvider: Loaded debug metadata for module: packages/fixnum/fixnum.dart
[        ] Loaded debug metadata for module: packages/fixnum/fixnum.dart
[        ] MetadataProvider: Loaded debug metadata for module: packages/fixnum/src/intx.dart
[        ] Loaded debug metadata for module: packages/fixnum/src/intx.dart
[        ] MetadataProvider: Loaded debug metadata for module: packages/fixnum/src/utilities.dart
[        ] Loaded debug metadata for module: packages/fixnum/src/utilities.dart
[        ] MetadataProvider: Loaded debug metadata for module: packages/crypto/crypto.dart
[        ] Loaded debug metadata for module: packages/crypto/crypto.dart
[        ] MetadataProvider: Loaded debug metadata for module: packages/crypto/src/sha512.dart
[        ] Loaded debug metadata for module: packages/crypto/src/sha512.dart
[        ] MetadataProvider: Loaded debug metadata for module: packages/crypto/src/utils.dart
[        ] Loaded debug metadata for module: packages/crypto/src/utils.dart
[        ] MetadataProvider: Loaded debug metadata for module: packages/crypto/src/sha512_slowsinks.dart
[        ] Loaded debug metadata for module: packages/crypto/src/sha512_slowsinks.dart
[        ] MetadataProvider: Loaded debug metadata for module: packages/crypto/src/hash_sink.dart
[        ] Loaded debug metadata for module: packages/crypto/src/hash_sink.dart
[        ] MetadataProvider: Loaded debug metadata for module: packages/crypto/src/digest.dart
[        ] Loaded debug metadata for module: packages/crypto/src/digest.dart
[        ] MetadataProvider: Loaded debug metadata for module: packages/crypto/src/hash.dart
[        ] Loaded debug metadata for module: packages/crypto/src/hash.dart
[        ] MetadataProvider: Loaded debug metadata for module: packages/crypto/src/digest_sink.dart
[        ] Loaded debug metadata for module: packages/crypto/src/digest_sink.dart
[        ] MetadataProvider: Loaded debug metadata for module: packages/crypto/src/sha256.dart
[        ] Loaded debug metadata for module: packages/crypto/src/sha256.dart
[        ] MetadataProvider: Loaded debug metadata for module: packages/crypto/src/sha1.dart
[        ] Loaded debug metadata for module: packages/crypto/src/sha1.dart
[        ] MetadataProvider: Loaded debug metadata for module: packages/crypto/src/md5.dart
[        ] Loaded debug metadata for module: packages/crypto/src/md5.dart
[        ] MetadataProvider: Loaded debug metadata for module: packages/crypto/src/hmac.dart
[        ] Loaded debug metadata for module: packages/crypto/src/hmac.dart
[        ] MetadataProvider: Loaded debug metadata for module: packages/relief_dashboard/screens/my_requests_screen.dart
[        ] Loaded debug metadata for module: packages/relief_dashboard/screens/my_requests_screen.dart
[        ] MetadataProvider: Loaded debug metadata for module: packages/relief_dashboard/screens/request_detail_screen.dart
[        ] Loaded debug metadata for module: packages/relief_dashboard/screens/request_detail_screen.dart
[        ] MetadataProvider: Loaded debug metadata for module: packages/relief_dashboard/widgets/urgency_badge.dart
[        ] Loaded debug metadata for module: packages/relief_dashboard/widgets/urgency_badge.dart
[        ] MetadataProvider: Loaded debug metadata for module: packages/relief_dashboard/widgets/status_badge.dart
[        ] Loaded debug metadata for module: packages/relief_dashboard/widgets/status_badge.dart
[        ] MetadataProvider: Loaded debug metadata for module: packages/latlong2/latlong.dart
[        ] Loaded debug metadata for module: packages/latlong2/latlong.dart
[        ] MetadataProvider: Loaded debug metadata for module: packages/intl/src/intl/number_parser_base.dart
[        ] Loaded debug metadata for module: packages/intl/src/intl/number_parser_base.dart
[        ] MetadataProvider: Loaded debug metadata for module: packages/intl/src/intl/text_direction.dart
[        ] Loaded debug metadata for module: packages/intl/src/intl/text_direction.dart
[        ] MetadataProvider: Loaded debug metadata for module: packages/intl/src/intl/number_format_parser.dart
[        ] Loaded debug metadata for module: packages/intl/src/intl/number_format_parser.dart
[        ] MetadataProvider: Loaded debug metadata for module: packages/intl/src/intl/string_stack.dart
[        ] Loaded debug metadata for module: packages/intl/src/intl/string_stack.dart
[        ] MetadataProvider: Loaded debug metadata for module: packages/intl/number_symbols_data.dart
[        ] Loaded debug metadata for module: packages/intl/number_symbols_data.dart
[        ] MetadataProvider: Loaded debug metadata for module: packages/intl/number_symbols.dart
[   +2 ms] Loaded debug metadata for module: packages/intl/number_symbols.dart
[        ] MetadataProvider: Loaded debug metadata for module: packages/intl/src/intl/constants.dart
[        ] Loaded debug metadata for module: packages/intl/src/intl/constants.dart
[        ] MetadataProvider: Loaded debug metadata for module: packages/intl/src/plural_rules.dart
[        ] Loaded debug metadata for module: packages/intl/src/plural_rules.dart
[        ] MetadataProvider: Loaded debug metadata for module: packages/intl/src/global_state.dart
[        ] Loaded debug metadata for module: packages/intl/src/global_state.dart
[        ] MetadataProvider: Loaded debug metadata for module: packages/intl/src/intl/micro_money.dart
[        ] Loaded debug metadata for module: packages/intl/src/intl/micro_money.dart
[        ] MetadataProvider: Loaded debug metadata for module: packages/intl/src/intl/regexp.dart
[        ] Loaded debug metadata for module: packages/intl/src/intl/regexp.dart
[        ] MetadataProvider: Loaded debug metadata for module: packages/intl/src/intl/date_computation.dart
[        ] Loaded debug metadata for module: packages/intl/src/intl/date_computation.dart
[        ] MetadataProvider: Loaded debug metadata for module: packages/intl/src/intl/date_builder.dart
[   +1 ms] Loaded debug metadata for module: packages/intl/src/intl/date_builder.dart
[        ] MetadataProvider: Loaded debug metadata for module: packages/clock/src/stopwatch.dart
[        ] Loaded debug metadata for module: packages/clock/src/stopwatch.dart
[        ] MetadataProvider: Loaded debug metadata for module: packages/clock/src/utils.dart
[        ] Loaded debug metadata for module: packages/clock/src/utils.dart
[        ] MetadataProvider: Loaded debug metadata for module: packages/intl/date_symbols.dart
[        ] Loaded debug metadata for module: packages/intl/date_symbols.dart
[        ] MetadataProvider: Loaded debug metadata for module: packages/intl/src/intl/bidi_formatter.dart
[        ] Loaded debug metadata for module: packages/intl/src/intl/bidi_formatter.dart
[        ] MetadataProvider: Loaded debug metadata for module: packages/intl/src/intl/bidi.dart
[        ] Loaded debug metadata for module: packages/intl/src/intl/bidi.dart
[        ] MetadataProvider: Loaded debug metadata for module: packages/latlong2/spline.dart
[        ] Loaded debug metadata for module: packages/latlong2/spline.dart
[        ] MetadataProvider: Loaded debug metadata for module: packages/flutter_map/src/map/widget.dart
[        ] Loaded debug metadata for module: packages/flutter_map/src/map/widget.dart
[        ] MetadataProvider: Loaded debug metadata for module: packages/flutter_map/src/misc/extensions.dart
[        ] Loaded debug metadata for module: packages/flutter_map/src/misc/extensions.dart
[        ] MetadataProvider: Loaded debug metadata for module: packages/flutter_map/src/misc/deg_rad_conversions.dart
[        ] Loaded debug metadata for module: packages/flutter_map/src/misc/deg_rad_conversions.dart
[        ] MetadataProvider: Loaded debug metadata for module: packages/flutter_map/src/map/options/cursor_keyboard_rotation.dart
[        ] Loaded debug metadata for module: packages/flutter_map/src/map/options/cursor_keyboard_rotation.dart
[        ] MetadataProvider: Loaded debug metadata for module: packages/http/retry.dart
[        ] Loaded debug metadata for module: packages/http/retry.dart
[        ] MetadataProvider: Loaded debug metadata for module: packages/flutter_map/src/layer/tile_layer/tile_provider/network/image_provider/consolidate_response.dart
[        ] Loaded debug metadata for module: packages/flutter_map/src/layer/tile_layer/tile_provider/network/image_provider/consolidate_response.dart
[        ] MetadataProvider: Loaded debug metadata for module: packages/flutter_map/src/dart_io/http_status.dart
[        ] Loaded debug metadata for module: packages/flutter_map/src/dart_io/http_status.dart
[        ] MetadataProvider: Loaded debug metadata for module: packages/flutter_map/src/dart_io/http_headers.dart
[        ] Loaded debug metadata for module: packages/flutter_map/src/dart_io/http_headers.dart
[        ] MetadataProvider: Loaded debug metadata for module: packages/flutter_map/src/dart_io/http_date.dart
[        ] Loaded debug metadata for module: packages/flutter_map/src/dart_io/http_date.dart
[        ] MetadataProvider: Loaded debug metadata for module: packages/flutter_map/src/dart_io/http_exception.dart
[        ] Loaded debug metadata for module: packages/flutter_map/src/dart_io/http_exception.dart
[        ] MetadataProvider: Loaded debug metadata for module: packages/flutter_map/src/layer/tile_layer/tile_provider/network/caching/tile_read_failure_exception.dart
[        ] Loaded debug metadata for module: packages/flutter_map/src/layer/tile_layer/tile_provider/network/caching/tile_read_failure_exception.dart
[        ] MetadataProvider: Loaded debug metadata for module: packages/flutter_map/src/misc/bounds.dart
[        ] Loaded debug metadata for module: packages/flutter_map/src/misc/bounds.dart
[        ] MetadataProvider: Loaded debug metadata for module: packages/flutter_map/src/layer/shared/translucent_pointer.dart
[        ] Loaded debug metadata for module: packages/flutter_map/src/layer/shared/translucent_pointer.dart
[        ] MetadataProvider: Loaded debug metadata for module: packages/flutter_map/src/misc/simplify.dart
[        ] Loaded debug metadata for module: packages/flutter_map/src/misc/simplify.dart
[        ] MetadataProvider: Loaded debug metadata for module: packages/flutter_map/src/geo/crs.dart
[        ] Loaded debug metadata for module: packages/flutter_map/src/geo/crs.dart
[        ] MetadataProvider: Loaded debug metadata for module: packages/proj4dart/src/classes/projection_tuple.dart
[        ] Loaded debug metadata for module: packages/proj4dart/src/classes/projection_tuple.dart
[        ] MetadataProvider: Loaded debug metadata for module: packages/wkt_parser/wkt_parser.dart
[        ] Loaded debug metadata for module: packages/wkt_parser/wkt_parser.dart
[        ] MetadataProvider: Loaded debug metadata for module: packages/wkt_parser/src/proj_wkt.dart
[        ] Loaded debug metadata for module: packages/wkt_parser/src/proj_wkt.dart
[        ] MetadataProvider: Loaded debug metadata for module: packages/wkt_parser/src/process.dart
[        ] Loaded debug metadata for module: packages/wkt_parser/src/process.dart
[        ] MetadataProvider: Loaded debug metadata for module: packages/wkt_parser/src/parser.dart
[        ] Loaded debug metadata for module: packages/wkt_parser/src/parser.dart
[        ] MetadataProvider: Loaded debug metadata for module: packages/wkt_parser/src/clean_wkt.dart
[        ] Loaded debug metadata for module: packages/wkt_parser/src/clean_wkt.dart
[        ] MetadataProvider: Loaded debug metadata for module: packages/proj4dart/src/constants/values.dart
[        ] Loaded debug metadata for module: packages/proj4dart/src/constants/values.dart
[        ] MetadataProvider: Loaded debug metadata for module: packages/proj4dart/src/classes/point.dart
[        ] Loaded debug metadata for module: packages/proj4dart/src/classes/point.dart
[        ] MetadataProvider: Loaded debug metadata for module: packages/mgrs_dart/mgrs_dart.dart
[        ] Loaded debug metadata for module: packages/mgrs_dart/mgrs_dart.dart
[        ] MetadataProvider: Loaded debug metadata for module: packages/mgrs_dart/src/mgrs.dart
[        ] Loaded debug metadata for module: packages/mgrs_dart/src/mgrs.dart
[        ] MetadataProvider: Loaded debug metadata for module: packages/unicode/unicode.dart
[        ] Loaded debug metadata for module: packages/unicode/unicode.dart
[        ] MetadataProvider: Loaded debug metadata for module: packages/simple_sparse_list/simple_sparse_list.dart
[        ] Loaded debug metadata for module: packages/simple_sparse_list/simple_sparse_list.dart
[        ] MetadataProvider: Loaded debug metadata for module: packages/mgrs_dart/src/classes/utm.dart
[        ] Loaded debug metadata for module: packages/mgrs_dart/src/classes/utm.dart
[        ] MetadataProvider: Loaded debug metadata for module: packages/mgrs_dart/src/classes/lonlat.dart
[        ] Loaded debug metadata for module: packages/mgrs_dart/src/classes/lonlat.dart
[        ] MetadataProvider: Loaded debug metadata for module: packages/mgrs_dart/src/classes/bbox.dart
[        ] Loaded debug metadata for module: packages/mgrs_dart/src/classes/bbox.dart
[        ] MetadataProvider: Loaded debug metadata for module: packages/proj4dart/src/classes/proj_params.dart
[        ] Loaded debug metadata for module: packages/proj4dart/src/classes/proj_params.dart
[        ] MetadataProvider: Loaded debug metadata for module: packages/proj4dart/src/constants/units.dart
[        ] Loaded debug metadata for module: packages/proj4dart/src/constants/units.dart
[        ] MetadataProvider: Loaded debug metadata for module: packages/proj4dart/src/classes/unit.dart
[        ] Loaded debug metadata for module: packages/proj4dart/src/classes/unit.dart
[        ] MetadataProvider: Loaded debug metadata for module: packages/proj4dart/src/constants/prime_meridians.dart
[        ] Loaded debug metadata for module: packages/proj4dart/src/constants/prime_meridians.dart
[        ] MetadataProvider: Loaded debug metadata for module: packages/proj4dart/src/constants/datums.dart
[        ] Loaded debug metadata for module: packages/proj4dart/src/constants/datums.dart
[        ] MetadataProvider: Loaded debug metadata for module: packages/proj4dart/src/classes/constant_datum.dart
[        ] Loaded debug metadata for module: packages/proj4dart/src/classes/constant_datum.dart
[        ] MetadataProvider: Loaded debug metadata for module: packages/proj4dart/src/common/derive_constants.dart
[        ] Loaded debug metadata for module: packages/proj4dart/src/common/derive_constants.dart
[        ] MetadataProvider: Loaded debug metadata for module: packages/proj4dart/src/constants/ellipsoids.dart
[        ] Loaded debug metadata for module: packages/proj4dart/src/constants/ellipsoids.dart
[        ] MetadataProvider: Loaded debug metadata for module: packages/proj4dart/src/classes/ellipsoid.dart
[        ] Loaded debug metadata for module: packages/proj4dart/src/classes/ellipsoid.dart
[        ] MetadataProvider: Loaded debug metadata for module: packages/proj4dart/src/globals/nadgrid_store.dart
[        ] Loaded debug metadata for module: packages/proj4dart/src/globals/nadgrid_store.dart
[        ] MetadataProvider: Loaded debug metadata for module: packages/proj4dart/src/classes/datum.dart
[        ] Loaded debug metadata for module: packages/proj4dart/src/classes/datum.dart
[        ] MetadataProvider: Loaded debug metadata for module: packages/proj4dart/src/constants/faces.dart
[        ] Loaded debug metadata for module: packages/proj4dart/src/constants/faces.dart
[        ] MetadataProvider: Loaded debug metadata for module: packages/proj4dart/src/constants/areas.dart
[        ] Loaded debug metadata for module: packages/proj4dart/src/constants/areas.dart
[        ] MetadataProvider: Loaded debug metadata for module: packages/proj4dart/src/common/datum_utils.dart
[        ] Loaded debug metadata for module: packages/proj4dart/src/common/datum_utils.dart
[        ] MetadataProvider: Loaded debug metadata for module: packages/flutter_map/src/misc/point_in_polygon.dart
[        ] Loaded debug metadata for module: packages/flutter_map/src/misc/point_in_polygon.dart
[        ] MetadataProvider: Loaded debug metadata for module: packages/dart_earcut/dart_earcut.dart
[        ] Loaded debug metadata for module: packages/dart_earcut/dart_earcut.dart
[        ] MetadataProvider: Loaded debug metadata for module: packages/dart_polylabel2/dart_polylabel2.dart
[        ] Loaded debug metadata for module: packages/dart_polylabel2/dart_polylabel2.dart
[        ] MetadataProvider: Loaded debug metadata for module: packages/dart_polylabel2/src/point.dart
[        ] Loaded debug metadata for module: packages/dart_polylabel2/src/point.dart
[        ] MetadataProvider: Loaded debug metadata for module: packages/dart_polylabel2/src/impl.dart
[        ] Loaded debug metadata for module: packages/dart_polylabel2/src/impl.dart
[        ] MetadataProvider: Loaded debug metadata for module: packages/dart_polylabel2/src/utils.dart
[        ] Loaded debug metadata for module: packages/dart_polylabel2/src/utils.dart
[        ] MetadataProvider: Loaded debug metadata for module: packages/flutter_map/src/gestures/positioned_tap_detector_2.dart
[        ] Loaded debug metadata for module: packages/flutter_map/src/gestures/positioned_tap_detector_2.dart
[        ] MetadataProvider: Loaded debug metadata for module: packages/flutter_map/src/gestures/multi_finger_gesture.dart
[        ] Loaded debug metadata for module: packages/flutter_map/src/gestures/multi_finger_gesture.dart
[        ] MetadataProvider: Loaded debug metadata for module: packages/flutter_map/src/geo/latlng_bounds.dart
[        ] Loaded debug metadata for module: packages/flutter_map/src/geo/latlng_bounds.dart
[        ] MetadataProvider: Loaded debug metadata for module: packages/relief_dashboard/screens/map_screen.dart
[        ] Loaded debug metadata for module: packages/relief_dashboard/screens/map_screen.dart
[        ] MetadataProvider: Loaded debug metadata for module: packages/relief_dashboard/screens/login_screen.dart
[        ] Loaded debug metadata for module: packages/relief_dashboard/screens/login_screen.dart
[        ] MetadataProvider: Loaded debug metadata for module: packages/relief_dashboard/screens/signup_screen.dart
[        ] Loaded debug metadata for module: packages/relief_dashboard/screens/signup_screen.dart
[        ] MetadataProvider: Loaded debug metadata for module: packages/relief_dashboard/screens/admin_home.dart
[        ] Loaded debug metadata for module: packages/relief_dashboard/screens/admin_home.dart
[        ] MetadataProvider: Loaded debug metadata for module: packages/relief_dashboard/screens/inventory_screen.dart
[        ] Loaded debug metadata for module: packages/relief_dashboard/screens/inventory_screen.dart
[        ] MetadataProvider: Loaded debug metadata for module: packages/relief_dashboard/screens/inventory_form_sheet.dart
[        ] Loaded debug metadata for module: packages/relief_dashboard/screens/inventory_form_sheet.dart
[        ] MetadataProvider: Loaded debug metadata for module: packages/relief_dashboard/screens/dashboard_screen.dart
[        ] Loaded debug metadata for module: packages/relief_dashboard/screens/dashboard_screen.dart
[        ] MetadataProvider: Loaded debug metadata for module: packages/fl_chart/src/chart/scatter_chart/scatter_chart_helper.dart
[        ] Loaded debug metadata for module: packages/fl_chart/src/chart/scatter_chart/scatter_chart_helper.dart
[        ] MetadataProvider: Loaded debug metadata for module: packages/fl_chart/src/extensions/color_extension.dart
[        ] Loaded debug metadata for module: packages/fl_chart/src/extensions/color_extension.dart
[        ] MetadataProvider: Loaded debug metadata for module: packages/equatable/src/equatable_mixin.dart
[        ] Loaded debug metadata for module: packages/equatable/src/equatable_mixin.dart
[        ] MetadataProvider: Loaded debug metadata for module: packages/fl_chart/src/utils/utils.dart
[        ] Loaded debug metadata for module: packages/fl_chart/src/utils/utils.dart
[        ] MetadataProvider: Loaded debug metadata for module: packages/fl_chart/src/extensions/path_extension.dart
[        ] Loaded debug metadata for module: packages/fl_chart/src/extensions/path_extension.dart
[        ] MetadataProvider: Loaded debug metadata for module: packages/fl_chart/src/utils/path_drawing/dash_path.dart
[        ] Loaded debug metadata for module: packages/fl_chart/src/utils/path_drawing/dash_path.dart
[        ] MetadataProvider: Loaded debug metadata for module: packages/fl_chart/src/extensions/border_extension.dart
[        ] Loaded debug metadata for module: packages/fl_chart/src/extensions/border_extension.dart
[        ] MetadataProvider: Loaded debug metadata for module: packages/fl_chart/src/extensions/paint_extension.dart
[        ] Loaded debug metadata for module: packages/fl_chart/src/extensions/paint_extension.dart
[        ] MetadataProvider: Loaded debug metadata for module: packages/fl_chart/src/extensions/text_align_extension.dart
[        ] Loaded debug metadata for module: packages/fl_chart/src/extensions/text_align_extension.dart
[        ] MetadataProvider: Loaded debug metadata for module: packages/fl_chart/src/extensions/rrect_extension.dart
[        ] Loaded debug metadata for module: packages/fl_chart/src/extensions/rrect_extension.dart
[        ] MetadataProvider: Loaded debug metadata for module: packages/fl_chart/src/chart/base/base_chart/fl_touch_event.dart
[        ] Loaded debug metadata for module: packages/fl_chart/src/chart/base/base_chart/fl_touch_event.dart
[        ] MetadataProvider: Loaded debug metadata for module: packages/fl_chart/src/chart/base/custom_interactive_viewer.dart
[        ] Loaded debug metadata for module: packages/fl_chart/src/chart/base/custom_interactive_viewer.dart
[        ] MetadataProvider: Loaded debug metadata for module: packages/fl_chart/src/chart/base/axis_chart/transformation_config.dart
[        ] Loaded debug metadata for module: packages/fl_chart/src/chart/base/axis_chart/transformation_config.dart
[        ] MetadataProvider: Loaded debug metadata for module: packages/fl_chart/src/chart/base/axis_chart/scale_axis.dart
[        ] Loaded debug metadata for module: packages/fl_chart/src/chart/base/axis_chart/scale_axis.dart
[        ] MetadataProvider: Loaded debug metadata for module: packages/fl_chart/src/extensions/size_extension.dart
[        ] Loaded debug metadata for module: packages/fl_chart/src/extensions/size_extension.dart
[        ] MetadataProvider: Loaded debug metadata for module: packages/fl_chart/src/extensions/edge_insets_extension.dart
[        ] Loaded debug metadata for module: packages/fl_chart/src/extensions/edge_insets_extension.dart
[        ] MetadataProvider: Loaded debug metadata for module: packages/fl_chart/src/chart/base/axis_chart/side_titles/side_titles_flex.dart
[        ] Loaded debug metadata for module: packages/fl_chart/src/chart/base/axis_chart/side_titles/side_titles_flex.dart
[        ] MetadataProvider: Loaded debug metadata for module: packages/fl_chart/src/chart/base/line.dart
[        ] Loaded debug metadata for module: packages/fl_chart/src/chart/base/line.dart
[        ] MetadataProvider: Loaded debug metadata for module: packages/fl_chart/src/extensions/gradient_extension.dart
[        ] Loaded debug metadata for module: packages/fl_chart/src/extensions/gradient_extension.dart
[        ] MetadataProvider: Loaded debug metadata for module: packages/relief_dashboard/screens/admin_requests_screen.dart
[        ] Loaded debug metadata for module: packages/relief_dashboard/screens/admin_requests_screen.dart
[        ] MetadataProvider: Loaded debug metadata for module: packages/relief_dashboard/screens/allocation_sheet.dart
[        ] Loaded debug metadata for module: packages/relief_dashboard/screens/allocation_sheet.dart
[        ] MetadataProvider: Loaded debug metadata for module: packages/relief_dashboard/firebase_options.dart
[        ] Loaded debug metadata for module: packages/relief_dashboard/firebase_options.dart
[  +14 ms] DwdsInjector: Injected debugging metadata for entrypoint at http://127.0.0.1:5002/main_module.bootstrap.js
[        ] Injected debugging metadata for entrypoint at http://127.0.0.1:5002/main_module.bootstrap.js
[+17030 ms] DevHandler: Chrome proxy service initialized successfully
[        ] Chrome proxy service initialized successfully
[+5266 ms] ChromeProxyService: 666858493 Destroying isolate
[        ] 666858493 Destroying isolate
[   +1 ms] BatchedExpressionEvaluator: Closed
[        ] Closed
[+25392 ms] DwdsInjector: Received request for entrypoint at http://127.0.0.1:5002/main_module.bootstrap.js
[        ] Received request for entrypoint at http://127.0.0.1:5002/main_module.bootstrap.js
[        ] MetadataProvider: Loading debug metadata...
[        ] Loading debug metadata...
[   +3 ms] MetadataProvider: Loaded debug metadata for module: web_entrypoint.dart
[        ] Loaded debug metadata for module: web_entrypoint.dart
[        ] MetadataProvider: Loaded debug metadata for module: web_plugin_registrant.dart
[        ] Loaded debug metadata for module: web_plugin_registrant.dart
[        ] MetadataProvider: Loaded debug metadata for module: packages/flutter_web_plugins/flutter_web_plugins.dart
[        ] Loaded debug metadata for module: packages/flutter_web_plugins/flutter_web_plugins.dart
[        ] MetadataProvider: Loaded debug metadata for module: packages/flutter_web_plugins/src/plugin_registry.dart
[        ] Loaded debug metadata for module: packages/flutter_web_plugins/src/plugin_registry.dart
[        ] MetadataProvider: Loaded debug metadata for module: packages/flutter/src/services/undo_manager.dart
[        ] Loaded debug metadata for module: packages/flutter/src/services/undo_manager.dart
[        ] MetadataProvider: Loaded debug metadata for module: packages/flutter/foundation.dart
[        ] Loaded debug metadata for module: packages/flutter/foundation.dart
[        ] MetadataProvider: Loaded debug metadata for module: packages/flutter/src/foundation/unicode.dart
[        ] Loaded debug metadata for module: packages/flutter/src/foundation/unicode.dart
[        ] MetadataProvider: Loaded debug metadata for module: packages/flutter/src/foundation/timeline.dart
[        ] Loaded debug metadata for module: packages/flutter/src/foundation/timeline.dart
[        ] MetadataProvider: Loaded debug metadata for module: packages/flutter/src/foundation/constants.dart
[        ] Loaded debug metadata for module: packages/flutter/src/foundation/constants.dart
[        ] MetadataProvider: Loaded debug metadata for module: packages/flutter/src/foundation/_timeline_web.dart
[        ] Loaded debug metadata for module: packages/flutter/src/foundation/_timeline_web.dart
[        ] MetadataProvider: Loaded debug metadata for module: packages/meta/meta.dart
[        ] Loaded debug metadata for module: packages/meta/meta.dart
[        ] MetadataProvider: Loaded debug metadata for module: packages/meta/meta_meta.dart
[        ] Loaded debug metadata for module: packages/meta/meta_meta.dart
[        ] MetadataProvider: Loaded debug metadata for module: packages/flutter/src/foundation/synchronous_future.dart
[        ] Loaded debug metadata for module: packages/flutter/src/foundation/synchronous_future.dart
[        ] MetadataProvider: Loaded debug metadata for module: packages/flutter/src/foundation/stack_frame.dart
[        ] Loaded debug metadata for module: packages/flutter/src/foundation/stack_frame.dart
[        ] MetadataProvider: Loaded debug metadata for module: packages/flutter/src/foundation/object.dart
[        ] Loaded debug metadata for module: packages/flutter/src/foundation/object.dart
[        ] MetadataProvider: Loaded debug metadata for module: packages/flutter/src/foundation/service_extensions.dart
[        ] Loaded debug metadata for module: packages/flutter/src/foundation/service_extensions.dart
[        ] MetadataProvider: Loaded debug metadata for module: packages/flutter/src/foundation/serialization.dart
[        ] Loaded debug metadata for module: packages/flutter/src/foundation/serialization.dart
[        ] MetadataProvider: Loaded debug metadata for module: packages/flutter/src/foundation/print.dart
[        ] Loaded debug metadata for module: packages/flutter/src/foundation/print.dart
[        ] MetadataProvider: Loaded debug metadata for module: packages/flutter/src/foundation/_platform_web.dart
[        ] Loaded debug metadata for module: packages/flutter/src/foundation/_platform_web.dart
[        ] MetadataProvider: Loaded debug metadata for module: packages/flutter/src/foundation/basic_types.dart
[        ] Loaded debug metadata for module: packages/flutter/src/foundation/basic_types.dart
[        ] MetadataProvider: Loaded debug metadata for module: packages/flutter/src/foundation/error_dumper.dart
[        ] Loaded debug metadata for module: packages/flutter/src/foundation/error_dumper.dart
[        ] MetadataProvider: Loaded debug metadata for module: packages/flutter/src/foundation/_error_dumper_web.dart
[        ] Loaded debug metadata for module: packages/flutter/src/foundation/_error_dumper_web.dart
[        ] MetadataProvider: Loaded debug metadata for module: packages/flutter/src/web.dart
[        ] Loaded debug metadata for module: packages/flutter/src/web.dart
[        ] MetadataProvider: Loaded debug metadata for module: packages/flutter/src/foundation/persistent_hash_map.dart
[        ] Loaded debug metadata for module: packages/flutter/src/foundation/persistent_hash_map.dart
[        ] MetadataProvider: Loaded debug metadata for module: packages/flutter/src/foundation/observer_list.dart
[        ] Loaded debug metadata for module: packages/flutter/src/foundation/observer_list.dart
[        ] MetadataProvider: Loaded debug metadata for module: packages/flutter/src/foundation/node.dart
[        ] Loaded debug metadata for module: packages/flutter/src/foundation/node.dart
[        ] MetadataProvider: Loaded debug metadata for module: packages/flutter/src/foundation/licenses.dart
[        ] Loaded debug metadata for module: packages/flutter/src/foundation/licenses.dart
[        ] MetadataProvider: Loaded debug metadata for module: packages/flutter/src/foundation/key.dart
[        ] Loaded debug metadata for module: packages/flutter/src/foundation/key.dart
[        ] MetadataProvider: Loaded debug metadata for module: packages/flutter/src/foundation/_isolates_web.dart
[        ] Loaded debug metadata for module: packages/flutter/src/foundation/_isolates_web.dart
[        ] MetadataProvider: Loaded debug metadata for module: packages/flutter/src/foundation/consolidate_response.dart
[        ] Loaded debug metadata for module: packages/flutter/src/foundation/consolidate_response.dart
[        ] MetadataProvider: Loaded debug metadata for module: packages/flutter/src/foundation/collections.dart
[        ] Loaded debug metadata for module: packages/flutter/src/foundation/collections.dart
[        ] MetadataProvider: Loaded debug metadata for module: packages/flutter/src/foundation/change_notifier.dart
[        ] Loaded debug metadata for module: packages/flutter/src/foundation/change_notifier.dart
[        ] MetadataProvider: Loaded debug metadata for module: packages/flutter/src/foundation/capabilities.dart
[        ] Loaded debug metadata for module: packages/flutter/src/foundation/capabilities.dart
[        ] MetadataProvider: Loaded debug metadata for module: packages/flutter/src/foundation/_capabilities_web.dart
[        ] Loaded debug metadata for module: packages/flutter/src/foundation/_capabilities_web.dart
[        ] MetadataProvider: Loaded debug metadata for module: packages/flutter/src/foundation/_bitfield_web.dart
[        ] Loaded debug metadata for module: packages/flutter/src/foundation/_bitfield_web.dart
[        ] MetadataProvider: Loaded debug metadata for module: packages/flutter/src/foundation/binding.dart
[        ] Loaded debug metadata for module: packages/flutter/src/foundation/binding.dart
[        ] MetadataProvider: Loaded debug metadata for module: packages/flutter/src/foundation/annotations.dart
[        ] Loaded debug metadata for module: packages/flutter/src/foundation/annotations.dart
[        ] MetadataProvider: Loaded debug metadata for module: packages/flutter/src/services/text_layout_metrics.dart
[        ] Loaded debug metadata for module: packages/flutter/src/services/text_layout_metrics.dart
[        ] MetadataProvider: Loaded debug metadata for module: packages/flutter/src/services/text_editing.dart
[        ] Loaded debug metadata for module: packages/flutter/src/services/text_editing.dart
[        ] MetadataProvider: Loaded debug metadata for module: packages/flutter/src/services/text_editing_delta.dart
[        ] Loaded debug metadata for module: packages/flutter/src/services/text_editing_delta.dart
[        ] MetadataProvider: Loaded debug metadata for module: packages/vector_math/vector_math_64.dart
[        ] Loaded debug metadata for module: packages/vector_math/vector_math_64.dart
[        ] MetadataProvider: Loaded debug metadata for module: packages/flutter/scheduler.dart
[        ] Loaded debug metadata for module: packages/flutter/scheduler.dart
[        ] MetadataProvider: Loaded debug metadata for module: packages/flutter/src/scheduler/ticker.dart
[        ] Loaded debug metadata for module: packages/flutter/src/scheduler/ticker.dart
[        ] MetadataProvider: Loaded debug metadata for module: packages/flutter/src/scheduler/binding.dart
[        ] Loaded debug metadata for module: packages/flutter/src/scheduler/binding.dart
[        ] MetadataProvider: Loaded debug metadata for module: packages/flutter/src/scheduler/priority.dart
[        ] Loaded debug metadata for module: packages/flutter/src/scheduler/priority.dart
[        ] MetadataProvider: Loaded debug metadata for module: packages/flutter/src/scheduler/service_extensions.dart
[        ] Loaded debug metadata for module: packages/flutter/src/scheduler/service_extensions.dart
[        ] MetadataProvider: Loaded debug metadata for module: packages/flutter/src/scheduler/debug.dart
[        ] Loaded debug metadata for module: packages/flutter/src/scheduler/debug.dart
[        ] MetadataProvider: Loaded debug metadata for module: packages/collection/collection.dart
[        ] Loaded debug metadata for module: packages/collection/collection.dart
[        ] MetadataProvider: Loaded debug metadata for module: packages/collection/src/wrappers.dart
[        ] Loaded debug metadata for module: packages/collection/src/wrappers.dart
[        ] MetadataProvider: Loaded debug metadata for module: packages/collection/src/union_set_controller.dart
[        ] Loaded debug metadata for module: packages/collection/src/union_set_controller.dart
[        ] MetadataProvider: Loaded debug metadata for module: packages/collection/src/union_set.dart
[        ] Loaded debug metadata for module: packages/collection/src/union_set.dart
[        ] MetadataProvider: Loaded debug metadata for module: packages/collection/src/queue_list.dart
[        ] Loaded debug metadata for module: packages/collection/src/queue_list.dart
[        ] MetadataProvider: Loaded debug metadata for module: packages/collection/src/priority_queue.dart
[        ] Loaded debug metadata for module: packages/collection/src/priority_queue.dart
[        ] MetadataProvider: Loaded debug metadata for module: packages/collection/src/utils.dart
[        ] Loaded debug metadata for module: packages/collection/src/utils.dart
[        ] MetadataProvider: Loaded debug metadata for module: packages/collection/src/list_extensions.dart
[        ] Loaded debug metadata for module: packages/collection/src/list_extensions.dart
[        ] MetadataProvider: Loaded debug metadata for module: packages/collection/src/equality.dart
[        ] Loaded debug metadata for module: packages/collection/src/equality.dart
[        ] MetadataProvider: Loaded debug metadata for module: packages/collection/src/comparators.dart
[        ] Loaded debug metadata for module: packages/collection/src/comparators.dart
[        ] MetadataProvider: Loaded debug metadata for module: packages/collection/src/algorithms.dart
[        ] Loaded debug metadata for module: packages/collection/src/algorithms.dart
[        ] MetadataProvider: Loaded debug metadata for module: packages/collection/src/iterable_zip.dart
[        ] Loaded debug metadata for module: packages/collection/src/iterable_zip.dart
[        ] MetadataProvider: Loaded debug metadata for module: packages/collection/src/iterable_extensions.dart
[        ] Loaded debug metadata for module: packages/collection/src/iterable_extensions.dart
[        ] MetadataProvider: Loaded debug metadata for module: packages/collection/src/functions.dart
[        ] Loaded debug metadata for module: packages/collection/src/functions.dart
[        ] MetadataProvider: Loaded debug metadata for module: packages/collection/src/equality_set.dart
[        ] Loaded debug metadata for module: packages/collection/src/equality_set.dart
[        ] MetadataProvider: Loaded debug metadata for module: packages/collection/src/equality_map.dart
[        ] Loaded debug metadata for module: packages/collection/src/equality_map.dart
[        ] MetadataProvider: Loaded debug metadata for module: packages/collection/src/combined_wrappers/combined_map.dart
[        ] Loaded debug metadata for module: packages/collection/src/combined_wrappers/combined_map.dart
[        ] MetadataProvider: Loaded debug metadata for module: packages/collection/src/combined_wrappers/combined_iterable.dart
[        ] Loaded debug metadata for module: packages/collection/src/combined_wrappers/combined_iterable.dart
[        ] MetadataProvider: Loaded debug metadata for module: packages/collection/src/combined_wrappers/combined_iterator.dart
[        ] Loaded debug metadata for module: packages/collection/src/combined_wrappers/combined_iterator.dart
[        ] MetadataProvider: Loaded debug metadata for module: packages/collection/src/combined_wrappers/combined_list.dart
[        ] Loaded debug metadata for module: packages/collection/src/combined_wrappers/combined_list.dart
[        ] MetadataProvider: Loaded debug metadata for module: packages/collection/src/canonicalized_map.dart
[        ] Loaded debug metadata for module: packages/collection/src/canonicalized_map.dart
[        ] MetadataProvider: Loaded debug metadata for module: packages/collection/src/boollist.dart
[        ] Loaded debug metadata for module: packages/collection/src/boollist.dart
[        ] MetadataProvider: Loaded debug metadata for module: packages/flutter/src/services/keyboard_key.g.dart
[        ] Loaded debug metadata for module: packages/flutter/src/services/keyboard_key.g.dart
[        ] MetadataProvider: Loaded debug metadata for module: packages/flutter/src/services/keyboard_maps.g.dart
[        ] Loaded debug metadata for module: packages/flutter/src/services/keyboard_maps.g.dart
[        ] MetadataProvider: Loaded debug metadata for module: packages/flutter/src/services/binary_messenger.dart
[        ] Loaded debug metadata for module: packages/flutter/src/services/binary_messenger.dart
[        ] MetadataProvider: Loaded debug metadata for module: packages/flutter/src/services/service_extensions.dart
[        ] Loaded debug metadata for module: packages/flutter/src/services/service_extensions.dart
[        ] MetadataProvider: Loaded debug metadata for module: packages/flutter/src/services/keyboard_inserted_content.dart
[        ] Loaded debug metadata for module: packages/flutter/src/services/keyboard_inserted_content.dart
[        ] MetadataProvider: Loaded debug metadata for module: packages/flutter/src/services/text_formatter.dart
[        ] Loaded debug metadata for module: packages/flutter/src/services/text_formatter.dart
[        ] MetadataProvider: Loaded debug metadata for module: packages/characters/characters.dart
[        ] Loaded debug metadata for module: packages/characters/characters.dart
[        ] MetadataProvider: Loaded debug metadata for module: packages/characters/src/extensions.dart
[        ] Loaded debug metadata for module: packages/characters/src/extensions.dart
[        ] MetadataProvider: Loaded debug metadata for module: packages/characters/src/characters_impl.dart
[        ] Loaded debug metadata for module: packages/characters/src/characters_impl.dart
[        ] MetadataProvider: Loaded debug metadata for module: packages/characters/src/grapheme_clusters/table.dart
[        ] Loaded debug metadata for module: packages/characters/src/grapheme_clusters/table.dart
[        ] MetadataProvider: Loaded debug metadata for module: packages/characters/src/grapheme_clusters/constants.dart
[        ] Loaded debug metadata for module: packages/characters/src/grapheme_clusters/constants.dart
[        ] MetadataProvider: Loaded debug metadata for module: packages/characters/src/grapheme_clusters/breaks.dart
[        ] Loaded debug metadata for module: packages/characters/src/grapheme_clusters/breaks.dart
[        ] MetadataProvider: Loaded debug metadata for module: packages/flutter/src/services/text_boundary.dart
[        ] Loaded debug metadata for module: packages/flutter/src/services/text_boundary.dart
[        ] MetadataProvider: Loaded debug metadata for module: packages/flutter/src/services/system_sound.dart
[        ] Loaded debug metadata for module: packages/flutter/src/services/system_sound.dart
[        ] MetadataProvider: Loaded debug metadata for module: packages/flutter/src/services/system_navigator.dart
[        ] Loaded debug metadata for module: packages/flutter/src/services/system_navigator.dart
[        ] MetadataProvider: Loaded debug metadata for module: packages/flutter/src/services/spell_check.dart
[        ] Loaded debug metadata for module: packages/flutter/src/services/spell_check.dart
[        ] MetadataProvider: Loaded debug metadata for module: packages/flutter/src/services/sensitive_content.dart
[        ] Loaded debug metadata for module: packages/flutter/src/services/sensitive_content.dart
[        ] MetadataProvider: Loaded debug metadata for module: packages/flutter/src/services/scribe.dart
[        ] Loaded debug metadata for module: packages/flutter/src/services/scribe.dart
[        ] MetadataProvider: Loaded debug metadata for module: packages/flutter/src/services/process_text.dart
[        ] Loaded debug metadata for module: packages/flutter/src/services/process_text.dart
[        ] MetadataProvider: Loaded debug metadata for module: packages/flutter/src/services/predictive_back_event.dart
[        ] Loaded debug metadata for module: packages/flutter/src/services/predictive_back_event.dart
[        ] MetadataProvider: Loaded debug metadata for module: packages/flutter/src/services/platform_views.dart
[        ] Loaded debug metadata for module: packages/flutter/src/services/platform_views.dart
[        ] MetadataProvider: Loaded debug metadata for module: packages/flutter/gestures.dart
[        ] Loaded debug metadata for module: packages/flutter/gestures.dart
[        ] MetadataProvider: Loaded debug metadata for module: packages/flutter/src/gestures/velocity_tracker.dart
[        ] Loaded debug metadata for module: packages/flutter/src/gestures/velocity_tracker.dart
[        ] MetadataProvider: Loaded debug metadata for module: packages/flutter/src/gestures/lsq_solver.dart
[        ] Loaded debug metadata for module: packages/flutter/src/gestures/lsq_solver.dart
[        ] MetadataProvider: Loaded debug metadata for module: packages/flutter/src/gestures/events.dart
[        ] Loaded debug metadata for module: packages/flutter/src/gestures/events.dart
[        ] MetadataProvider: Loaded debug metadata for module: packages/flutter/src/gestures/gesture_settings.dart
[        ] Loaded debug metadata for module: packages/flutter/src/gestures/gesture_settings.dart
[        ] MetadataProvider: Loaded debug metadata for module: packages/flutter/src/gestures/constants.dart
[        ] Loaded debug metadata for module: packages/flutter/src/gestures/constants.dart
[        ] MetadataProvider: Loaded debug metadata for module: packages/flutter/src/gestures/binding.dart
[        ] Loaded debug metadata for module: packages/flutter/src/gestures/binding.dart
[        ] MetadataProvider: Loaded debug metadata for module: packages/flutter/src/gestures/pointer_signal_resolver.dart
[        ] Loaded debug metadata for module: packages/flutter/src/gestures/pointer_signal_resolver.dart
[        ] MetadataProvider: Loaded debug metadata for module: packages/flutter/src/gestures/pointer_router.dart
[        ] Loaded debug metadata for module: packages/flutter/src/gestures/pointer_router.dart
[        ] MetadataProvider: Loaded debug metadata for module: packages/flutter/src/gestures/hit_test.dart
[        ] Loaded debug metadata for module: packages/flutter/src/gestures/hit_test.dart
[        ] MetadataProvider: Loaded debug metadata for module: packages/flutter/src/gestures/arena.dart
[        ] Loaded debug metadata for module: packages/flutter/src/gestures/arena.dart
[        ] MetadataProvider: Loaded debug metadata for module: packages/flutter/src/gestures/debug.dart
[        ] Loaded debug metadata for module: packages/flutter/src/gestures/debug.dart
[        ] MetadataProvider: Loaded debug metadata for module: packages/flutter/src/gestures/resampler.dart
[        ] Loaded debug metadata for module: packages/flutter/src/gestures/resampler.dart
[        ] MetadataProvider: Loaded debug metadata for module: packages/flutter/src/gestures/converter.dart
[        ] Loaded debug metadata for module: packages/flutter/src/gestures/converter.dart
[        ] MetadataProvider: Loaded debug metadata for module: packages/flutter/src/gestures/team.dart
[        ] Loaded debug metadata for module: packages/flutter/src/gestures/team.dart
[        ] MetadataProvider: Loaded debug metadata for module: packages/flutter/src/gestures/tap_and_drag.dart
[        ] Loaded debug metadata for module: packages/flutter/src/gestures/tap_and_drag.dart
[        ] MetadataProvider: Loaded debug metadata for module: packages/flutter/src/gestures/tap.dart
[        ] Loaded debug metadata for module: packages/flutter/src/gestures/tap.dart
[        ] MetadataProvider: Loaded debug metadata for module: packages/flutter/src/gestures/recognizer.dart
[        ] Loaded debug metadata for module: packages/flutter/src/gestures/recognizer.dart
[        ] MetadataProvider: Loaded debug metadata for module: packages/flutter/src/gestures/gesture_details.dart
[        ] Loaded debug metadata for module: packages/flutter/src/gestures/gesture_details.dart
[        ] MetadataProvider: Loaded debug metadata for module: packages/flutter/src/gestures/scale.dart
[        ] Loaded debug metadata for module: packages/flutter/src/gestures/scale.dart
[        ] MetadataProvider: Loaded debug metadata for module: packages/flutter/src/gestures/monodrag.dart
[        ] Loaded debug metadata for module: packages/flutter/src/gestures/monodrag.dart
[        ] MetadataProvider: Loaded debug metadata for module: packages/flutter/src/gestures/drag_details.dart
[        ] Loaded debug metadata for module: packages/flutter/src/gestures/drag_details.dart
[        ] MetadataProvider: Loaded debug metadata for module: packages/flutter/src/gestures/drag.dart
[        ] Loaded debug metadata for module: packages/flutter/src/gestures/drag.dart
[        ] MetadataProvider: Loaded debug metadata for module: packages/flutter/src/gestures/multitap.dart
[        ] Loaded debug metadata for module: packages/flutter/src/gestures/multitap.dart
[        ] MetadataProvider: Loaded debug metadata for module: packages/flutter/src/gestures/multidrag.dart
[        ] Loaded debug metadata for module: packages/flutter/src/gestures/multidrag.dart
[        ] MetadataProvider: Loaded debug metadata for module: packages/flutter/src/gestures/long_press.dart
[        ] Loaded debug metadata for module: packages/flutter/src/gestures/long_press.dart
[        ] MetadataProvider: Loaded debug metadata for module: packages/flutter/src/gestures/force_press.dart
[        ] Loaded debug metadata for module: packages/flutter/src/gestures/force_press.dart
[        ] MetadataProvider: Loaded debug metadata for module: packages/flutter/src/gestures/eager.dart
[        ] Loaded debug metadata for module: packages/flutter/src/gestures/eager.dart
[        ] MetadataProvider: Loaded debug metadata for module: packages/flutter/src/services/mouse_tracking.dart
[        ] Loaded debug metadata for module: packages/flutter/src/services/mouse_tracking.dart
[        ] MetadataProvider: Loaded debug metadata for module: packages/flutter/src/services/mouse_cursor.dart
[        ] Loaded debug metadata for module: packages/flutter/src/services/mouse_cursor.dart
[        ] MetadataProvider: Loaded debug metadata for module: packages/flutter/src/services/live_text.dart
[        ] Loaded debug metadata for module: packages/flutter/src/services/live_text.dart
[        ] MetadataProvider: Loaded debug metadata for module: packages/flutter/src/services/haptic_feedback.dart
[        ] Loaded debug metadata for module: packages/flutter/src/services/haptic_feedback.dart
[        ] MetadataProvider: Loaded debug metadata for module: packages/flutter/src/services/font_loader.dart
[        ] Loaded debug metadata for module: packages/flutter/src/services/font_loader.dart
[        ] MetadataProvider: Loaded debug metadata for module: packages/flutter/src/services/flutter_version.dart
[        ] Loaded debug metadata for module: packages/flutter/src/services/flutter_version.dart
[        ] MetadataProvider: Loaded debug metadata for module: packages/flutter/src/services/flavor.dart
[        ] Loaded debug metadata for module: packages/flutter/src/services/flavor.dart
[        ] MetadataProvider: Loaded debug metadata for module: packages/flutter/src/services/deferred_component.dart
[        ] Loaded debug metadata for module: packages/flutter/src/services/deferred_component.dart
[        ] MetadataProvider: Loaded debug metadata for module: packages/flutter/src/services/browser_context_menu.dart
[        ] Loaded debug metadata for module: packages/flutter/src/services/browser_context_menu.dart
[        ] MetadataProvider: Loaded debug metadata for module: packages/flutter/src/services/asset_manifest.dart
[        ] Loaded debug metadata for module: packages/flutter/src/services/asset_manifest.dart
[        ] MetadataProvider: Loaded debug metadata for module: packages/flutter/src/services/app_version.dart
[        ] Loaded debug metadata for module: packages/flutter/src/services/app_version.dart
[        ] MetadataProvider: Loaded debug metadata for module: packages/flutter_web_plugins/src/plugin_event_channel.dart
[        ] Loaded debug metadata for module: packages/flutter_web_plugins/src/plugin_event_channel.dart
[        ] MetadataProvider: Loaded debug metadata for module: packages/flutter_web_plugins/src/navigation/utils.dart
[        ] Loaded debug metadata for module: packages/flutter_web_plugins/src/navigation/utils.dart
[        ] MetadataProvider: Loaded debug metadata for module: packages/flutter_web_plugins/src/navigation/url_strategy.dart
[        ] Loaded debug metadata for module: packages/flutter_web_plugins/src/navigation/url_strategy.dart
[        ] MetadataProvider: Loaded debug metadata for module: packages/image_picker_for_web/image_picker_for_web.dart
[        ] Loaded debug metadata for module: packages/image_picker_for_web/image_picker_for_web.dart
[        ] MetadataProvider: Loaded debug metadata for module: packages/image_picker_for_web/src/pkg_web_tweaks.dart
[        ] Loaded debug metadata for module: packages/image_picker_for_web/src/pkg_web_tweaks.dart
[        ] MetadataProvider: Loaded debug metadata for module: packages/web/src/helpers/renames.dart
[        ] Loaded debug metadata for module: packages/web/src/helpers/renames.dart
[        ] MetadataProvider: Loaded debug metadata for module: packages/web/src/helpers/lists.dart
[        ] Loaded debug metadata for module: packages/web/src/helpers/lists.dart
[        ] MetadataProvider: Loaded debug metadata for module: packages/web/src/dom.dart
[        ] Loaded debug metadata for module: packages/web/src/dom.dart
[        ] MetadataProvider: Loaded debug metadata for module: packages/web/src/dom/web_animations_2.dart
[        ] Loaded debug metadata for module: packages/web/src/dom/web_animations_2.dart
[        ] MetadataProvider: Loaded debug metadata for module: packages/web/src/dom/server_timing.dart
[        ] Loaded debug metadata for module: packages/web/src/dom/server_timing.dart
[        ] MetadataProvider: Loaded debug metadata for module: packages/web/src/dom/css_typed_om.dart
[        ] Loaded debug metadata for module: packages/web/src/dom/css_typed_om.dart
[        ] MetadataProvider: Loaded debug metadata for module: packages/web/src/dom/geometry.dart
[        ] Loaded debug metadata for module: packages/web/src/dom/geometry.dart
[        ] MetadataProvider: Loaded debug metadata for module: packages/web/src/dom/pointerlock.dart
[        ] Loaded debug metadata for module: packages/web/src/dom/pointerlock.dart
[        ] MetadataProvider: Loaded debug metadata for module: packages/web/src/dom/fullscreen.dart
[        ] Loaded debug metadata for module: packages/web/src/dom/fullscreen.dart
[        ] MetadataProvider: Loaded debug metadata for module: packages/web/src/dom/css_view_transitions.dart
[        ] Loaded debug metadata for module: packages/web/src/dom/css_view_transitions.dart
[        ] MetadataProvider: Loaded debug metadata for module: packages/web/src/dom/webidl.dart
[        ] Loaded debug metadata for module: packages/web/src/dom/webidl.dart
[        ] MetadataProvider: Loaded debug metadata for module: packages/web/src/dom/webcryptoapi.dart
[        ] Loaded debug metadata for module: packages/web/src/dom/webcryptoapi.dart
[        ] MetadataProvider: Loaded debug metadata for module: packages/web/src/dom/video_rvfc.dart
[        ] Loaded debug metadata for module: packages/web/src/dom/video_rvfc.dart
[        ] MetadataProvider: Loaded debug metadata for module: packages/web/src/dom/vibration.dart
[        ] Loaded debug metadata for module: packages/web/src/dom/vibration.dart
[        ] MetadataProvider: Loaded debug metadata for module: packages/web/src/dom/trusted_types.dart
[        ] Loaded debug metadata for module: packages/web/src/dom/trusted_types.dart
[        ] MetadataProvider: Loaded debug metadata for module: packages/web/src/dom/trust_token_api.dart
[        ] Loaded debug metadata for module: packages/web/src/dom/trust_token_api.dart
[        ] MetadataProvider: Loaded debug metadata for module: packages/web/src/dom/referrer_policy.dart
[        ] Loaded debug metadata for module: packages/web/src/dom/referrer_policy.dart
[        ] MetadataProvider: Loaded debug metadata for module: packages/web/src/dom/private_network_access.dart
[        ] Loaded debug metadata for module: packages/web/src/dom/private_network_access.dart
[        ] MetadataProvider: Loaded debug metadata for module: packages/web/src/dom/attribution_reporting_api.dart
[        ] Loaded debug metadata for module: packages/web/src/dom/attribution_reporting_api.dart
[        ] MetadataProvider: Loaded debug metadata for module: packages/web/src/dom/requestidlecallback.dart
[        ] Loaded debug metadata for module: packages/web/src/dom/requestidlecallback.dart
[        ] MetadataProvider: Loaded debug metadata for module: packages/web/src/dom/mediasession.dart
[        ] Loaded debug metadata for module: packages/web/src/dom/mediasession.dart
[        ] MetadataProvider: Loaded debug metadata for module: packages/web/src/dom/screen_capture.dart
[        ] Loaded debug metadata for module: packages/web/src/dom/screen_capture.dart
[        ] MetadataProvider: Loaded debug metadata for module: packages/web/src/dom/image_capture.dart
[        ] Loaded debug metadata for module: packages/web/src/dom/image_capture.dart
[        ] MetadataProvider: Loaded debug metadata for module: packages/web/src/dom/media_playback_quality.dart
[        ] Loaded debug metadata for module: packages/web/src/dom/media_playback_quality.dart
[        ] MetadataProvider: Loaded debug metadata for module: packages/web/src/dom/entries_api.dart
[        ] Loaded debug metadata for module: packages/web/src/dom/entries_api.dart
[        ] MetadataProvider: Loaded debug metadata for module: packages/web/src/dom/fido.dart
[        ] Loaded debug metadata for module: packages/web/src/dom/fido.dart
[        ] MetadataProvider: Loaded debug metadata for module: packages/web/src/dom/web_otp.dart
[        ] Loaded debug metadata for module: packages/web/src/dom/web_otp.dart
[        ] MetadataProvider: Loaded debug metadata for module: packages/web/src/dom/fedcm.dart
[        ] Loaded debug metadata for module: packages/web/src/dom/fedcm.dart
[        ] MetadataProvider: Loaded debug metadata for module: packages/web/src/dom/digital_identities.dart
[        ] Loaded debug metadata for module: packages/web/src/dom/digital_identities.dart
[        ] MetadataProvider: Loaded debug metadata for module: packages/web/src/dom/webxr_hand_input.dart
[        ] Loaded debug metadata for module: packages/web/src/dom/webxr_hand_input.dart
[        ] MetadataProvider: Loaded debug metadata for module: packages/web/src/dom/webvtt.dart
[        ] Loaded debug metadata for module: packages/web/src/dom/webvtt.dart
[        ] MetadataProvider: Loaded debug metadata for module: packages/web/src/dom/webtransport.dart
[        ] Loaded debug metadata for module: packages/web/src/dom/webtransport.dart
[        ] MetadataProvider: Loaded debug metadata for module: packages/web/src/dom/websockets.dart
[        ] Loaded debug metadata for module: packages/web/src/dom/websockets.dart
[        ] MetadataProvider: Loaded debug metadata for module: packages/web/src/dom/webrtc_priority.dart
[        ] Loaded debug metadata for module: packages/web/src/dom/webrtc_priority.dart
[        ] MetadataProvider: Loaded debug metadata for module: packages/web/src/dom/webrtc_identity.dart
[        ] Loaded debug metadata for module: packages/web/src/dom/webrtc_identity.dart
[        ] MetadataProvider: Loaded debug metadata for module: packages/web/src/dom/webrtc_encoded_transform.dart
[        ] Loaded debug metadata for module: packages/web/src/dom/webrtc_encoded_transform.dart
[        ] MetadataProvider: Loaded debug metadata for module: packages/web/src/dom/webrtc.dart
[        ] Loaded debug metadata for module: packages/web/src/dom/webrtc.dart
[        ] MetadataProvider: Loaded debug metadata for module: packages/web/src/dom/mst_content_hint.dart
[        ] Loaded debug metadata for module: packages/web/src/dom/mst_content_hint.dart
[        ] MetadataProvider: Loaded debug metadata for module: packages/web/src/dom/webgpu.dart
[        ] Loaded debug metadata for module: packages/web/src/dom/webgpu.dart
[        ] MetadataProvider: Loaded debug metadata for module: packages/web/src/dom/webgl_multi_draw.dart
[        ] Loaded debug metadata for module: packages/web/src/dom/webgl_multi_draw.dart
[        ] MetadataProvider: Loaded debug metadata for module: packages/web/src/dom/webgl1.dart
[        ] Loaded debug metadata for module: packages/web/src/dom/webgl1.dart
[        ] MetadataProvider: Loaded debug metadata for module: packages/web/src/dom/webgl_lose_context.dart
[        ] Loaded debug metadata for module: packages/web/src/dom/webgl_lose_context.dart
[        ] MetadataProvider: Loaded debug metadata for module: packages/web/src/dom/webgl_draw_buffers.dart
[        ] Loaded debug metadata for module: packages/web/src/dom/webgl_draw_buffers.dart
[        ] MetadataProvider: Loaded debug metadata for module: packages/web/src/dom/webgl_depth_texture.dart
[        ] Loaded debug metadata for module: packages/web/src/dom/webgl_depth_texture.dart
[        ] MetadataProvider: Loaded debug metadata for module: packages/web/src/dom/webgl_debug_shaders.dart
[        ] Loaded debug metadata for module: packages/web/src/dom/webgl_debug_shaders.dart
[        ] MetadataProvider: Loaded debug metadata for module: packages/web/src/dom/webgl_debug_renderer_info.dart
[        ] Loaded debug metadata for module: packages/web/src/dom/webgl_debug_renderer_info.dart
[        ] MetadataProvider: Loaded debug metadata for module: packages/web/src/dom/webgl_compressed_texture_s3tc_srgb.dart
[        ] Loaded debug metadata for module: packages/web/src/dom/webgl_compressed_texture_s3tc_srgb.dart
[        ] MetadataProvider: Loaded debug metadata for module: packages/web/src/dom/webgl_compressed_texture_s3tc.dart
[        ] Loaded debug metadata for module: packages/web/src/dom/webgl_compressed_texture_s3tc.dart
[        ] MetadataProvider: Loaded debug metadata for module: packages/web/src/dom/webgl_compressed_texture_pvrtc.dart
[        ] Loaded debug metadata for module: packages/web/src/dom/webgl_compressed_texture_pvrtc.dart
[        ] MetadataProvider: Loaded debug metadata for module: packages/web/src/dom/webgl_compressed_texture_etc1.dart
[        ] Loaded debug metadata for module: packages/web/src/dom/webgl_compressed_texture_etc1.dart
[        ] MetadataProvider: Loaded debug metadata for module: packages/web/src/dom/webgl_compressed_texture_etc.dart
[        ] Loaded debug metadata for module: packages/web/src/dom/webgl_compressed_texture_etc.dart
[        ] MetadataProvider: Loaded debug metadata for module: packages/web/src/dom/webgl_compressed_texture_astc.dart
[        ] Loaded debug metadata for module: packages/web/src/dom/webgl_compressed_texture_astc.dart
[        ] MetadataProvider: Loaded debug metadata for module: packages/web/src/dom/webgl_color_buffer_float.dart
[        ] Loaded debug metadata for module: packages/web/src/dom/webgl_color_buffer_float.dart
[        ] MetadataProvider: Loaded debug metadata for module: packages/web/src/dom/webgl2.dart
[        ] Loaded debug metadata for module: packages/web/src/dom/webgl2.dart
[        ] MetadataProvider: Loaded debug metadata for module: packages/web/src/dom/webcodecs_vp9_codec_registration.dart
[        ] Loaded debug metadata for module: packages/web/src/dom/webcodecs_vp9_codec_registration.dart
[        ] MetadataProvider: Loaded debug metadata for module: packages/web/src/dom/webcodecs_hevc_codec_registration.dart
[        ] Loaded debug metadata for module: packages/web/src/dom/webcodecs_hevc_codec_registration.dart
[        ] MetadataProvider: Loaded debug metadata for module: packages/web/src/dom/webcodecs_avc_codec_registration.dart
[        ] Loaded debug metadata for module: packages/web/src/dom/webcodecs_avc_codec_registration.dart
[        ] MetadataProvider: Loaded debug metadata for module: packages/web/src/dom/webcodecs_av1_codec_registration.dart
[        ] Loaded debug metadata for module: packages/web/src/dom/webcodecs_av1_codec_registration.dart
[        ] MetadataProvider: Loaded debug metadata for module: packages/web/src/dom/webcodecs.dart
[        ] Loaded debug metadata for module: packages/web/src/dom/webcodecs.dart
[        ] MetadataProvider: Loaded debug metadata for module: packages/web/src/dom/webaudio.dart
[        ] Loaded debug metadata for module: packages/web/src/dom/webaudio.dart
[        ] MetadataProvider: Loaded debug metadata for module: packages/web/src/dom/web_bluetooth.dart
[        ] Loaded debug metadata for module: packages/web/src/dom/web_bluetooth.dart
[        ] MetadataProvider: Loaded debug metadata for module: packages/web/src/dom/wasm_js_api.dart
[        ] Loaded debug metadata for module: packages/web/src/dom/wasm_js_api.dart
[        ] MetadataProvider: Loaded debug metadata for module: packages/web/src/dom/url.dart
[        ] Loaded debug metadata for module: packages/web/src/dom/url.dart
[        ] MetadataProvider: Loaded debug metadata for module: packages/web/src/dom/touch_events.dart
[        ] Loaded debug metadata for module: packages/web/src/dom/touch_events.dart
[        ] MetadataProvider: Loaded debug metadata for module: packages/web/src/dom/svg_animations.dart
[        ] Loaded debug metadata for module: packages/web/src/dom/svg_animations.dart
[        ] MetadataProvider: Loaded debug metadata for module: packages/web/src/dom/sanitizer_api.dart
[        ] Loaded debug metadata for module: packages/web/src/dom/sanitizer_api.dart
[        ] MetadataProvider: Loaded debug metadata for module: packages/web/src/dom/saa_non_cookie_storage.dart
[        ] Loaded debug metadata for module: packages/web/src/dom/saa_non_cookie_storage.dart
[        ] MetadataProvider: Loaded debug metadata for module: packages/web/src/dom/resize_observer.dart
[        ] Loaded debug metadata for module: packages/web/src/dom/resize_observer.dart
[        ] MetadataProvider: Loaded debug metadata for module: packages/web/src/dom/reporting.dart
[        ] Loaded debug metadata for module: packages/web/src/dom/reporting.dart
[        ] MetadataProvider: Loaded debug metadata for module: packages/web/src/dom/pointerevents.dart
[        ] Loaded debug metadata for module: packages/web/src/dom/pointerevents.dart
[        ] MetadataProvider: Loaded debug metadata for module: packages/web/src/dom/paint_timing.dart
[        ] Loaded debug metadata for module: packages/web/src/dom/paint_timing.dart
[        ] MetadataProvider: Loaded debug metadata for module: packages/web/src/dom/ovr_multiview2.dart
[        ] Loaded debug metadata for module: packages/web/src/dom/ovr_multiview2.dart
[        ] MetadataProvider: Loaded debug metadata for module: packages/web/src/dom/orientation_sensor.dart
[        ] Loaded debug metadata for module: packages/web/src/dom/orientation_sensor.dart
[        ] MetadataProvider: Loaded debug metadata for module: packages/web/src/dom/generic_sensor.dart
[        ] Loaded debug metadata for module: packages/web/src/dom/generic_sensor.dart
[        ] MetadataProvider: Loaded debug metadata for module: packages/web/src/dom/orientation_event.dart
[        ] Loaded debug metadata for module: packages/web/src/dom/orientation_event.dart
[        ] MetadataProvider: Loaded debug metadata for module: packages/web/src/dom/oes_vertex_array_object.dart
[        ] Loaded debug metadata for module: packages/web/src/dom/oes_vertex_array_object.dart
[        ] MetadataProvider: Loaded debug metadata for module: packages/web/src/dom/oes_texture_half_float_linear.dart
[        ] Loaded debug metadata for module: packages/web/src/dom/oes_texture_half_float_linear.dart
[        ] MetadataProvider: Loaded debug metadata for module: packages/web/src/dom/oes_texture_half_float.dart
[        ] Loaded debug metadata for module: packages/web/src/dom/oes_texture_half_float.dart
[        ] MetadataProvider: Loaded debug metadata for module: packages/web/src/dom/oes_texture_float_linear.dart
[        ] Loaded debug metadata for module: packages/web/src/dom/oes_texture_float_linear.dart
[        ] MetadataProvider: Loaded debug metadata for module: packages/web/src/dom/oes_texture_float.dart
[        ] Loaded debug metadata for module: packages/web/src/dom/oes_texture_float.dart
[        ] MetadataProvider: Loaded debug metadata for module: packages/web/src/dom/oes_standard_derivatives.dart
[        ] Loaded debug metadata for module: packages/web/src/dom/oes_standard_derivatives.dart
[        ] MetadataProvider: Loaded debug metadata for module: packages/web/src/dom/oes_fbo_render_mipmap.dart
[        ] Loaded debug metadata for module: packages/web/src/dom/oes_fbo_render_mipmap.dart
[        ] MetadataProvider: Loaded debug metadata for module: packages/web/src/dom/oes_element_index_uint.dart
[        ] Loaded debug metadata for module: packages/web/src/dom/oes_element_index_uint.dart
[        ] MetadataProvider: Loaded debug metadata for module: packages/web/src/dom/oes_draw_buffers_indexed.dart
[        ] Loaded debug metadata for module: packages/web/src/dom/oes_draw_buffers_indexed.dart
[        ] MetadataProvider: Loaded debug metadata for module: packages/web/src/dom/mediastream_recording.dart
[        ] Loaded debug metadata for module: packages/web/src/dom/mediastream_recording.dart
[        ] MetadataProvider: Loaded debug metadata for module: packages/web/src/dom/mediacapture_transform.dart
[        ] Loaded debug metadata for module: packages/web/src/dom/mediacapture_transform.dart
[        ] MetadataProvider: Loaded debug metadata for module: packages/web/src/dom/mediacapture_fromelement.dart
[        ] Loaded debug metadata for module: packages/web/src/dom/mediacapture_fromelement.dart
[        ] MetadataProvider: Loaded debug metadata for module: packages/web/src/dom/mathml_core.dart
[        ] Loaded debug metadata for module: packages/web/src/dom/mathml_core.dart
[        ] MetadataProvider: Loaded debug metadata for module: packages/web/src/dom/largest_contentful_paint.dart
[        ] Loaded debug metadata for module: packages/web/src/dom/largest_contentful_paint.dart
[        ] MetadataProvider: Loaded debug metadata for module: packages/web/src/dom/khr_parallel_shader_compile.dart
[        ] Loaded debug metadata for module: packages/web/src/dom/khr_parallel_shader_compile.dart
[        ] MetadataProvider: Loaded debug metadata for module: packages/web/src/dom/intersection_observer.dart
[        ] Loaded debug metadata for module: packages/web/src/dom/intersection_observer.dart
[        ] MetadataProvider: Loaded debug metadata for module: packages/web/src/dom/gyroscope.dart
[        ] Loaded debug metadata for module: packages/web/src/dom/gyroscope.dart
[        ] MetadataProvider: Loaded debug metadata for module: packages/web/src/dom/filter_effects.dart
[        ] Loaded debug metadata for module: packages/web/src/dom/filter_effects.dart
[        ] MetadataProvider: Loaded debug metadata for module: packages/web/src/dom/ext_texture_norm16.dart
[        ] Loaded debug metadata for module: packages/web/src/dom/ext_texture_norm16.dart
[        ] MetadataProvider: Loaded debug metadata for module: packages/web/src/dom/ext_texture_filter_anisotropic.dart
[        ] Loaded debug metadata for module: packages/web/src/dom/ext_texture_filter_anisotropic.dart
[        ] MetadataProvider: Loaded debug metadata for module: packages/web/src/dom/ext_texture_compression_rgtc.dart
[        ] Loaded debug metadata for module: packages/web/src/dom/ext_texture_compression_rgtc.dart
[        ] MetadataProvider: Loaded debug metadata for module: packages/web/src/dom/ext_texture_compression_bptc.dart
[        ] Loaded debug metadata for module: packages/web/src/dom/ext_texture_compression_bptc.dart
[        ] MetadataProvider: Loaded debug metadata for module: packages/web/src/dom/ext_srgb.dart
[        ] Loaded debug metadata for module: packages/web/src/dom/ext_srgb.dart
[        ] MetadataProvider: Loaded debug metadata for module: packages/web/src/dom/ext_shader_texture_lod.dart
[        ] Loaded debug metadata for module: packages/web/src/dom/ext_shader_texture_lod.dart
[        ] MetadataProvider: Loaded debug metadata for module: packages/web/src/dom/ext_frag_depth.dart
[        ] Loaded debug metadata for module: packages/web/src/dom/ext_frag_depth.dart
[        ] MetadataProvider: Loaded debug metadata for module: packages/web/src/dom/ext_float_blend.dart
[        ] Loaded debug metadata for module: packages/web/src/dom/ext_float_blend.dart
[        ] MetadataProvider: Loaded debug metadata for module: packages/web/src/dom/ext_disjoint_timer_query_webgl2.dart
[        ] Loaded debug metadata for module: packages/web/src/dom/ext_disjoint_timer_query_webgl2.dart
[        ] MetadataProvider: Loaded debug metadata for module: packages/web/src/dom/ext_disjoint_timer_query.dart
[        ] Loaded debug metadata for module: packages/web/src/dom/ext_disjoint_timer_query.dart
[        ] MetadataProvider: Loaded debug metadata for module: packages/web/src/dom/ext_color_buffer_half_float.dart
[        ] Loaded debug metadata for module: packages/web/src/dom/ext_color_buffer_half_float.dart
[        ] MetadataProvider: Loaded debug metadata for module: packages/web/src/dom/ext_color_buffer_float.dart
[        ] Loaded debug metadata for module: packages/web/src/dom/ext_color_buffer_float.dart
[        ] MetadataProvider: Loaded debug metadata for module: packages/web/src/dom/ext_blend_minmax.dart
[        ] Loaded debug metadata for module: packages/web/src/dom/ext_blend_minmax.dart
[        ] MetadataProvider: Loaded debug metadata for module: packages/web/src/dom/encoding.dart
[        ] Loaded debug metadata for module: packages/web/src/dom/encoding.dart
[        ] MetadataProvider: Loaded debug metadata for module: packages/web/src/dom/dom_parsing.dart
[        ] Loaded debug metadata for module: packages/web/src/dom/dom_parsing.dart
[        ] MetadataProvider: Loaded debug metadata for module: packages/web/src/dom/css_view_transitions_2.dart
[        ] Loaded debug metadata for module: packages/web/src/dom/css_view_transitions_2.dart
[        ] MetadataProvider: Loaded debug metadata for module: packages/web/src/dom/css_transitions_2.dart
[        ] Loaded debug metadata for module: packages/web/src/dom/css_transitions_2.dart
[        ] MetadataProvider: Loaded debug metadata for module: packages/web/src/dom/css_transitions.dart
[        ] Loaded debug metadata for module: packages/web/src/dom/css_transitions.dart
[        ] MetadataProvider: Loaded debug metadata for module: packages/web/src/dom/css_paint_api.dart
[        ] Loaded debug metadata for module: packages/web/src/dom/css_paint_api.dart
[        ] MetadataProvider: Loaded debug metadata for module: packages/web/src/dom/css_masking.dart
[        ] Loaded debug metadata for module: packages/web/src/dom/css_masking.dart
[        ] MetadataProvider: Loaded debug metadata for module: packages/web/src/dom/css_fonts.dart
[        ] Loaded debug metadata for module: packages/web/src/dom/css_fonts.dart
[        ] MetadataProvider: Loaded debug metadata for module: packages/web/src/dom/css_counter_styles.dart
[        ] Loaded debug metadata for module: packages/web/src/dom/css_counter_styles.dart
[        ] MetadataProvider: Loaded debug metadata for module: packages/web/src/dom/css_contain.dart
[        ] Loaded debug metadata for module: packages/web/src/dom/css_contain.dart
[        ] MetadataProvider: Loaded debug metadata for module: packages/web/src/dom/css_conditional_5.dart
[        ] Loaded debug metadata for module: packages/web/src/dom/css_conditional_5.dart
[        ] MetadataProvider: Loaded debug metadata for module: packages/web/src/dom/css_conditional.dart
[        ] Loaded debug metadata for module: packages/web/src/dom/css_conditional.dart
[        ] MetadataProvider: Loaded debug metadata for module: packages/web/src/dom/css_cascade_6.dart
[        ] Loaded debug metadata for module: packages/web/src/dom/css_cascade_6.dart
[        ] MetadataProvider: Loaded debug metadata for module: packages/web/src/dom/css_cascade.dart
[        ] Loaded debug metadata for module: packages/web/src/dom/css_cascade.dart
[        ] MetadataProvider: Loaded debug metadata for module: packages/web/src/dom/css_animations_2.dart
[        ] Loaded debug metadata for module: packages/web/src/dom/css_animations_2.dart
[        ] MetadataProvider: Loaded debug metadata for module: packages/web/src/dom/css_animations.dart
[        ] Loaded debug metadata for module: packages/web/src/dom/css_animations.dart
[        ] MetadataProvider: Loaded debug metadata for module: packages/web/src/dom/csp.dart
[        ] Loaded debug metadata for module: packages/web/src/dom/csp.dart
[        ] MetadataProvider: Loaded debug metadata for module: packages/web/src/dom/cookie_store.dart
[        ] Loaded debug metadata for module: packages/web/src/dom/cookie_store.dart
[        ] MetadataProvider: Loaded debug metadata for module: packages/web/src/dom/console.dart
[        ] Loaded debug metadata for module: packages/web/src/dom/console.dart
[        ] MetadataProvider: Loaded debug metadata for module: packages/web/src/dom/compression.dart
[        ] Loaded debug metadata for module: packages/web/src/dom/compression.dart
[        ] MetadataProvider: Loaded debug metadata for module: packages/web/src/dom/angle_instanced_arrays.dart
[        ] Loaded debug metadata for module: packages/web/src/dom/angle_instanced_arrays.dart
[        ] MetadataProvider: Loaded debug metadata for module: packages/web/src/dom/accelerometer.dart
[        ] Loaded debug metadata for module: packages/web/src/dom/accelerometer.dart
[        ] MetadataProvider: Loaded debug metadata for module: packages/web/src/helpers/enums.dart
[        ] Loaded debug metadata for module: packages/web/src/helpers/enums.dart
[        ] MetadataProvider: Loaded debug metadata for module: packages/web/src/helpers/extensions.dart
[        ] Loaded debug metadata for module: packages/web/src/helpers/extensions.dart
[        ] MetadataProvider: Loaded debug metadata for module: packages/web/src/helpers/cross_origin.dart
[        ] Loaded debug metadata for module: packages/web/src/helpers/cross_origin.dart
[        ] MetadataProvider: Loaded debug metadata for module: packages/image_picker_for_web/src/image_resizer.dart
[        ] Loaded debug metadata for module: packages/image_picker_for_web/src/image_resizer.dart
[        ] MetadataProvider: Loaded debug metadata for module: packages/image_picker_for_web/src/image_resizer_utils.dart
[        ] Loaded debug metadata for module: packages/image_picker_for_web/src/image_resizer_utils.dart
[        ] MetadataProvider: Loaded debug metadata for module: packages/flutter/material.dart
[        ] Loaded debug metadata for module: packages/flutter/material.dart
[   +1 ms] MetadataProvider: Loaded debug metadata for module: packages/flutter/src/cupertino/text_form_field_row.dart
[        ] Loaded debug metadata for module: packages/flutter/src/cupertino/text_form_field_row.dart
[        ] MetadataProvider: Loaded debug metadata for module: packages/flutter/painting.dart
[        ] Loaded debug metadata for module: packages/flutter/painting.dart
[        ] MetadataProvider: Loaded debug metadata for module: packages/flutter/src/painting/placeholder_span.dart
[        ] Loaded debug metadata for module: packages/flutter/src/painting/placeholder_span.dart
[        ] MetadataProvider: Loaded debug metadata for module: packages/flutter/src/painting/text_scaler.dart
[        ] Loaded debug metadata for module: packages/flutter/src/painting/text_scaler.dart
[        ] MetadataProvider: Loaded debug metadata for module: packages/flutter/src/painting/basic_types.dart
[        ] Loaded debug metadata for module: packages/flutter/src/painting/basic_types.dart
[        ] MetadataProvider: Loaded debug metadata for module: packages/flutter/src/painting/colors.dart
[        ] Loaded debug metadata for module: packages/flutter/src/painting/colors.dart
[        ] MetadataProvider: Loaded debug metadata for module: packages/flutter/src/painting/star_border.dart
[        ] Loaded debug metadata for module: packages/flutter/src/painting/star_border.dart
[        ] MetadataProvider: Loaded debug metadata for module: packages/flutter/src/painting/stadium_border.dart
[        ] Loaded debug metadata for module: packages/flutter/src/painting/stadium_border.dart
[        ] MetadataProvider: Loaded debug metadata for module: packages/flutter/src/painting/rounded_rectangle_border.dart
[        ] Loaded debug metadata for module: packages/flutter/src/painting/rounded_rectangle_border.dart
[        ] MetadataProvider: Loaded debug metadata for module: packages/flutter/src/painting/circle_border.dart
[        ] Loaded debug metadata for module: packages/flutter/src/painting/circle_border.dart
[        ] MetadataProvider: Loaded debug metadata for module: packages/flutter/src/painting/borders.dart
[        ] Loaded debug metadata for module: packages/flutter/src/painting/borders.dart
[        ] MetadataProvider: Loaded debug metadata for module: packages/flutter/src/painting/edge_insets.dart
[        ] Loaded debug metadata for module: packages/flutter/src/painting/edge_insets.dart
[        ] MetadataProvider: Loaded debug metadata for module: packages/flutter/src/painting/debug.dart
[        ] Loaded debug metadata for module: packages/flutter/src/painting/debug.dart
[        ] MetadataProvider: Loaded debug metadata for module: packages/flutter/src/painting/border_radius.dart
[        ] Loaded debug metadata for module: packages/flutter/src/painting/border_radius.dart
[        ] MetadataProvider: Loaded debug metadata for module: packages/flutter/src/painting/shape_decoration.dart
[        ] Loaded debug metadata for module: packages/flutter/src/painting/shape_decoration.dart
[        ] MetadataProvider: Loaded debug metadata for module: packages/flutter/src/painting/_network_image_web.dart
[        ] Loaded debug metadata for module: packages/flutter/src/painting/_network_image_web.dart
[        ] MetadataProvider: Loaded debug metadata for module: packages/flutter/src/painting/image_stream.dart
[        ] Loaded debug metadata for module: packages/flutter/src/painting/image_stream.dart
[        ] MetadataProvider: Loaded debug metadata for module: packages/flutter/src/painting/image_cache.dart
[        ] Loaded debug metadata for module: packages/flutter/src/painting/image_cache.dart
[        ] MetadataProvider: Loaded debug metadata for module: packages/flutter/src/painting/binding.dart
[        ] Loaded debug metadata for module: packages/flutter/src/painting/binding.dart
[        ] MetadataProvider: Loaded debug metadata for module: packages/flutter/src/painting/shader_warm_up.dart
[        ] Loaded debug metadata for module: packages/flutter/src/painting/shader_warm_up.dart
[        ] MetadataProvider: Loaded debug metadata for module: packages/flutter/src/painting/_web_image_info_web.dart
[        ] Loaded debug metadata for module: packages/flutter/src/painting/_web_image_info_web.dart
[        ] MetadataProvider: Loaded debug metadata for module: packages/flutter/src/painting/gradient.dart
[        ] Loaded debug metadata for module: packages/flutter/src/painting/gradient.dart
[        ] MetadataProvider: Loaded debug metadata for module: packages/flutter/src/painting/alignment.dart
[        ] Loaded debug metadata for module: packages/flutter/src/painting/alignment.dart
[        ] MetadataProvider: Loaded debug metadata for module: packages/flutter/src/painting/decoration_image.dart
[        ] Loaded debug metadata for module: packages/flutter/src/painting/decoration_image.dart
[        ] MetadataProvider: Loaded debug metadata for module: packages/flutter/src/painting/box_fit.dart
[        ] Loaded debug metadata for module: packages/flutter/src/painting/box_fit.dart
[        ] MetadataProvider: Loaded debug metadata for module: packages/flutter/src/painting/decoration.dart
[        ] Loaded debug metadata for module: packages/flutter/src/painting/decoration.dart
[        ] MetadataProvider: Loaded debug metadata for module: packages/flutter/src/painting/box_shadow.dart
[        ] Loaded debug metadata for module: packages/flutter/src/painting/box_shadow.dart
[        ] MetadataProvider: Loaded debug metadata for module: packages/flutter/src/painting/box_decoration.dart
[        ] Loaded debug metadata for module: packages/flutter/src/painting/box_decoration.dart
[        ] MetadataProvider: Loaded debug metadata for module: packages/flutter/src/painting/box_border.dart
[        ] Loaded debug metadata for module: packages/flutter/src/painting/box_border.dart
[        ] MetadataProvider: Loaded debug metadata for module: packages/flutter/src/painting/paint_utilities.dart
[        ] Loaded debug metadata for module: packages/flutter/src/painting/paint_utilities.dart
[        ] MetadataProvider: Loaded debug metadata for module: packages/flutter/src/painting/oval_border.dart
[        ] Loaded debug metadata for module: packages/flutter/src/painting/oval_border.dart
[        ] MetadataProvider: Loaded debug metadata for module: packages/flutter/src/painting/notched_shapes.dart
[        ] Loaded debug metadata for module: packages/flutter/src/painting/notched_shapes.dart
[        ] MetadataProvider: Loaded debug metadata for module: packages/flutter/src/painting/matrix_utils.dart
[        ] Loaded debug metadata for module: packages/flutter/src/painting/matrix_utils.dart
[        ] MetadataProvider: Loaded debug metadata for module: packages/flutter/src/painting/linear_border.dart
[        ] Loaded debug metadata for module: packages/flutter/src/painting/linear_border.dart
[        ] MetadataProvider: Loaded debug metadata for module: packages/flutter/src/painting/image_resolution.dart
[        ] Loaded debug metadata for module: packages/flutter/src/painting/image_resolution.dart
[        ] MetadataProvider: Loaded debug metadata for module: packages/flutter/src/painting/image_decoder.dart
[        ] Loaded debug metadata for module: packages/flutter/src/painting/image_decoder.dart
[        ] MetadataProvider: Loaded debug metadata for module: packages/flutter/src/painting/geometry.dart
[        ] Loaded debug metadata for module: packages/flutter/src/painting/geometry.dart
[        ] MetadataProvider: Loaded debug metadata for module: packages/flutter/src/painting/fractional_offset.dart
[        ] Loaded debug metadata for module: packages/flutter/src/painting/fractional_offset.dart
[        ] MetadataProvider: Loaded debug metadata for module: packages/flutter/src/painting/flutter_logo.dart
[        ] Loaded debug metadata for module: packages/flutter/src/painting/flutter_logo.dart
[        ] MetadataProvider: Loaded debug metadata for module: packages/flutter/src/painting/continuous_rectangle_border.dart
[        ] Loaded debug metadata for module: packages/flutter/src/painting/continuous_rectangle_border.dart
[        ] MetadataProvider: Loaded debug metadata for module: packages/flutter/src/painting/clip.dart
[        ] Loaded debug metadata for module: packages/flutter/src/painting/clip.dart
[        ] MetadataProvider: Loaded debug metadata for module: packages/flutter/src/painting/beveled_rectangle_border.dart
[        ] Loaded debug metadata for module: packages/flutter/src/painting/beveled_rectangle_border.dart
[        ] MetadataProvider: Loaded debug metadata for module: packages/flutter/src/rendering/service_extensions.dart
[        ] Loaded debug metadata for module: packages/flutter/src/rendering/service_extensions.dart
[        ] MetadataProvider: Loaded debug metadata for module: packages/flutter/semantics.dart
[        ] Loaded debug metadata for module: packages/flutter/semantics.dart
[        ] MetadataProvider: Loaded debug metadata for module: packages/flutter/src/semantics/semantics_service.dart
[        ] Loaded debug metadata for module: packages/flutter/src/semantics/semantics_service.dart
[        ] MetadataProvider: Loaded debug metadata for module: packages/flutter/src/semantics/semantics_event.dart
[        ] Loaded debug metadata for module: packages/flutter/src/semantics/semantics_event.dart
[        ] MetadataProvider: Loaded debug metadata for module: packages/flutter/src/semantics/semantics.dart
[        ] Loaded debug metadata for module: packages/flutter/src/semantics/semantics.dart
[        ] MetadataProvider: Loaded debug metadata for module: packages/flutter/src/semantics/binding.dart
[        ] Loaded debug metadata for module: packages/flutter/src/semantics/binding.dart
[        ] MetadataProvider: Loaded debug metadata for module: packages/flutter/src/semantics/debug.dart
[        ] Loaded debug metadata for module: packages/flutter/src/semantics/debug.dart
[        ] MetadataProvider: Loaded debug metadata for module: packages/flutter/src/widgets/service_extensions.dart
[        ] Loaded debug metadata for module: packages/flutter/src/widgets/service_extensions.dart
[        ] MetadataProvider: Loaded debug metadata for module: packages/flutter/physics.dart
[        ] Loaded debug metadata for module: packages/flutter/physics.dart
[        ] MetadataProvider: Loaded debug metadata for module: packages/flutter/src/physics/utils.dart
[        ] Loaded debug metadata for module: packages/flutter/src/physics/utils.dart
[        ] MetadataProvider: Loaded debug metadata for module: packages/flutter/src/physics/tolerance.dart
[        ] Loaded debug metadata for module: packages/flutter/src/physics/tolerance.dart
[        ] MetadataProvider: Loaded debug metadata for module: packages/flutter/src/physics/spring_simulation.dart
[        ] Loaded debug metadata for module: packages/flutter/src/physics/spring_simulation.dart
[        ] MetadataProvider: Loaded debug metadata for module: packages/flutter/src/physics/simulation.dart
[        ] Loaded debug metadata for module: packages/flutter/src/physics/simulation.dart
[        ] MetadataProvider: Loaded debug metadata for module: packages/flutter/src/physics/gravity_simulation.dart
[        ] Loaded debug metadata for module: packages/flutter/src/physics/gravity_simulation.dart
[        ] MetadataProvider: Loaded debug metadata for module: packages/flutter/src/physics/friction_simulation.dart
[        ] Loaded debug metadata for module: packages/flutter/src/physics/friction_simulation.dart
[        ] MetadataProvider: Loaded debug metadata for module: packages/flutter/src/physics/clamped_simulation.dart
[        ] Loaded debug metadata for module: packages/flutter/src/physics/clamped_simulation.dart
[        ] MetadataProvider: Loaded debug metadata for module: packages/flutter/src/widgets/scroll_simulation.dart
[        ] Loaded debug metadata for module: packages/flutter/src/widgets/scroll_simulation.dart
[        ] MetadataProvider: Loaded debug metadata for module: packages/flutter/src/widgets/constants.dart
[        ] Loaded debug metadata for module: packages/flutter/src/widgets/constants.dart
[        ] MetadataProvider: Loaded debug metadata for module: packages/flutter/src/widgets/_web_browser_detection_web.dart
[        ] Loaded debug metadata for module: packages/flutter/src/widgets/_web_browser_detection_web.dart
[        ] MetadataProvider: Loaded debug metadata for module: packages/flutter/src/foundation/_features.dart
[        ] Loaded debug metadata for module: packages/flutter/src/foundation/_features.dart
[        ] MetadataProvider: Loaded debug metadata for module: packages/flutter/src/widgets/icon_data.dart
[        ] Loaded debug metadata for module: packages/flutter/src/widgets/icon_data.dart
[        ] MetadataProvider: Loaded debug metadata for module: packages/flutter/src/rendering/table_border.dart
[        ] Loaded debug metadata for module: packages/flutter/src/rendering/table_border.dart
[        ] MetadataProvider: Loaded debug metadata for module: packages/flutter/src/rendering/image_filter_config.dart
[        ] Loaded debug metadata for module: packages/flutter/src/rendering/image_filter_config.dart
[        ] MetadataProvider: Loaded debug metadata for module: packages/flutter/src/widgets/standard_component_type.dart
[        ] Loaded debug metadata for module: packages/flutter/src/widgets/standard_component_type.dart
[        ] MetadataProvider: Loaded debug metadata for module: packages/flutter/src/widgets/date.dart
[        ] Loaded debug metadata for module: packages/flutter/src/widgets/date.dart
[        ] MetadataProvider: Loaded debug metadata for module: packages/flutter/src/material/user_accounts_drawer_header.dart
[        ] Loaded debug metadata for module: packages/flutter/src/material/user_accounts_drawer_header.dart
[        ] MetadataProvider: Loaded debug metadata for module: packages/flutter/src/material/time.dart
[        ] Loaded debug metadata for module: packages/flutter/src/material/time.dart
[        ] MetadataProvider: Loaded debug metadata for module: packages/flutter/src/material/colors.dart
[        ] Loaded debug metadata for module: packages/flutter/src/material/colors.dart
[        ] MetadataProvider: Loaded debug metadata for module: packages/material_color_utilities/material_color_utilities.dart
[        ] Loaded debug metadata for module: packages/material_color_utilities/material_color_utilities.dart
[        ] MetadataProvider: Loaded debug metadata for module: packages/material_color_utilities/utils/string_utils.dart
[        ] Loaded debug metadata for module: packages/material_color_utilities/utils/string_utils.dart
[        ] MetadataProvider: Loaded debug metadata for module: packages/material_color_utilities/utils/color_utils.dart
[        ] Loaded debug metadata for module: packages/material_color_utilities/utils/color_utils.dart
[        ] MetadataProvider: Loaded debug metadata for module: packages/material_color_utilities/utils/math_utils.dart
[        ] Loaded debug metadata for module: packages/material_color_utilities/utils/math_utils.dart
[        ] MetadataProvider: Loaded debug metadata for module: packages/material_color_utilities/temperature/temperature_cache.dart
[        ] Loaded debug metadata for module: packages/material_color_utilities/temperature/temperature_cache.dart
[        ] MetadataProvider: Loaded debug metadata for module: packages/material_color_utilities/hct/hct.dart
[        ] Loaded debug metadata for module: packages/material_color_utilities/hct/hct.dart
[        ] MetadataProvider: Loaded debug metadata for module: packages/material_color_utilities/hct/viewing_conditions.dart
[        ] Loaded debug metadata for module: packages/material_color_utilities/hct/viewing_conditions.dart
[        ] MetadataProvider: Loaded debug metadata for module: packages/material_color_utilities/hct/src/hct_solver.dart
[        ] Loaded debug metadata for module: packages/material_color_utilities/hct/src/hct_solver.dart
[        ] MetadataProvider: Loaded debug metadata for module: packages/material_color_utilities/hct/cam16.dart
[        ] Loaded debug metadata for module: packages/material_color_utilities/hct/cam16.dart
[        ] MetadataProvider: Loaded debug metadata for module: packages/material_color_utilities/score/score.dart
[        ] Loaded debug metadata for module: packages/material_color_utilities/score/score.dart
[        ] MetadataProvider: Loaded debug metadata for module: packages/material_color_utilities/scheme/scheme_vibrant.dart
[        ] Loaded debug metadata for module: packages/material_color_utilities/scheme/scheme_vibrant.dart
[        ] MetadataProvider: Loaded debug metadata for module: packages/material_color_utilities/palettes/tonal_palette.dart
[        ] Loaded debug metadata for module: packages/material_color_utilities/palettes/tonal_palette.dart
[        ] MetadataProvider: Loaded debug metadata for module: packages/material_color_utilities/dynamiccolor/variant.dart
[        ] Loaded debug metadata for module: packages/material_color_utilities/dynamiccolor/variant.dart
[        ] MetadataProvider: Loaded debug metadata for module: packages/material_color_utilities/dynamiccolor/src/tone_delta_pair.dart
[        ] Loaded debug metadata for module: packages/material_color_utilities/dynamiccolor/src/tone_delta_pair.dart
[        ] MetadataProvider: Loaded debug metadata for module: packages/material_color_utilities/dynamiccolor/src/contrast_curve.dart
[        ] Loaded debug metadata for module: packages/material_color_utilities/dynamiccolor/src/contrast_curve.dart
[        ] MetadataProvider: Loaded debug metadata for module: packages/material_color_utilities/contrast/contrast.dart
[        ] Loaded debug metadata for module: packages/material_color_utilities/contrast/contrast.dart
[        ] MetadataProvider: Loaded debug metadata for module: packages/material_color_utilities/dislike/dislike_analyzer.dart
[        ] Loaded debug metadata for module: packages/material_color_utilities/dislike/dislike_analyzer.dart
[        ] MetadataProvider: Loaded debug metadata for module: packages/material_color_utilities/scheme/scheme_tonal_spot.dart
[        ] Loaded debug metadata for module: packages/material_color_utilities/scheme/scheme_tonal_spot.dart
[        ] MetadataProvider: Loaded debug metadata for module: packages/material_color_utilities/scheme/scheme_rainbow.dart
[        ] Loaded debug metadata for module: packages/material_color_utilities/scheme/scheme_rainbow.dart
[        ] MetadataProvider: Loaded debug metadata for module: packages/material_color_utilities/scheme/scheme_neutral.dart
[        ] Loaded debug metadata for module: packages/material_color_utilities/scheme/scheme_neutral.dart
[        ] MetadataProvider: Loaded debug metadata for module: packages/material_color_utilities/scheme/scheme_monochrome.dart
[        ] Loaded debug metadata for module: packages/material_color_utilities/scheme/scheme_monochrome.dart
[        ] MetadataProvider: Loaded debug metadata for module: packages/material_color_utilities/scheme/scheme_fruit_salad.dart
[        ] Loaded debug metadata for module: packages/material_color_utilities/scheme/scheme_fruit_salad.dart
[        ] MetadataProvider: Loaded debug metadata for module: packages/material_color_utilities/scheme/scheme_fidelity.dart
[        ] Loaded debug metadata for module: packages/material_color_utilities/scheme/scheme_fidelity.dart
[        ] MetadataProvider: Loaded debug metadata for module: packages/material_color_utilities/scheme/scheme_expressive.dart
[        ] Loaded debug metadata for module: packages/material_color_utilities/scheme/scheme_expressive.dart
[        ] MetadataProvider: Loaded debug metadata for module: packages/material_color_utilities/scheme/scheme_content.dart
[        ] Loaded debug metadata for module: packages/material_color_utilities/scheme/scheme_content.dart
[        ] MetadataProvider: Loaded debug metadata for module: packages/material_color_utilities/scheme/scheme.dart
[        ] Loaded debug metadata for module: packages/material_color_utilities/scheme/scheme.dart
[        ] MetadataProvider: Loaded debug metadata for module: packages/material_color_utilities/palettes/core_palette.dart
[        ] Loaded debug metadata for module: packages/material_color_utilities/palettes/core_palette.dart
[        ] MetadataProvider: Loaded debug metadata for module: packages/material_color_utilities/quantize/quantizer_wu.dart
[        ] Loaded debug metadata for module: packages/material_color_utilities/quantize/quantizer_wu.dart
[        ] MetadataProvider: Loaded debug metadata for module: packages/material_color_utilities/quantize/quantizer_map.dart
[        ] Loaded debug metadata for module: packages/material_color_utilities/quantize/quantizer_map.dart
[        ] MetadataProvider: Loaded debug metadata for module: packages/material_color_utilities/quantize/quantizer.dart
[        ] Loaded debug metadata for module: packages/material_color_utilities/quantize/quantizer.dart
[        ] MetadataProvider: Loaded debug metadata for module: packages/material_color_utilities/quantize/quantizer_wsmeans.dart
[        ] Loaded debug metadata for module: packages/material_color_utilities/quantize/quantizer_wsmeans.dart
[        ] MetadataProvider: Loaded debug metadata for module: packages/material_color_utilities/quantize/src/point_provider_lab.dart
[        ] Loaded debug metadata for module: packages/material_color_utilities/quantize/src/point_provider_lab.dart
[        ] MetadataProvider: Loaded debug metadata for module: packages/material_color_utilities/quantize/src/point_provider.dart
[        ] Loaded debug metadata for module: packages/material_color_utilities/quantize/src/point_provider.dart
[        ] MetadataProvider: Loaded debug metadata for module: packages/material_color_utilities/quantize/quantizer_celebi.dart
[        ] Loaded debug metadata for module: packages/material_color_utilities/quantize/quantizer_celebi.dart
[        ] MetadataProvider: Loaded debug metadata for module: packages/material_color_utilities/blend/blend.dart
[        ] Loaded debug metadata for module: packages/material_color_utilities/blend/blend.dart
[        ] MetadataProvider: Loaded debug metadata for module: packages/flutter/src/material/material_state.dart
[        ] Loaded debug metadata for module: packages/flutter/src/material/material_state.dart
[        ] MetadataProvider: Loaded debug metadata for module: packages/flutter/src/material/input_border.dart
[        ] Loaded debug metadata for module: packages/flutter/src/material/input_border.dart
[        ] MetadataProvider: Loaded debug metadata for module: packages/flutter/src/material/constants.dart
[        ] Loaded debug metadata for module: packages/flutter/src/material/constants.dart
[        ] MetadataProvider: Loaded debug metadata for module: packages/flutter/src/material/tooltip_visibility.dart
[        ] Loaded debug metadata for module: packages/flutter/src/material/tooltip_visibility.dart
[        ] MetadataProvider: Loaded debug metadata for module: packages/flutter/src/material/icons.dart
[        ] Loaded debug metadata for module: packages/flutter/src/material/icons.dart
[        ] MetadataProvider: Loaded debug metadata for module: packages/flutter/src/material/material_state_mixin.dart
[        ] Loaded debug metadata for module: packages/flutter/src/material/material_state_mixin.dart
[        ] MetadataProvider: Loaded debug metadata for module: packages/flutter/src/material/curves.dart
[        ] Loaded debug metadata for module: packages/flutter/src/material/curves.dart
[        ] MetadataProvider: Loaded debug metadata for module: packages/flutter/src/material/motion.dart
[        ] Loaded debug metadata for module: packages/flutter/src/material/motion.dart
[        ] MetadataProvider: Loaded debug metadata for module: packages/flutter/src/material/bottom_sheet_theme.dart
[        ] Loaded debug metadata for module: packages/flutter/src/material/bottom_sheet_theme.dart
[        ] MetadataProvider: Loaded debug metadata for module: packages/flutter/src/material/tab_indicator.dart
[        ] Loaded debug metadata for module: packages/flutter/src/material/tab_indicator.dart
[        ] MetadataProvider: Loaded debug metadata for module: packages/flutter/src/material/tab_controller.dart
[        ] Loaded debug metadata for module: packages/flutter/src/material/tab_controller.dart
[        ] MetadataProvider: Loaded debug metadata for module: packages/flutter/src/material/drawer_header.dart
[        ] Loaded debug metadata for module: packages/flutter/src/material/drawer_header.dart
[        ] MetadataProvider: Loaded debug metadata for module: packages/flutter/src/material/toggle_buttons.dart
[        ] Loaded debug metadata for module: packages/flutter/src/material/toggle_buttons.dart
[        ] MetadataProvider: Loaded debug metadata for module: packages/flutter/src/material/time_picker.dart
[        ] Loaded debug metadata for module: packages/flutter/src/material/time_picker.dart
[        ] MetadataProvider: Loaded debug metadata for module: packages/flutter/src/material/text_form_field.dart
[        ] Loaded debug metadata for module: packages/flutter/src/material/text_form_field.dart
[        ] MetadataProvider: Loaded debug metadata for module: packages/flutter/src/material/text_field.dart
[        ] Loaded debug metadata for module: packages/flutter/src/material/text_field.dart
[        ] MetadataProvider: Loaded debug metadata for module: packages/flutter/src/material/text_selection.dart
[        ] Loaded debug metadata for module: packages/flutter/src/material/text_selection.dart
[        ] MetadataProvider: Loaded debug metadata for module: packages/flutter/src/material/text_selection_toolbar_text_button.dart
[        ] Loaded debug metadata for module: packages/flutter/src/material/text_selection_toolbar_text_button.dart
[        ] MetadataProvider: Loaded debug metadata for module: packages/flutter/src/material/text_selection_toolbar.dart
[        ] Loaded debug metadata for module: packages/flutter/src/material/text_selection_toolbar.dart
[        ] MetadataProvider: Loaded debug metadata for module: packages/flutter/src/material/spell_check_suggestions_toolbar.dart
[        ] Loaded debug metadata for module: packages/flutter/src/material/spell_check_suggestions_toolbar.dart
[        ] MetadataProvider: Loaded debug metadata for module: packages/flutter/src/material/spell_check_suggestions_toolbar_layout_delegate.dart
[        ] Loaded debug metadata for module: packages/flutter/src/material/spell_check_suggestions_toolbar_layout_delegate.dart
[        ] MetadataProvider: Loaded debug metadata for module: packages/flutter/src/material/adaptive_text_selection_toolbar.dart
[        ] Loaded debug metadata for module: packages/flutter/src/material/adaptive_text_selection_toolbar.dart
[        ] MetadataProvider: Loaded debug metadata for module: packages/flutter/src/material/desktop_text_selection_toolbar_button.dart
[        ] Loaded debug metadata for module: packages/flutter/src/material/desktop_text_selection_toolbar_button.dart
[        ] MetadataProvider: Loaded debug metadata for module: packages/flutter/src/material/desktop_text_selection_toolbar.dart
[        ] Loaded debug metadata for module: packages/flutter/src/material/desktop_text_selection_toolbar.dart
[        ] MetadataProvider: Loaded debug metadata for module: packages/flutter/src/material/selectable_text.dart
[        ] Loaded debug metadata for module: packages/flutter/src/material/selectable_text.dart
[        ] MetadataProvider: Loaded debug metadata for module: packages/flutter/src/material/magnifier.dart
[        ] Loaded debug metadata for module: packages/flutter/src/material/magnifier.dart
[        ] MetadataProvider: Loaded debug metadata for module: packages/flutter/src/material/desktop_text_selection.dart
[        ] Loaded debug metadata for module: packages/flutter/src/material/desktop_text_selection.dart
[        ] MetadataProvider: Loaded debug metadata for module: packages/flutter/src/material/dialog.dart
[        ] Loaded debug metadata for module: packages/flutter/src/material/dialog.dart
[        ] MetadataProvider: Loaded debug metadata for module: packages/flutter/src/material/switch_list_tile.dart
[        ] Loaded debug metadata for module: packages/flutter/src/material/switch_list_tile.dart
[        ] MetadataProvider: Loaded debug metadata for module: packages/flutter/src/material/switch.dart
[        ] Loaded debug metadata for module: packages/flutter/src/material/switch.dart
[        ] MetadataProvider: Loaded debug metadata for module: packages/flutter/src/material/shadows.dart
[        ] Loaded debug metadata for module: packages/flutter/src/material/shadows.dart
[        ] MetadataProvider: Loaded debug metadata for module: packages/flutter/src/material/stepper.dart
[        ] Loaded debug metadata for module: packages/flutter/src/material/stepper.dart
[        ] MetadataProvider: Loaded debug metadata for module: packages/flutter/src/material/selection_area.dart
[        ] Loaded debug metadata for module: packages/flutter/src/material/selection_area.dart
[        ] MetadataProvider: Loaded debug metadata for module: packages/flutter/src/material/segmented_button.dart
[        ] Loaded debug metadata for module: packages/flutter/src/material/segmented_button.dart
[        ] MetadataProvider: Loaded debug metadata for module: packages/flutter/src/material/search_anchor.dart
[        ] Loaded debug metadata for module: packages/flutter/src/material/search_anchor.dart
[        ] MetadataProvider: Loaded debug metadata for module: packages/flutter/src/material/back_button.dart
[        ] Loaded debug metadata for module: packages/flutter/src/material/back_button.dart
[        ] MetadataProvider: Loaded debug metadata for module: packages/flutter/src/material/search.dart
[        ] Loaded debug metadata for module: packages/flutter/src/material/search.dart
[        ] MetadataProvider: Loaded debug metadata for module: packages/flutter/src/material/reorderable_list.dart
[        ] Loaded debug metadata for module: packages/flutter/src/material/reorderable_list.dart
[        ] MetadataProvider: Loaded debug metadata for module: packages/flutter/src/material/refresh_indicator.dart
[        ] Loaded debug metadata for module: packages/flutter/src/material/refresh_indicator.dart
[        ] MetadataProvider: Loaded debug metadata for module: packages/flutter/src/material/progress_indicator.dart
[        ] Loaded debug metadata for module: packages/flutter/src/material/progress_indicator.dart
[        ] MetadataProvider: Loaded debug metadata for module: packages/flutter/src/material/range_slider.dart
[        ] Loaded debug metadata for module: packages/flutter/src/material/range_slider.dart
[        ] MetadataProvider: Loaded debug metadata for module: packages/flutter/src/material/radio_list_tile.dart
[        ] Loaded debug metadata for module: packages/flutter/src/material/radio_list_tile.dart
[        ] MetadataProvider: Loaded debug metadata for module: packages/flutter/src/material/popup_menu.dart
[        ] Loaded debug metadata for module: packages/flutter/src/material/popup_menu.dart
[        ] MetadataProvider: Loaded debug metadata for module: packages/flutter/src/material/paginated_data_table.dart
[        ] Loaded debug metadata for module: packages/flutter/src/material/paginated_data_table.dart
[        ] MetadataProvider: Loaded debug metadata for module: packages/flutter/src/material/dropdown.dart
[        ] Loaded debug metadata for module: packages/flutter/src/material/dropdown.dart
[        ] MetadataProvider: Loaded debug metadata for module: packages/flutter/src/material/data_table_source.dart
[        ] Loaded debug metadata for module: packages/flutter/src/material/data_table_source.dart
[        ] MetadataProvider: Loaded debug metadata for module: packages/flutter/src/material/data_table.dart
[        ] Loaded debug metadata for module: packages/flutter/src/material/data_table.dart
[        ] MetadataProvider: Loaded debug metadata for module: packages/flutter/src/material/card.dart
[        ] Loaded debug metadata for module: packages/flutter/src/material/card.dart
[        ] MetadataProvider: Loaded debug metadata for module: packages/flutter/src/material/page.dart
[   +1 ms] Loaded debug metadata for module: packages/flutter/src/material/page.dart
[        ] MetadataProvider: Loaded debug metadata for module: packages/flutter/src/material/no_splash.dart
[        ] Loaded debug metadata for module: packages/flutter/src/material/no_splash.dart
[        ] MetadataProvider: Loaded debug metadata for module: packages/flutter/src/material/mergeable_material.dart
[        ] Loaded debug metadata for module: packages/flutter/src/material/mergeable_material.dart
[        ] MetadataProvider: Loaded debug metadata for module: packages/flutter/src/material/input_date_picker_form_field.dart
[        ] Loaded debug metadata for module: packages/flutter/src/material/input_date_picker_form_field.dart
[        ] MetadataProvider: Loaded debug metadata for module: packages/flutter/src/material/date.dart
[        ] Loaded debug metadata for module: packages/flutter/src/material/date.dart
[        ] MetadataProvider: Loaded debug metadata for module: packages/flutter/src/material/input_chip.dart
[        ] Loaded debug metadata for module: packages/flutter/src/material/input_chip.dart
[        ] MetadataProvider: Loaded debug metadata for module: packages/flutter/src/material/chip.dart
[        ] Loaded debug metadata for module: packages/flutter/src/material/chip.dart
[        ] MetadataProvider: Loaded debug metadata for module: packages/flutter/src/material/grid_tile_bar.dart
[        ] Loaded debug metadata for module: packages/flutter/src/material/grid_tile_bar.dart
[        ] MetadataProvider: Loaded debug metadata for module: packages/flutter/src/material/grid_tile.dart
[        ] Loaded debug metadata for module: packages/flutter/src/material/grid_tile.dart
[        ] MetadataProvider: Loaded debug metadata for module: packages/flutter/src/material/filter_chip.dart
[        ] Loaded debug metadata for module: packages/flutter/src/material/filter_chip.dart
[        ] MetadataProvider: Loaded debug metadata for module: packages/flutter/src/material/expansion_tile.dart
[        ] Loaded debug metadata for module: packages/flutter/src/material/expansion_tile.dart
[        ] MetadataProvider: Loaded debug metadata for module: packages/flutter/src/material/expansion_panel.dart
[        ] Loaded debug metadata for module: packages/flutter/src/material/expansion_panel.dart
[        ] MetadataProvider: Loaded debug metadata for module: packages/flutter/src/material/expand_icon.dart
[        ] Loaded debug metadata for module: packages/flutter/src/material/expand_icon.dart
[        ] MetadataProvider: Loaded debug metadata for module: packages/flutter/src/material/dropdown_menu_form_field.dart
[        ] Loaded debug metadata for module: packages/flutter/src/material/dropdown_menu_form_field.dart
[        ] MetadataProvider: Loaded debug metadata for module: packages/flutter/src/material/dropdown_menu.dart
[        ] Loaded debug metadata for module: packages/flutter/src/material/dropdown_menu.dart
[        ] MetadataProvider: Loaded debug metadata for module: packages/flutter/src/material/date_picker.dart
[        ] Loaded debug metadata for module: packages/flutter/src/material/date_picker.dart
[        ] MetadataProvider: Loaded debug metadata for module: packages/flutter/src/material/calendar_date_picker.dart
[        ] Loaded debug metadata for module: packages/flutter/src/material/calendar_date_picker.dart
[        ] MetadataProvider: Loaded debug metadata for module: packages/flutter/src/material/circle_avatar.dart
[        ] Loaded debug metadata for module: packages/flutter/src/material/circle_avatar.dart
[        ] MetadataProvider: Loaded debug metadata for module: packages/flutter/src/material/choice_chip.dart
[        ] Loaded debug metadata for module: packages/flutter/src/material/choice_chip.dart
[        ] MetadataProvider: Loaded debug metadata for module: packages/flutter/src/material/checkbox_list_tile.dart
[        ] Loaded debug metadata for module: packages/flutter/src/material/checkbox_list_tile.dart
[        ] MetadataProvider: Loaded debug metadata for module: packages/flutter/src/material/button_bar.dart
[        ] Loaded debug metadata for module: packages/flutter/src/material/button_bar.dart
[        ] MetadataProvider: Loaded debug metadata for module: packages/flutter/src/material/bottom_app_bar.dart
[        ] Loaded debug metadata for module: packages/flutter/src/material/bottom_app_bar.dart
[        ] MetadataProvider: Loaded debug metadata for module: packages/flutter/src/material/badge.dart
[        ] Loaded debug metadata for module: packages/flutter/src/material/badge.dart
[        ] MetadataProvider: Loaded debug metadata for module: packages/flutter/src/material/autocomplete.dart
[        ] Loaded debug metadata for module: packages/flutter/src/material/autocomplete.dart
[        ] MetadataProvider: Loaded debug metadata for module: packages/flutter/src/material/arc.dart
[        ] Loaded debug metadata for module: packages/flutter/src/material/arc.dart
[        ] MetadataProvider: Loaded debug metadata for module: packages/flutter/src/material/app.dart
[        ] Loaded debug metadata for module: packages/flutter/src/material/app.dart
[        ] MetadataProvider: Loaded debug metadata for module: packages/flutter/src/material/animated_icons.dart
[        ] Loaded debug metadata for module: packages/flutter/src/material/animated_icons.dart
[        ] MetadataProvider: Loaded debug metadata for module: packages/flutter/src/material/action_chip.dart
[        ] Loaded debug metadata for module: packages/flutter/src/material/action_chip.dart
[        ] MetadataProvider: Loaded debug metadata for module: packages/flutter/src/material/about.dart
[        ] Loaded debug metadata for module: packages/flutter/src/material/about.dart
[        ] MetadataProvider: Loaded debug metadata for module: packages/image_picker_platform_interface/src/types/picked_file/lost_data.dart
[        ] Loaded debug metadata for module: packages/image_picker_platform_interface/src/types/picked_file/lost_data.dart
[        ] MetadataProvider: Loaded debug metadata for module: packages/image_picker_platform_interface/src/types/retrieve_type.dart
[        ] Loaded debug metadata for module: packages/image_picker_platform_interface/src/types/retrieve_type.dart
[        ] MetadataProvider: Loaded debug metadata for module: packages/image_picker_platform_interface/src/types/picked_file/html.dart
[        ] Loaded debug metadata for module: packages/image_picker_platform_interface/src/types/picked_file/html.dart
[        ] MetadataProvider: Loaded debug metadata for module: packages/image_picker_platform_interface/src/types/picked_file/base.dart
[        ] Loaded debug metadata for module: packages/image_picker_platform_interface/src/types/picked_file/base.dart
[        ] MetadataProvider: Loaded debug metadata for module: packages/http/src/multipart_request.dart
[        ] Loaded debug metadata for module: packages/http/src/multipart_request.dart
[        ] MetadataProvider: Loaded debug metadata for module: packages/http/src/utils.dart
[        ] Loaded debug metadata for module: packages/http/src/utils.dart
[        ] MetadataProvider: Loaded debug metadata for module: packages/http/src/byte_stream.dart
[        ] Loaded debug metadata for module: packages/http/src/byte_stream.dart
[        ] MetadataProvider: Loaded debug metadata for module: packages/http_parser/http_parser.dart
[        ] Loaded debug metadata for module: packages/http_parser/http_parser.dart
[        ] MetadataProvider: Loaded debug metadata for module: packages/http_parser/src/media_type.dart
[        ] Loaded debug metadata for module: packages/http_parser/src/media_type.dart
[        ] MetadataProvider: Loaded debug metadata for module: packages/http_parser/src/utils.dart
[        ] Loaded debug metadata for module: packages/http_parser/src/utils.dart
[        ] MetadataProvider: Loaded debug metadata for module: packages/source_span/source_span.dart
[        ] Loaded debug metadata for module: packages/source_span/source_span.dart
[        ] MetadataProvider: Loaded debug metadata for module: packages/source_span/src/location_mixin.dart
[        ] Loaded debug metadata for module: packages/source_span/src/location_mixin.dart
[        ] MetadataProvider: Loaded debug metadata for module: packages/source_span/src/colors.dart
[        ] Loaded debug metadata for module: packages/source_span/src/colors.dart
[        ] MetadataProvider: Loaded debug metadata for module: packages/source_span/src/charcode.dart
[        ] Loaded debug metadata for module: packages/source_span/src/charcode.dart
[        ] MetadataProvider: Loaded debug metadata for module: packages/term_glyph/src/generated/top_level.dart
[        ] Loaded debug metadata for module: packages/term_glyph/src/generated/top_level.dart
[        ] MetadataProvider: Loaded debug metadata for module: packages/term_glyph/src/generated/glyph_set.dart
[        ] Loaded debug metadata for module: packages/term_glyph/src/generated/glyph_set.dart
[        ] MetadataProvider: Loaded debug metadata for module: packages/term_glyph/src/generated/unicode_glyph_set.dart
[        ] Loaded debug metadata for module: packages/term_glyph/src/generated/unicode_glyph_set.dart
[        ] MetadataProvider: Loaded debug metadata for module: packages/term_glyph/src/generated/ascii_glyph_set.dart
[        ] Loaded debug metadata for module: packages/term_glyph/src/generated/ascii_glyph_set.dart
[        ] MetadataProvider: Loaded debug metadata for module: packages/path/src/path_set.dart
[        ] Loaded debug metadata for module: packages/path/src/path_set.dart
[        ] MetadataProvider: Loaded debug metadata for module: packages/path/src/utils.dart
[        ] Loaded debug metadata for module: packages/path/src/utils.dart
[        ] MetadataProvider: Loaded debug metadata for module: packages/path/src/characters.dart
[        ] Loaded debug metadata for module: packages/path/src/characters.dart
[        ] MetadataProvider: Loaded debug metadata for module: packages/path/src/path_exception.dart
[        ] Loaded debug metadata for module: packages/path/src/path_exception.dart
[        ] MetadataProvider: Loaded debug metadata for module: packages/source_span/src/span_exception.dart
[        ] Loaded debug metadata for module: packages/source_span/src/span_exception.dart
[        ] MetadataProvider: Loaded debug metadata for module: packages/http_parser/src/scan.dart
[        ] Loaded debug metadata for module: packages/http_parser/src/scan.dart
[        ] MetadataProvider: Loaded debug metadata for module: packages/string_scanner/string_scanner.dart
[        ] Loaded debug metadata for module: packages/string_scanner/string_scanner.dart
[        ] MetadataProvider: Loaded debug metadata for module: packages/string_scanner/src/utils.dart
[        ] Loaded debug metadata for module: packages/string_scanner/src/utils.dart
[        ] MetadataProvider: Loaded debug metadata for module: packages/string_scanner/src/charcode.dart
[        ] Loaded debug metadata for module: packages/string_scanner/src/charcode.dart
[        ] MetadataProvider: Loaded debug metadata for module: packages/string_scanner/src/relative_span_scanner.dart
[        ] Loaded debug metadata for module: packages/string_scanner/src/relative_span_scanner.dart
[        ] MetadataProvider: Loaded debug metadata for module: packages/string_scanner/src/line_scanner.dart
[        ] Loaded debug metadata for module: packages/string_scanner/src/line_scanner.dart
[        ] MetadataProvider: Loaded debug metadata for module: packages/http_parser/src/case_insensitive_map.dart
[        ] Loaded debug metadata for module: packages/http_parser/src/case_insensitive_map.dart
[        ] MetadataProvider: Loaded debug metadata for module: packages/http_parser/src/http_date.dart
[        ] Loaded debug metadata for module: packages/http_parser/src/http_date.dart
[        ] MetadataProvider: Loaded debug metadata for module: packages/http_parser/src/chunked_coding.dart
[        ] Loaded debug metadata for module: packages/http_parser/src/chunked_coding.dart
[        ] MetadataProvider: Loaded debug metadata for module: packages/http_parser/src/chunked_coding/encoder.dart
[        ] Loaded debug metadata for module: packages/http_parser/src/chunked_coding/encoder.dart
[        ] MetadataProvider: Loaded debug metadata for module: packages/http_parser/src/chunked_coding/charcodes.dart
[        ] Loaded debug metadata for module: packages/http_parser/src/chunked_coding/charcodes.dart
[        ] MetadataProvider: Loaded debug metadata for module: packages/http_parser/src/chunked_coding/decoder.dart
[        ] Loaded debug metadata for module: packages/http_parser/src/chunked_coding/decoder.dart
[        ] MetadataProvider: Loaded debug metadata for module: packages/typed_data/typed_data.dart
[        ] Loaded debug metadata for module: packages/typed_data/typed_data.dart
[        ] MetadataProvider: Loaded debug metadata for module: packages/typed_data/typed_buffers.dart
[        ] Loaded debug metadata for module: packages/typed_data/typed_buffers.dart
[        ] MetadataProvider: Loaded debug metadata for module: packages/typed_data/src/typed_buffer.dart
[        ] Loaded debug metadata for module: packages/typed_data/src/typed_buffer.dart
[        ] MetadataProvider: Loaded debug metadata for module: packages/typed_data/src/typed_queue.dart
[        ] Loaded debug metadata for module: packages/typed_data/src/typed_queue.dart
[        ] MetadataProvider: Loaded debug metadata for module: packages/http_parser/src/authentication_challenge.dart
[        ] Loaded debug metadata for module: packages/http_parser/src/authentication_challenge.dart
[        ] MetadataProvider: Loaded debug metadata for module: packages/http/src/exception.dart
[        ] Loaded debug metadata for module: packages/http/src/exception.dart
[        ] MetadataProvider: Loaded debug metadata for module: packages/http/src/boundary_characters.dart
[        ] Loaded debug metadata for module: packages/http/src/boundary_characters.dart
[        ] MetadataProvider: Loaded debug metadata for module: packages/image_picker_platform_interface/src/types/multi_video_picker_options.dart
[        ] Loaded debug metadata for module: packages/image_picker_platform_interface/src/types/multi_video_picker_options.dart
[        ] MetadataProvider: Loaded debug metadata for module: packages/image_picker_platform_interface/src/types/media_selection_type.dart
[        ] Loaded debug metadata for module: packages/image_picker_platform_interface/src/types/media_selection_type.dart
[        ] MetadataProvider: Loaded debug metadata for module: packages/cross_file/cross_file.dart
[        ] Loaded debug metadata for module: packages/cross_file/cross_file.dart
[        ] MetadataProvider: Loaded debug metadata for module: packages/cross_file/src/x_file.dart
[        ] Loaded debug metadata for module: packages/cross_file/src/x_file.dart
[        ] MetadataProvider: Loaded debug metadata for module: packages/cross_file/src/web_helpers/web_helpers.dart
[        ] Loaded debug metadata for module: packages/cross_file/src/web_helpers/web_helpers.dart
[        ] MetadataProvider: Loaded debug metadata for module: packages/cross_file/src/types/base.dart
[        ] Loaded debug metadata for module: packages/cross_file/src/types/base.dart
[        ] MetadataProvider: Loaded debug metadata for module: packages/image_picker_platform_interface/src/types/image_source.dart
[        ] Loaded debug metadata for module: packages/image_picker_platform_interface/src/types/image_source.dart
[        ] MetadataProvider: Loaded debug metadata for module: packages/image_picker_platform_interface/src/types/camera_device.dart
[        ] Loaded debug metadata for module: packages/image_picker_platform_interface/src/types/camera_device.dart
[        ] MetadataProvider: Loaded debug metadata for module: packages/image_picker_platform_interface/src/types/camera_delegate.dart
[        ] Loaded debug metadata for module: packages/image_picker_platform_interface/src/types/camera_delegate.dart
[        ] MetadataProvider: Loaded debug metadata for module: packages/plugin_platform_interface/plugin_platform_interface.dart
[        ] Loaded debug metadata for module: packages/plugin_platform_interface/plugin_platform_interface.dart
[        ] MetadataProvider: Loaded debug metadata for module: packages/mime/mime.dart
[        ] Loaded debug metadata for module: packages/mime/mime.dart
[        ] MetadataProvider: Loaded debug metadata for module: packages/mime/src/mime_type.dart
[        ] Loaded debug metadata for module: packages/mime/src/mime_type.dart
[        ] MetadataProvider: Loaded debug metadata for module: packages/mime/src/magic_number.dart
[        ] Loaded debug metadata for module: packages/mime/src/magic_number.dart
[        ] MetadataProvider: Loaded debug metadata for module: packages/mime/src/default_extension_map.dart
[        ] Loaded debug metadata for module: packages/mime/src/default_extension_map.dart
[        ] MetadataProvider: Loaded debug metadata for module: packages/mime/src/mime_shared.dart
[        ] Loaded debug metadata for module: packages/mime/src/mime_shared.dart
[        ] MetadataProvider: Loaded debug metadata for module: packages/mime/src/char_code.dart
[        ] Loaded debug metadata for module: packages/mime/src/char_code.dart
[        ] MetadataProvider: Loaded debug metadata for module: packages/mime/src/extension.dart
[        ] Loaded debug metadata for module: packages/mime/src/extension.dart
[        ] MetadataProvider: Loaded debug metadata for module: packages/geolocator_web/geolocator_web.dart
[        ] Loaded debug metadata for module: packages/geolocator_web/geolocator_web.dart
[        ] MetadataProvider: Loaded debug metadata for module: packages/geolocator_web/web_settings.dart
[        ] Loaded debug metadata for module: packages/geolocator_web/web_settings.dart
[        ] MetadataProvider: Loaded debug metadata for module: packages/geolocator_platform_interface/geolocator_platform_interface.dart
[        ] Loaded debug metadata for module: packages/geolocator_platform_interface/geolocator_platform_interface.dart
[        ] MetadataProvider: Loaded debug metadata for module: packages/geolocator_platform_interface/src/models/models.dart
[        ] Loaded debug metadata for module: packages/geolocator_platform_interface/src/models/models.dart
[        ] MetadataProvider: Loaded debug metadata for module: packages/geolocator_platform_interface/src/models/location_settings.dart
[        ] Loaded debug metadata for module: packages/geolocator_platform_interface/src/models/location_settings.dart
[        ] MetadataProvider: Loaded debug metadata for module: packages/geolocator_platform_interface/src/enums/location_accuracy.dart
[        ] Loaded debug metadata for module: packages/geolocator_platform_interface/src/enums/location_accuracy.dart
[        ] MetadataProvider: Loaded debug metadata for module: packages/geolocator_platform_interface/src/models/position.dart
[        ] Loaded debug metadata for module: packages/geolocator_platform_interface/src/models/position.dart
[        ] MetadataProvider: Loaded debug metadata for module: packages/geolocator_platform_interface/src/extensions/extensions.dart
[        ] Loaded debug metadata for module: packages/geolocator_platform_interface/src/extensions/extensions.dart
[        ] MetadataProvider: Loaded debug metadata for module: packages/geolocator_platform_interface/src/extensions/integer_extensions.dart
[        ] Loaded debug metadata for module: packages/geolocator_platform_interface/src/extensions/integer_extensions.dart
[        ] MetadataProvider: Loaded debug metadata for module: packages/geolocator_platform_interface/src/errors/errors.dart
[        ] Loaded debug metadata for module: packages/geolocator_platform_interface/src/errors/errors.dart
[        ] MetadataProvider: Loaded debug metadata for module: packages/geolocator_platform_interface/src/errors/position_update_exception.dart
[        ] Loaded debug metadata for module: packages/geolocator_platform_interface/src/errors/position_update_exception.dart
[        ] MetadataProvider: Loaded debug metadata for module: packages/geolocator_platform_interface/src/errors/permission_request_in_progress_exception.dart
[        ] Loaded debug metadata for module: packages/geolocator_platform_interface/src/errors/permission_request_in_progress_exception.dart
[        ] MetadataProvider: Loaded debug metadata for module: packages/geolocator_platform_interface/src/errors/permission_denied_exception.dart
[        ] Loaded debug metadata for module: packages/geolocator_platform_interface/src/errors/permission_denied_exception.dart
[        ] MetadataProvider: Loaded debug metadata for module: packages/geolocator_platform_interface/src/errors/permission_definitions_not_found_exception.dart
[        ] Loaded debug metadata for module: packages/geolocator_platform_interface/src/errors/permission_definitions_not_found_exception.dart
[        ] MetadataProvider: Loaded debug metadata for module: packages/geolocator_platform_interface/src/errors/location_service_disabled_exception.dart
[        ] Loaded debug metadata for module: packages/geolocator_platform_interface/src/errors/location_service_disabled_exception.dart
[        ] MetadataProvider: Loaded debug metadata for module: packages/geolocator_platform_interface/src/errors/invalid_permission_exception.dart
[        ] Loaded debug metadata for module: packages/geolocator_platform_interface/src/errors/invalid_permission_exception.dart
[        ] MetadataProvider: Loaded debug metadata for module: packages/geolocator_platform_interface/src/errors/already_subscribed_exception.dart
[        ] Loaded debug metadata for module: packages/geolocator_platform_interface/src/errors/already_subscribed_exception.dart
[        ] MetadataProvider: Loaded debug metadata for module: packages/geolocator_platform_interface/src/errors/activity_missing_exception.dart
[        ] Loaded debug metadata for module: packages/geolocator_platform_interface/src/errors/activity_missing_exception.dart
[        ] MetadataProvider: Loaded debug metadata for module: packages/geolocator_platform_interface/src/enums/enums.dart
[        ] Loaded debug metadata for module: packages/geolocator_platform_interface/src/enums/enums.dart
[        ] MetadataProvider: Loaded debug metadata for module: packages/geolocator_platform_interface/src/enums/location_service.dart
[        ] Loaded debug metadata for module: packages/geolocator_platform_interface/src/enums/location_service.dart
[        ] MetadataProvider: Loaded debug metadata for module: packages/geolocator_platform_interface/src/enums/location_permission.dart
[        ] Loaded debug metadata for module: packages/geolocator_platform_interface/src/enums/location_permission.dart
[        ] MetadataProvider: Loaded debug metadata for module: packages/geolocator_platform_interface/src/enums/location_accuracy_status.dart
[        ] Loaded debug metadata for module: packages/geolocator_platform_interface/src/enums/location_accuracy_status.dart
[        ] MetadataProvider: Loaded debug metadata for module: packages/geolocator_platform_interface/src/implementations/method_channel_geolocator.dart
[        ] Loaded debug metadata for module: packages/geolocator_platform_interface/src/implementations/method_channel_geolocator.dart
[        ] MetadataProvider: Loaded debug metadata for module: packages/vector_math/vector_math.dart
[        ] Loaded debug metadata for module: packages/vector_math/vector_math.dart
[        ] MetadataProvider: Loaded debug metadata for module: packages/geolocator_web/src/html_permissions_manager.dart
[        ] Loaded debug metadata for module: packages/geolocator_web/src/html_permissions_manager.dart
[        ] MetadataProvider: Loaded debug metadata for module: packages/geolocator_web/src/utils.dart
[        ] Loaded debug metadata for module: packages/geolocator_web/src/utils.dart
[        ] MetadataProvider: Loaded debug metadata for module: packages/geolocator_web/src/permissions_manager.dart
[        ] Loaded debug metadata for module: packages/geolocator_web/src/permissions_manager.dart
[        ] MetadataProvider: Loaded debug metadata for module: packages/geolocator_web/src/html_geolocation_manager.dart
[        ] Loaded debug metadata for module: packages/geolocator_web/src/html_geolocation_manager.dart
[        ] MetadataProvider: Loaded debug metadata for module: packages/geolocator_web/src/geolocation_manager.dart
[        ] Loaded debug metadata for module: packages/geolocator_web/src/geolocation_manager.dart
[        ] MetadataProvider: Loaded debug metadata for module: packages/firebase_storage_web/firebase_storage_web.dart
[        ] Loaded debug metadata for module: packages/firebase_storage_web/firebase_storage_web.dart
[        ] MetadataProvider: Loaded debug metadata for module: packages/firebase_storage_web/src/reference_web.dart
[        ] Loaded debug metadata for module: packages/firebase_storage_web/src/reference_web.dart
[        ] MetadataProvider: Loaded debug metadata for module: packages/firebase_storage_web/src/utils/errors.dart
[        ] Loaded debug metadata for module: packages/firebase_storage_web/src/utils/errors.dart
[        ] MetadataProvider: Loaded debug metadata for module: packages/firebase_core/firebase_core.dart
[        ] Loaded debug metadata for module: packages/firebase_core/firebase_core.dart
[        ] MetadataProvider: Loaded debug metadata for module: packages/firebase_core_platform_interface/firebase_core_platform_interface.dart
[        ] Loaded debug metadata for module: packages/firebase_core_platform_interface/firebase_core_platform_interface.dart
[        ] MetadataProvider: Loaded debug metadata for module: packages/firebase_core_platform_interface/src/pigeon/messages.pigeon.dart
[        ] Loaded debug metadata for module: packages/firebase_core_platform_interface/src/pigeon/messages.pigeon.dart
[        ] MetadataProvider: Loaded debug metadata for module: packages/_flutterfire_internals/_flutterfire_internals.dart
[        ] Loaded debug metadata for module: packages/_flutterfire_internals/_flutterfire_internals.dart
[        ] MetadataProvider: Loaded debug metadata for module: packages/_flutterfire_internals/src/exception.dart
[        ] Loaded debug metadata for module: packages/_flutterfire_internals/src/exception.dart
[        ] MetadataProvider: Loaded debug metadata for module: packages/_flutterfire_internals/src/js_interop.dart
[        ] Loaded debug metadata for module: packages/_flutterfire_internals/src/js_interop.dart
[        ] MetadataProvider: Loaded debug metadata for module: packages/firebase_core_web/src/interop/app_interop.dart
[        ] Loaded debug metadata for module: packages/firebase_core_web/src/interop/app_interop.dart
[        ] MetadataProvider: Loaded debug metadata for module: packages/firebase_core_web/src/interop/utils/utils.dart
[        ] Loaded debug metadata for module: packages/firebase_core_web/src/interop/utils/utils.dart
[        ] MetadataProvider: Loaded debug metadata for module: packages/firebase_core_web/src/interop/utils/func.dart
[        ] Loaded debug metadata for module: packages/firebase_core_web/src/interop/utils/func.dart
[        ] MetadataProvider: Loaded debug metadata for module: packages/firebase_core_web/src/interop/utils/js.dart
[        ] Loaded debug metadata for module: packages/firebase_core_web/src/interop/utils/js.dart
[        ] MetadataProvider: Loaded debug metadata for module: packages/firebase_core_web/src/interop/utils/es6_interop.dart
[        ] Loaded debug metadata for module: packages/firebase_core_web/src/interop/utils/es6_interop.dart
[        ] MetadataProvider: Loaded debug metadata for module: packages/firebase_storage_web/src/utils/metadata_cache.dart
[        ] Loaded debug metadata for module: packages/firebase_storage_web/src/utils/metadata_cache.dart
[        ] MetadataProvider: Loaded debug metadata for module: packages/firebase_storage_platform_interface/src/platform_interface/platform_interface_task_snapshot.dart
[        ] Loaded debug metadata for module: packages/firebase_storage_platform_interface/src/platform_interface/platform_interface_task_snapshot.dart
[        ] MetadataProvider: Loaded debug metadata for module: packages/firebase_storage_platform_interface/src/task_state.dart
[        ] Loaded debug metadata for module: packages/firebase_storage_platform_interface/src/task_state.dart
[        ] MetadataProvider: Loaded debug metadata for module: packages/firebase_storage_platform_interface/src/settable_metadata.dart
[        ] Loaded debug metadata for module: packages/firebase_storage_platform_interface/src/settable_metadata.dart
[        ] MetadataProvider: Loaded debug metadata for module: packages/firebase_storage_platform_interface/src/put_string_format.dart
[        ] Loaded debug metadata for module: packages/firebase_storage_platform_interface/src/put_string_format.dart
[        ] MetadataProvider: Loaded debug metadata for module: packages/firebase_storage_platform_interface/src/internal/pointer.dart
[        ] Loaded debug metadata for module: packages/firebase_storage_platform_interface/src/internal/pointer.dart
[        ] MetadataProvider: Loaded debug metadata for module: packages/firebase_storage_platform_interface/src/method_channel/utils/exception.dart
[        ] Loaded debug metadata for module: packages/firebase_storage_platform_interface/src/method_channel/utils/exception.dart
[        ] MetadataProvider: Loaded debug metadata for module: packages/firebase_storage_platform_interface/src/pigeon/messages.pigeon.dart
[        ] Loaded debug metadata for module: packages/firebase_storage_platform_interface/src/pigeon/messages.pigeon.dart
[        ] MetadataProvider: Loaded debug metadata for module: packages/firebase_storage_platform_interface/src/list_options.dart
[        ] Loaded debug metadata for module: packages/firebase_storage_platform_interface/src/list_options.dart
[        ] MetadataProvider: Loaded debug metadata for module: packages/firebase_storage_platform_interface/src/full_metadata.dart
[        ] Loaded debug metadata for module: packages/firebase_storage_platform_interface/src/full_metadata.dart
[        ] MetadataProvider: Loaded debug metadata for module: packages/firebase_storage_web/src/utils/list.dart
[        ] Loaded debug metadata for module: packages/firebase_storage_web/src/utils/list.dart
[        ] MetadataProvider: Loaded debug metadata for module: packages/firebase_storage_web/src/list_result_web.dart
[        ] Loaded debug metadata for module: packages/firebase_storage_web/src/list_result_web.dart
[        ] MetadataProvider: Loaded debug metadata for module: packages/firebase_storage_web/src/interop/storage.dart
[        ] Loaded debug metadata for module: packages/firebase_storage_web/src/interop/storage.dart
[        ] MetadataProvider: Loaded debug metadata for module: packages/firebase_storage_web/src/interop/storage_interop.dart
[        ] Loaded debug metadata for module: packages/firebase_storage_web/src/interop/storage_interop.dart
[        ] MetadataProvider: Loaded debug metadata for module: packages/firebase_storage_web/src/task_web.dart
[        ] Loaded debug metadata for module: packages/firebase_storage_web/src/task_web.dart
[        ] MetadataProvider: Loaded debug metadata for module: packages/firebase_storage_web/src/task_snapshot_web.dart
[        ] Loaded debug metadata for module: packages/firebase_storage_web/src/task_snapshot_web.dart
[        ] MetadataProvider: Loaded debug metadata for module: packages/firebase_storage_web/src/utils/metadata.dart
[        ] Loaded debug metadata for module: packages/firebase_storage_web/src/utils/metadata.dart
[        ] MetadataProvider: Loaded debug metadata for module: packages/async/src/async_cache.dart
[        ] Loaded debug metadata for module: packages/async/src/async_cache.dart
[        ] MetadataProvider: Loaded debug metadata for module: packages/async/src/typed_stream_transformer.dart
[        ] Loaded debug metadata for module: packages/async/src/typed_stream_transformer.dart
[        ] MetadataProvider: Loaded debug metadata for module: packages/async/src/subscription_stream.dart
[        ] Loaded debug metadata for module: packages/async/src/subscription_stream.dart
[        ] MetadataProvider: Loaded debug metadata for module: packages/async/src/delegate/stream_subscription.dart
[        ] Loaded debug metadata for module: packages/async/src/delegate/stream_subscription.dart
[        ] MetadataProvider: Loaded debug metadata for module: packages/async/src/typed/stream_subscription.dart
[        ] Loaded debug metadata for module: packages/async/src/typed/stream_subscription.dart
[        ] MetadataProvider: Loaded debug metadata for module: packages/async/src/stream_zip.dart
[        ] Loaded debug metadata for module: packages/async/src/stream_zip.dart
[        ] MetadataProvider: Loaded debug metadata for module: packages/async/src/stream_subscription_transformer.dart
[        ] Loaded debug metadata for module: packages/async/src/stream_subscription_transformer.dart
[        ] MetadataProvider: Loaded debug metadata for module: packages/async/src/async_memoizer.dart
[        ] Loaded debug metadata for module: packages/async/src/async_memoizer.dart
[        ] MetadataProvider: Loaded debug metadata for module: packages/async/src/stream_splitter.dart
[        ] Loaded debug metadata for module: packages/async/src/stream_splitter.dart
[        ] MetadataProvider: Loaded debug metadata for module: packages/async/src/result/value.dart
[        ] Loaded debug metadata for module: packages/async/src/result/value.dart
[        ] MetadataProvider: Loaded debug metadata for module: packages/async/src/stream_sink_transformer/typed.dart
[        ] Loaded debug metadata for module: packages/async/src/stream_sink_transformer/typed.dart
[        ] MetadataProvider: Loaded debug metadata for module: packages/async/src/delegate/stream_sink.dart
[        ] Loaded debug metadata for module: packages/async/src/delegate/stream_sink.dart
[        ] MetadataProvider: Loaded debug metadata for module: packages/async/src/future_group.dart
[        ] Loaded debug metadata for module: packages/async/src/future_group.dart
[        ] MetadataProvider: Loaded debug metadata for module: packages/async/src/stream_sink_extensions.dart
[        ] Loaded debug metadata for module: packages/async/src/stream_sink_extensions.dart
[        ] MetadataProvider: Loaded debug metadata for module: packages/async/src/stream_sink_transformer/reject_errors.dart
[        ] Loaded debug metadata for module: packages/async/src/stream_sink_transformer/reject_errors.dart
[        ] MetadataProvider: Loaded debug metadata for module: packages/async/src/stream_sink_completer.dart
[        ] Loaded debug metadata for module: packages/async/src/stream_sink_completer.dart
[        ] MetadataProvider: Loaded debug metadata for module: packages/async/src/null_stream_sink.dart
[        ] Loaded debug metadata for module: packages/async/src/null_stream_sink.dart
[        ] MetadataProvider: Loaded debug metadata for module: packages/async/src/stream_queue.dart
[        ] Loaded debug metadata for module: packages/async/src/stream_queue.dart
[        ] MetadataProvider: Loaded debug metadata for module: packages/async/src/stream_completer.dart
[        ] Loaded debug metadata for module: packages/async/src/stream_completer.dart
[        ] MetadataProvider: Loaded debug metadata for module: packages/async/src/cancelable_operation.dart
[        ] Loaded debug metadata for module: packages/async/src/cancelable_operation.dart
[        ] MetadataProvider: Loaded debug metadata for module: packages/async/src/stream_group.dart
[        ] Loaded debug metadata for module: packages/async/src/stream_group.dart
[        ] MetadataProvider: Loaded debug metadata for module: packages/async/src/stream_extensions.dart
[        ] Loaded debug metadata for module: packages/async/src/stream_extensions.dart
[        ] MetadataProvider: Loaded debug metadata for module: packages/async/src/stream_closer.dart
[        ] Loaded debug metadata for module: packages/async/src/stream_closer.dart
[        ] MetadataProvider: Loaded debug metadata for module: packages/async/src/sink_base.dart
[        ] Loaded debug metadata for module: packages/async/src/sink_base.dart
[        ] MetadataProvider: Loaded debug metadata for module: packages/async/src/single_subscription_transformer.dart
[        ] Loaded debug metadata for module: packages/async/src/single_subscription_transformer.dart
[        ] MetadataProvider: Loaded debug metadata for module: packages/async/src/result/future.dart
[        ] Loaded debug metadata for module: packages/async/src/result/future.dart
[        ] MetadataProvider: Loaded debug metadata for module: packages/async/src/delegate/future.dart
[        ] Loaded debug metadata for module: packages/async/src/delegate/future.dart
[        ] MetadataProvider: Loaded debug metadata for module: packages/async/src/restartable_timer.dart
[        ] Loaded debug metadata for module: packages/async/src/restartable_timer.dart
[        ] MetadataProvider: Loaded debug metadata for module: packages/async/src/lazy_stream.dart
[        ] Loaded debug metadata for module: packages/async/src/lazy_stream.dart
[        ] MetadataProvider: Loaded debug metadata for module: packages/async/src/delegate/stream_consumer.dart
[        ] Loaded debug metadata for module: packages/async/src/delegate/stream_consumer.dart
[        ] MetadataProvider: Loaded debug metadata for module: packages/async/src/delegate/stream.dart
[        ] Loaded debug metadata for module: packages/async/src/delegate/stream.dart
[        ] MetadataProvider: Loaded debug metadata for module: packages/async/src/delegate/sink.dart
[        ] Loaded debug metadata for module: packages/async/src/delegate/sink.dart
[        ] MetadataProvider: Loaded debug metadata for module: packages/async/src/delegate/event_sink.dart
[        ] Loaded debug metadata for module: packages/async/src/delegate/event_sink.dart
[        ] MetadataProvider: Loaded debug metadata for module: packages/async/src/chunked_stream_reader.dart
[        ] Loaded debug metadata for module: packages/async/src/chunked_stream_reader.dart
[        ] MetadataProvider: Loaded debug metadata for module: packages/async/src/byte_collector.dart
[        ] Loaded debug metadata for module: packages/async/src/byte_collector.dart
[        ] MetadataProvider: Loaded debug metadata for module: packages/firebase_core_web/firebase_core_web.dart
[        ] Loaded debug metadata for module: packages/firebase_core_web/firebase_core_web.dart
[        ] MetadataProvider: Loaded debug metadata for module: packages/firebase_core_web/src/interop/package_web_tweaks.dart
[        ] Loaded debug metadata for module: packages/firebase_core_web/src/interop/package_web_tweaks.dart
[        ] MetadataProvider: Loaded debug metadata for module: packages/firebase_auth_web/src/firebase_auth_web_recaptcha_verifier_factory.dart
[        ] Loaded debug metadata for module: packages/firebase_auth_web/src/firebase_auth_web_recaptcha_verifier_factory.dart
[        ] MetadataProvider: Loaded debug metadata for module: packages/firebase_auth_web/src/interop/multi_factor.dart
[        ] Loaded debug metadata for module: packages/firebase_auth_web/src/interop/multi_factor.dart
[        ] MetadataProvider: Loaded debug metadata for module: packages/firebase_auth_web/src/interop/auth_interop.dart
[        ] Loaded debug metadata for module: packages/firebase_auth_web/src/interop/auth_interop.dart
[        ] MetadataProvider: Loaded debug metadata for module: packages/firebase_auth_platform_interface/src/types.dart
[        ] Loaded debug metadata for module: packages/firebase_auth_platform_interface/src/types.dart
[        ] MetadataProvider: Loaded debug metadata for module: packages/firebase_auth_platform_interface/src/user_metadata.dart
[        ] Loaded debug metadata for module: packages/firebase_auth_platform_interface/src/user_metadata.dart
[        ] MetadataProvider: Loaded debug metadata for module: packages/firebase_auth_platform_interface/src/user_info.dart
[        ] Loaded debug metadata for module: packages/firebase_auth_platform_interface/src/user_info.dart
[        ] MetadataProvider: Loaded debug metadata for module: packages/firebase_auth_platform_interface/src/pigeon/messages.pigeon.dart
[        ] Loaded debug metadata for module: packages/firebase_auth_platform_interface/src/pigeon/messages.pigeon.dart
[        ] MetadataProvider: Loaded debug metadata for module: packages/firebase_auth_platform_interface/src/firebase_auth_exception.dart
[        ] Loaded debug metadata for module: packages/firebase_auth_platform_interface/src/firebase_auth_exception.dart
[        ] MetadataProvider: Loaded debug metadata for module: packages/firebase_auth_platform_interface/src/auth_credential.dart
[        ] Loaded debug metadata for module: packages/firebase_auth_platform_interface/src/auth_credential.dart
[        ] MetadataProvider: Loaded debug metadata for module: packages/firebase_auth_platform_interface/src/providers/saml_auth.dart
[        ] Loaded debug metadata for module: packages/firebase_auth_platform_interface/src/providers/saml_auth.dart
[        ] MetadataProvider: Loaded debug metadata for module: packages/firebase_auth_platform_interface/src/auth_provider.dart
[        ] Loaded debug metadata for module: packages/firebase_auth_platform_interface/src/auth_provider.dart
[        ] MetadataProvider: Loaded debug metadata for module: packages/firebase_auth_platform_interface/src/id_token_result.dart
[        ] Loaded debug metadata for module: packages/firebase_auth_platform_interface/src/id_token_result.dart
[        ] MetadataProvider: Loaded debug metadata for module: packages/firebase_auth_platform_interface/src/additional_user_info.dart
[        ] Loaded debug metadata for module: packages/firebase_auth_platform_interface/src/additional_user_info.dart
[        ] MetadataProvider: Loaded debug metadata for module: packages/firebase_auth_platform_interface/src/action_code_settings.dart
[        ] Loaded debug metadata for module: packages/firebase_auth_platform_interface/src/action_code_settings.dart
[        ] MetadataProvider: Loaded debug metadata for module: packages/firebase_auth_platform_interface/src/action_code_info.dart
[        ] Loaded debug metadata for module: packages/firebase_auth_platform_interface/src/action_code_info.dart
[        ] MetadataProvider: Loaded debug metadata for module: packages/cloud_firestore_web/src/write_batch_web.dart
[        ] Loaded debug metadata for module: packages/cloud_firestore_web/src/write_batch_web.dart
[        ] MetadataProvider: Loaded debug metadata for module: packages/cloud_firestore_platform_interface/src/platform_interface/utils/load_bundle_task_state.dart
[        ] Loaded debug metadata for module: packages/cloud_firestore_platform_interface/src/platform_interface/utils/load_bundle_task_state.dart
[        ] MetadataProvider: Loaded debug metadata for module: packages/cloud_firestore_platform_interface/src/vector_value.dart
[        ] Loaded debug metadata for module: packages/cloud_firestore_platform_interface/src/vector_value.dart
[        ] MetadataProvider: Loaded debug metadata for module: packages/cloud_firestore_platform_interface/src/timestamp.dart
[        ] Loaded debug metadata for module: packages/cloud_firestore_platform_interface/src/timestamp.dart
[        ] MetadataProvider: Loaded debug metadata for module: packages/cloud_firestore_platform_interface/src/snapshot_metadata.dart
[        ] Loaded debug metadata for module: packages/cloud_firestore_platform_interface/src/snapshot_metadata.dart
[        ] MetadataProvider: Loaded debug metadata for module: packages/cloud_firestore_platform_interface/src/settings.dart
[        ] Loaded debug metadata for module: packages/cloud_firestore_platform_interface/src/settings.dart
[        ] MetadataProvider: Loaded debug metadata for module: packages/cloud_firestore_platform_interface/src/set_options.dart
[        ] Loaded debug metadata for module: packages/cloud_firestore_platform_interface/src/set_options.dart
[        ] MetadataProvider: Loaded debug metadata for module: packages/cloud_firestore_platform_interface/src/field_path.dart
[        ] Loaded debug metadata for module: packages/cloud_firestore_platform_interface/src/field_path.dart
[        ] MetadataProvider: Loaded debug metadata for module: packages/cloud_firestore_platform_interface/src/field_path_type.dart
[        ] Loaded debug metadata for module: packages/cloud_firestore_platform_interface/src/field_path_type.dart
[        ] MetadataProvider: Loaded debug metadata for module: packages/cloud_firestore_platform_interface/src/platform_interface/platform_interface_persistent_cache_index_manager.dart
[        ] Loaded debug metadata for module: packages/cloud_firestore_platform_interface/src/platform_interface/platform_interface_persistent_cache_index_manager.dart
[        ] MetadataProvider: Loaded debug metadata for module: packages/cloud_firestore_platform_interface/src/platform_interface/platform_interface_load_bundle_task.dart
[        ] Loaded debug metadata for module: packages/cloud_firestore_platform_interface/src/platform_interface/platform_interface_load_bundle_task.dart
[        ] MetadataProvider: Loaded debug metadata for module: packages/cloud_firestore_platform_interface/src/platform_interface/platform_interface_index_definitions.dart
[        ] Loaded debug metadata for module: packages/cloud_firestore_platform_interface/src/platform_interface/platform_interface_index_definitions.dart
[        ] MetadataProvider: Loaded debug metadata for module: packages/cloud_firestore_platform_interface/src/method_channel/utils/exception.dart
[        ] Loaded debug metadata for module: packages/cloud_firestore_platform_interface/src/method_channel/utils/exception.dart
[        ] MetadataProvider: Loaded debug metadata for module: packages/cloud_firestore_platform_interface/src/internal/pointer.dart
[        ] Loaded debug metadata for module: packages/cloud_firestore_platform_interface/src/internal/pointer.dart
[        ] MetadataProvider: Loaded debug metadata for module: packages/cloud_firestore_platform_interface/src/method_channel/method_channel_field_value.dart
[        ] Loaded debug metadata for module: packages/cloud_firestore_platform_interface/src/method_channel/method_channel_field_value.dart
[        ] MetadataProvider: Loaded debug metadata for module: packages/cloud_firestore_platform_interface/src/platform_interface/platform_interface_field_value.dart
[        ] Loaded debug metadata for module: packages/cloud_firestore_platform_interface/src/platform_interface/platform_interface_field_value.dart
[        ] MetadataProvider: Loaded debug metadata for module: packages/cloud_firestore_platform_interface/src/method_channel/utils/auto_id_generator.dart
[        ] Loaded debug metadata for module: packages/cloud_firestore_platform_interface/src/method_channel/utils/auto_id_generator.dart
[        ] MetadataProvider: Loaded debug metadata for module: packages/cloud_firestore_platform_interface/src/persistence_settings.dart
[        ] Loaded debug metadata for module: packages/cloud_firestore_platform_interface/src/persistence_settings.dart
[        ] MetadataProvider: Loaded debug metadata for module: packages/cloud_firestore_platform_interface/src/load_bundle_task_state.dart
[        ] Loaded debug metadata for module: packages/cloud_firestore_platform_interface/src/load_bundle_task_state.dart
[        ] MetadataProvider: Loaded debug metadata for module: packages/cloud_firestore_platform_interface/src/geo_point.dart
[        ] Loaded debug metadata for module: packages/cloud_firestore_platform_interface/src/geo_point.dart
[        ] MetadataProvider: Loaded debug metadata for module: packages/cloud_firestore_platform_interface/src/filters.dart
[        ] Loaded debug metadata for module: packages/cloud_firestore_platform_interface/src/filters.dart
[        ] MetadataProvider: Loaded debug metadata for module: packages/cloud_firestore_platform_interface/src/blob.dart
[        ] Loaded debug metadata for module: packages/cloud_firestore_platform_interface/src/blob.dart
[        ] MetadataProvider: Loaded debug metadata for module: packages/cloud_firestore_web/src/internals.dart
[        ] Loaded debug metadata for module: packages/cloud_firestore_web/src/internals.dart
[        ] MetadataProvider: Loaded debug metadata for module: packages/relief_dashboard/main.dart
[        ] Loaded debug metadata for module: packages/relief_dashboard/main.dart
[        ] MetadataProvider: Loaded debug metadata for module: packages/relief_dashboard/widgets/auth_gate.dart
[        ] Loaded debug metadata for module: packages/relief_dashboard/widgets/auth_gate.dart
[        ] MetadataProvider: Loaded debug metadata for module: packages/relief_dashboard/services/auth_service.dart
[        ] Loaded debug metadata for module: packages/relief_dashboard/services/auth_service.dart
[        ] MetadataProvider: Loaded debug metadata for module: packages/relief_dashboard/models/user_model.dart
[        ] Loaded debug metadata for module: packages/relief_dashboard/models/user_model.dart
[        ] MetadataProvider: Loaded debug metadata for module: packages/firebase_auth/firebase_auth.dart
[        ] Loaded debug metadata for module: packages/firebase_auth/firebase_auth.dart
[        ] MetadataProvider: Loaded debug metadata for module: packages/cloud_firestore/cloud_firestore.dart
[        ] Loaded debug metadata for module: packages/cloud_firestore/cloud_firestore.dart
[        ] MetadataProvider: Loaded debug metadata for module: packages/relief_dashboard/screens/volunteer_home.dart
[        ] Loaded debug metadata for module: packages/relief_dashboard/screens/volunteer_home.dart
[        ] MetadataProvider: Loaded debug metadata for module: packages/relief_dashboard/screens/new_request_screen.dart
[        ] Loaded debug metadata for module: packages/relief_dashboard/screens/new_request_screen.dart
[        ] MetadataProvider: Loaded debug metadata for module: packages/relief_dashboard/theme/app_theme.dart
[        ] Loaded debug metadata for module: packages/relief_dashboard/theme/app_theme.dart
[        ] MetadataProvider: Loaded debug metadata for module: packages/relief_dashboard/services/firestore_service.dart
[        ] Loaded debug metadata for module: packages/relief_dashboard/services/firestore_service.dart
[        ] MetadataProvider: Loaded debug metadata for module: packages/relief_dashboard/models/warehouse.dart
[        ] Loaded debug metadata for module: packages/relief_dashboard/models/warehouse.dart
[        ] MetadataProvider: Loaded debug metadata for module: packages/relief_dashboard/models/relief_request.dart
[        ] Loaded debug metadata for module: packages/relief_dashboard/models/relief_request.dart
[        ] MetadataProvider: Loaded debug metadata for module: packages/relief_dashboard/models/inventory_item.dart
[        ] Loaded debug metadata for module: packages/relief_dashboard/models/inventory_item.dart
[        ] MetadataProvider: Loaded debug metadata for module: packages/image_picker/image_picker.dart
[        ] Loaded debug metadata for module: packages/image_picker/image_picker.dart
[        ] MetadataProvider: Loaded debug metadata for module: packages/firebase_storage/firebase_storage.dart
[        ] Loaded debug metadata for module: packages/firebase_storage/firebase_storage.dart
[        ] MetadataProvider: Loaded debug metadata for module: packages/firebase_storage/src/utils.dart
[        ] Loaded debug metadata for module: packages/firebase_storage/src/utils.dart
[        ] MetadataProvider: Loaded debug metadata for module: packages/provider/provider.dart
[        ] Loaded debug metadata for module: packages/provider/provider.dart
[        ] MetadataProvider: Loaded debug metadata for module: packages/provider/src/value_listenable_provider.dart
[        ] Loaded debug metadata for module: packages/provider/src/value_listenable_provider.dart
[        ] MetadataProvider: Loaded debug metadata for module: packages/provider/src/provider.dart
[        ] Loaded debug metadata for module: packages/provider/src/provider.dart
[        ] MetadataProvider: Loaded debug metadata for module: packages/provider/src/reassemble_handler.dart
[        ] Loaded debug metadata for module: packages/provider/src/reassemble_handler.dart
[        ] MetadataProvider: Loaded debug metadata for module: packages/nested/nested.dart
[        ] Loaded debug metadata for module: packages/nested/nested.dart
[        ] MetadataProvider: Loaded debug metadata for module: packages/provider/src/selector.dart
[        ] Loaded debug metadata for module: packages/provider/src/selector.dart
[        ] MetadataProvider: Loaded debug metadata for module: packages/provider/src/proxy_provider.dart
[        ] Loaded debug metadata for module: packages/provider/src/proxy_provider.dart
[        ] MetadataProvider: Loaded debug metadata for module: packages/provider/src/listenable_provider.dart
[        ] Loaded debug metadata for module: packages/provider/src/listenable_provider.dart
[        ] MetadataProvider: Loaded debug metadata for module: packages/provider/src/async_provider.dart
[        ] Loaded debug metadata for module: packages/provider/src/async_provider.dart
[        ] MetadataProvider: Loaded debug metadata for module: packages/geolocator/geolocator.dart
[        ] Loaded debug metadata for module: packages/geolocator/geolocator.dart
[        ] MetadataProvider: Loaded debug metadata for module: packages/geolocator_apple/geolocator_apple.dart
[        ] Loaded debug metadata for module: packages/geolocator_apple/geolocator_apple.dart
[        ] MetadataProvider: Loaded debug metadata for module: packages/geolocator_apple/src/types/apple_settings.dart
[        ] Loaded debug metadata for module: packages/geolocator_apple/src/types/apple_settings.dart
[        ] MetadataProvider: Loaded debug metadata for module: packages/geolocator_apple/src/types/activity_type.dart
[        ] Loaded debug metadata for module: packages/geolocator_apple/src/types/activity_type.dart
[        ] MetadataProvider: Loaded debug metadata for module: packages/geolocator_apple/src/geolocator_apple.dart
[        ] Loaded debug metadata for module: packages/geolocator_apple/src/geolocator_apple.dart
[        ] MetadataProvider: Loaded debug metadata for module: packages/geolocator_android/src/geolocator_android.dart
[        ] Loaded debug metadata for module: packages/geolocator_android/src/geolocator_android.dart
[        ] MetadataProvider: Loaded debug metadata for module: packages/geolocator_android/src/types/foreground_settings.dart
[        ] Loaded debug metadata for module: packages/geolocator_android/src/types/foreground_settings.dart
[        ] MetadataProvider: Loaded debug metadata for module: packages/geolocator_android/src/types/android_position.dart
[        ] Loaded debug metadata for module: packages/geolocator_android/src/types/android_position.dart
[        ] MetadataProvider: Loaded debug metadata for module: packages/geolocator_android/src/types/android_settings.dart
[        ] Loaded debug metadata for module: packages/geolocator_android/src/types/android_settings.dart
[        ] MetadataProvider: Loaded debug metadata for module: packages/uuid/v8generic.dart
[        ] Loaded debug metadata for module: packages/uuid/v8generic.dart
[        ] MetadataProvider: Loaded debug metadata for module: packages/uuid/constants.dart
[        ] Loaded debug metadata for module: packages/uuid/constants.dart
[        ] MetadataProvider: Loaded debug metadata for module: packages/uuid/data.dart
[        ] Loaded debug metadata for module: packages/uuid/data.dart
[        ] MetadataProvider: Loaded debug metadata for module: packages/uuid/rng.dart
[        ] Loaded debug metadata for module: packages/uuid/rng.dart
[        ] MetadataProvider: Loaded debug metadata for module: packages/fixnum/fixnum.dart
[        ] Loaded debug metadata for module: packages/fixnum/fixnum.dart
[        ] MetadataProvider: Loaded debug metadata for module: packages/fixnum/src/intx.dart
[        ] Loaded debug metadata for module: packages/fixnum/src/intx.dart
[        ] MetadataProvider: Loaded debug metadata for module: packages/fixnum/src/utilities.dart
[        ] Loaded debug metadata for module: packages/fixnum/src/utilities.dart
[        ] MetadataProvider: Loaded debug metadata for module: packages/crypto/crypto.dart
[        ] Loaded debug metadata for module: packages/crypto/crypto.dart
[        ] MetadataProvider: Loaded debug metadata for module: packages/crypto/src/sha512.dart
[        ] Loaded debug metadata for module: packages/crypto/src/sha512.dart
[        ] MetadataProvider: Loaded debug metadata for module: packages/crypto/src/utils.dart
[        ] Loaded debug metadata for module: packages/crypto/src/utils.dart
[        ] MetadataProvider: Loaded debug metadata for module: packages/crypto/src/sha512_slowsinks.dart
[        ] Loaded debug metadata for module: packages/crypto/src/sha512_slowsinks.dart
[        ] MetadataProvider: Loaded debug metadata for module: packages/crypto/src/hash_sink.dart
[        ] Loaded debug metadata for module: packages/crypto/src/hash_sink.dart
[        ] MetadataProvider: Loaded debug metadata for module: packages/crypto/src/digest.dart
[        ] Loaded debug metadata for module: packages/crypto/src/digest.dart
[        ] MetadataProvider: Loaded debug metadata for module: packages/crypto/src/hash.dart
[        ] Loaded debug metadata for module: packages/crypto/src/hash.dart
[        ] MetadataProvider: Loaded debug metadata for module: packages/crypto/src/digest_sink.dart
[        ] Loaded debug metadata for module: packages/crypto/src/digest_sink.dart
[        ] MetadataProvider: Loaded debug metadata for module: packages/crypto/src/sha256.dart
[        ] Loaded debug metadata for module: packages/crypto/src/sha256.dart
[        ] MetadataProvider: Loaded debug metadata for module: packages/crypto/src/sha1.dart
[        ] Loaded debug metadata for module: packages/crypto/src/sha1.dart
[        ] MetadataProvider: Loaded debug metadata for module: packages/crypto/src/md5.dart
[        ] Loaded debug metadata for module: packages/crypto/src/md5.dart
[        ] MetadataProvider: Loaded debug metadata for module: packages/crypto/src/hmac.dart
[        ] Loaded debug metadata for module: packages/crypto/src/hmac.dart
[        ] MetadataProvider: Loaded debug metadata for module: packages/relief_dashboard/screens/my_requests_screen.dart
[        ] Loaded debug metadata for module: packages/relief_dashboard/screens/my_requests_screen.dart
[        ] MetadataProvider: Loaded debug metadata for module: packages/relief_dashboard/screens/request_detail_screen.dart
[        ] Loaded debug metadata for module: packages/relief_dashboard/screens/request_detail_screen.dart
[        ] MetadataProvider: Loaded debug metadata for module: packages/relief_dashboard/widgets/urgency_badge.dart
[        ] Loaded debug metadata for module: packages/relief_dashboard/widgets/urgency_badge.dart
[        ] MetadataProvider: Loaded debug metadata for module: packages/relief_dashboard/widgets/status_badge.dart
[        ] Loaded debug metadata for module: packages/relief_dashboard/widgets/status_badge.dart
[        ] MetadataProvider: Loaded debug metadata for module: packages/latlong2/latlong.dart
[        ] Loaded debug metadata for module: packages/latlong2/latlong.dart
[        ] MetadataProvider: Loaded debug metadata for module: packages/intl/src/intl/number_parser_base.dart
[        ] Loaded debug metadata for module: packages/intl/src/intl/number_parser_base.dart
[        ] MetadataProvider: Loaded debug metadata for module: packages/intl/src/intl/text_direction.dart
[        ] Loaded debug metadata for module: packages/intl/src/intl/text_direction.dart
[        ] MetadataProvider: Loaded debug metadata for module: packages/intl/src/intl/number_format_parser.dart
[        ] Loaded debug metadata for module: packages/intl/src/intl/number_format_parser.dart
[        ] MetadataProvider: Loaded debug metadata for module: packages/intl/src/intl/string_stack.dart
[        ] Loaded debug metadata for module: packages/intl/src/intl/string_stack.dart
[        ] MetadataProvider: Loaded debug metadata for module: packages/intl/number_symbols_data.dart
[        ] Loaded debug metadata for module: packages/intl/number_symbols_data.dart
[        ] MetadataProvider: Loaded debug metadata for module: packages/intl/number_symbols.dart
[        ] Loaded debug metadata for module: packages/intl/number_symbols.dart
[        ] MetadataProvider: Loaded debug metadata for module: packages/intl/src/intl/constants.dart
[        ] Loaded debug metadata for module: packages/intl/src/intl/constants.dart
[        ] MetadataProvider: Loaded debug metadata for module: packages/intl/src/plural_rules.dart
[        ] Loaded debug metadata for module: packages/intl/src/plural_rules.dart
[        ] MetadataProvider: Loaded debug metadata for module: packages/intl/src/global_state.dart
[        ] Loaded debug metadata for module: packages/intl/src/global_state.dart
[        ] MetadataProvider: Loaded debug metadata for module: packages/intl/src/intl/micro_money.dart
[        ] Loaded debug metadata for module: packages/intl/src/intl/micro_money.dart
[        ] MetadataProvider: Loaded debug metadata for module: packages/intl/src/intl/regexp.dart
[        ] Loaded debug metadata for module: packages/intl/src/intl/regexp.dart
[        ] MetadataProvider: Loaded debug metadata for module: packages/intl/src/intl/date_computation.dart
[        ] Loaded debug metadata for module: packages/intl/src/intl/date_computation.dart
[        ] MetadataProvider: Loaded debug metadata for module: packages/intl/src/intl/date_builder.dart
[        ] Loaded debug metadata for module: packages/intl/src/intl/date_builder.dart
[        ] MetadataProvider: Loaded debug metadata for module: packages/clock/src/stopwatch.dart
[        ] Loaded debug metadata for module: packages/clock/src/stopwatch.dart
[        ] MetadataProvider: Loaded debug metadata for module: packages/clock/src/utils.dart
[        ] Loaded debug metadata for module: packages/clock/src/utils.dart
[        ] MetadataProvider: Loaded debug metadata for module: packages/intl/date_symbols.dart
[        ] Loaded debug metadata for module: packages/intl/date_symbols.dart
[        ] MetadataProvider: Loaded debug metadata for module: packages/intl/src/intl/bidi_formatter.dart
[        ] Loaded debug metadata for module: packages/intl/src/intl/bidi_formatter.dart
[        ] MetadataProvider: Loaded debug metadata for module: packages/intl/src/intl/bidi.dart
[        ] Loaded debug metadata for module: packages/intl/src/intl/bidi.dart
[        ] MetadataProvider: Loaded debug metadata for module: packages/latlong2/spline.dart
[        ] Loaded debug metadata for module: packages/latlong2/spline.dart
[        ] MetadataProvider: Loaded debug metadata for module: packages/flutter_map/src/map/widget.dart
[        ] Loaded debug metadata for module: packages/flutter_map/src/map/widget.dart
[        ] MetadataProvider: Loaded debug metadata for module: packages/flutter_map/src/misc/extensions.dart
[        ] Loaded debug metadata for module: packages/flutter_map/src/misc/extensions.dart
[        ] MetadataProvider: Loaded debug metadata for module: packages/flutter_map/src/misc/deg_rad_conversions.dart
[        ] Loaded debug metadata for module: packages/flutter_map/src/misc/deg_rad_conversions.dart
[        ] MetadataProvider: Loaded debug metadata for module: packages/flutter_map/src/map/options/cursor_keyboard_rotation.dart
[        ] Loaded debug metadata for module: packages/flutter_map/src/map/options/cursor_keyboard_rotation.dart
[        ] MetadataProvider: Loaded debug metadata for module: packages/http/retry.dart
[        ] Loaded debug metadata for module: packages/http/retry.dart
[        ] MetadataProvider: Loaded debug metadata for module: packages/flutter_map/src/layer/tile_layer/tile_provider/network/image_provider/consolidate_response.dart
[        ] Loaded debug metadata for module: packages/flutter_map/src/layer/tile_layer/tile_provider/network/image_provider/consolidate_response.dart
[        ] MetadataProvider: Loaded debug metadata for module: packages/flutter_map/src/dart_io/http_status.dart
[        ] Loaded debug metadata for module: packages/flutter_map/src/dart_io/http_status.dart
[        ] MetadataProvider: Loaded debug metadata for module: packages/flutter_map/src/dart_io/http_headers.dart
[        ] Loaded debug metadata for module: packages/flutter_map/src/dart_io/http_headers.dart
[        ] MetadataProvider: Loaded debug metadata for module: packages/flutter_map/src/dart_io/http_date.dart
[        ] Loaded debug metadata for module: packages/flutter_map/src/dart_io/http_date.dart
[        ] MetadataProvider: Loaded debug metadata for module: packages/flutter_map/src/dart_io/http_exception.dart
[        ] Loaded debug metadata for module: packages/flutter_map/src/dart_io/http_exception.dart
[        ] MetadataProvider: Loaded debug metadata for module: packages/flutter_map/src/layer/tile_layer/tile_provider/network/caching/tile_read_failure_exception.dart
[        ] Loaded debug metadata for module: packages/flutter_map/src/layer/tile_layer/tile_provider/network/caching/tile_read_failure_exception.dart
[        ] MetadataProvider: Loaded debug metadata for module: packages/flutter_map/src/misc/bounds.dart
[        ] Loaded debug metadata for module: packages/flutter_map/src/misc/bounds.dart
[        ] MetadataProvider: Loaded debug metadata for module: packages/flutter_map/src/layer/shared/translucent_pointer.dart
[        ] Loaded debug metadata for module: packages/flutter_map/src/layer/shared/translucent_pointer.dart
[        ] MetadataProvider: Loaded debug metadata for module: packages/flutter_map/src/misc/simplify.dart
[        ] Loaded debug metadata for module: packages/flutter_map/src/misc/simplify.dart
[        ] MetadataProvider: Loaded debug metadata for module: packages/flutter_map/src/geo/crs.dart
[        ] Loaded debug metadata for module: packages/flutter_map/src/geo/crs.dart
[        ] MetadataProvider: Loaded debug metadata for module: packages/proj4dart/src/classes/projection_tuple.dart
[        ] Loaded debug metadata for module: packages/proj4dart/src/classes/projection_tuple.dart
[        ] MetadataProvider: Loaded debug metadata for module: packages/wkt_parser/wkt_parser.dart
[        ] Loaded debug metadata for module: packages/wkt_parser/wkt_parser.dart
[        ] MetadataProvider: Loaded debug metadata for module: packages/wkt_parser/src/proj_wkt.dart
[        ] Loaded debug metadata for module: packages/wkt_parser/src/proj_wkt.dart
[        ] MetadataProvider: Loaded debug metadata for module: packages/wkt_parser/src/process.dart
[        ] Loaded debug metadata for module: packages/wkt_parser/src/process.dart
[        ] MetadataProvider: Loaded debug metadata for module: packages/wkt_parser/src/parser.dart
[        ] Loaded debug metadata for module: packages/wkt_parser/src/parser.dart
[        ] MetadataProvider: Loaded debug metadata for module: packages/wkt_parser/src/clean_wkt.dart
[        ] Loaded debug metadata for module: packages/wkt_parser/src/clean_wkt.dart
[        ] MetadataProvider: Loaded debug metadata for module: packages/proj4dart/src/constants/values.dart
[        ] Loaded debug metadata for module: packages/proj4dart/src/constants/values.dart
[        ] MetadataProvider: Loaded debug metadata for module: packages/proj4dart/src/classes/point.dart
[        ] Loaded debug metadata for module: packages/proj4dart/src/classes/point.dart
[        ] MetadataProvider: Loaded debug metadata for module: packages/mgrs_dart/mgrs_dart.dart
[        ] Loaded debug metadata for module: packages/mgrs_dart/mgrs_dart.dart
[        ] MetadataProvider: Loaded debug metadata for module: packages/mgrs_dart/src/mgrs.dart
[        ] Loaded debug metadata for module: packages/mgrs_dart/src/mgrs.dart
[        ] MetadataProvider: Loaded debug metadata for module: packages/unicode/unicode.dart
[        ] Loaded debug metadata for module: packages/unicode/unicode.dart
[        ] MetadataProvider: Loaded debug metadata for module: packages/simple_sparse_list/simple_sparse_list.dart
[        ] Loaded debug metadata for module: packages/simple_sparse_list/simple_sparse_list.dart
[        ] MetadataProvider: Loaded debug metadata for module: packages/mgrs_dart/src/classes/utm.dart
[        ] Loaded debug metadata for module: packages/mgrs_dart/src/classes/utm.dart
[        ] MetadataProvider: Loaded debug metadata for module: packages/mgrs_dart/src/classes/lonlat.dart
[        ] Loaded debug metadata for module: packages/mgrs_dart/src/classes/lonlat.dart
[        ] MetadataProvider: Loaded debug metadata for module: packages/mgrs_dart/src/classes/bbox.dart
[        ] Loaded debug metadata for module: packages/mgrs_dart/src/classes/bbox.dart
[        ] MetadataProvider: Loaded debug metadata for module: packages/proj4dart/src/classes/proj_params.dart
[        ] Loaded debug metadata for module: packages/proj4dart/src/classes/proj_params.dart
[        ] MetadataProvider: Loaded debug metadata for module: packages/proj4dart/src/constants/units.dart
[        ] Loaded debug metadata for module: packages/proj4dart/src/constants/units.dart
[        ] MetadataProvider: Loaded debug metadata for module: packages/proj4dart/src/classes/unit.dart
[        ] Loaded debug metadata for module: packages/proj4dart/src/classes/unit.dart
[        ] MetadataProvider: Loaded debug metadata for module: packages/proj4dart/src/constants/prime_meridians.dart
[        ] Loaded debug metadata for module: packages/proj4dart/src/constants/prime_meridians.dart
[        ] MetadataProvider: Loaded debug metadata for module: packages/proj4dart/src/constants/datums.dart
[        ] Loaded debug metadata for module: packages/proj4dart/src/constants/datums.dart
[        ] MetadataProvider: Loaded debug metadata for module: packages/proj4dart/src/classes/constant_datum.dart
[        ] Loaded debug metadata for module: packages/proj4dart/src/classes/constant_datum.dart
[        ] MetadataProvider: Loaded debug metadata for module: packages/proj4dart/src/common/derive_constants.dart
[        ] Loaded debug metadata for module: packages/proj4dart/src/common/derive_constants.dart
[        ] MetadataProvider: Loaded debug metadata for module: packages/proj4dart/src/constants/ellipsoids.dart
[        ] Loaded debug metadata for module: packages/proj4dart/src/constants/ellipsoids.dart
[        ] MetadataProvider: Loaded debug metadata for module: packages/proj4dart/src/classes/ellipsoid.dart
[        ] Loaded debug metadata for module: packages/proj4dart/src/classes/ellipsoid.dart
[        ] MetadataProvider: Loaded debug metadata for module: packages/proj4dart/src/globals/nadgrid_store.dart
[        ] Loaded debug metadata for module: packages/proj4dart/src/globals/nadgrid_store.dart
[        ] MetadataProvider: Loaded debug metadata for module: packages/proj4dart/src/classes/datum.dart
[        ] Loaded debug metadata for module: packages/proj4dart/src/classes/datum.dart
[        ] MetadataProvider: Loaded debug metadata for module: packages/proj4dart/src/constants/faces.dart
[        ] Loaded debug metadata for module: packages/proj4dart/src/constants/faces.dart
[        ] MetadataProvider: Loaded debug metadata for module: packages/proj4dart/src/constants/areas.dart
[        ] Loaded debug metadata for module: packages/proj4dart/src/constants/areas.dart
[        ] MetadataProvider: Loaded debug metadata for module: packages/proj4dart/src/common/datum_utils.dart
[        ] Loaded debug metadata for module: packages/proj4dart/src/common/datum_utils.dart
[        ] MetadataProvider: Loaded debug metadata for module: packages/flutter_map/src/misc/point_in_polygon.dart
[        ] Loaded debug metadata for module: packages/flutter_map/src/misc/point_in_polygon.dart
[        ] MetadataProvider: Loaded debug metadata for module: packages/dart_earcut/dart_earcut.dart
[        ] Loaded debug metadata for module: packages/dart_earcut/dart_earcut.dart
[        ] MetadataProvider: Loaded debug metadata for module: packages/dart_polylabel2/dart_polylabel2.dart
[        ] Loaded debug metadata for module: packages/dart_polylabel2/dart_polylabel2.dart
[        ] MetadataProvider: Loaded debug metadata for module: packages/dart_polylabel2/src/point.dart
[        ] Loaded debug metadata for module: packages/dart_polylabel2/src/point.dart
[        ] MetadataProvider: Loaded debug metadata for module: packages/dart_polylabel2/src/impl.dart
[        ] Loaded debug metadata for module: packages/dart_polylabel2/src/impl.dart
[        ] MetadataProvider: Loaded debug metadata for module: packages/dart_polylabel2/src/utils.dart
[        ] Loaded debug metadata for module: packages/dart_polylabel2/src/utils.dart
[        ] MetadataProvider: Loaded debug metadata for module: packages/flutter_map/src/gestures/positioned_tap_detector_2.dart
[        ] Loaded debug metadata for module: packages/flutter_map/src/gestures/positioned_tap_detector_2.dart
[        ] MetadataProvider: Loaded debug metadata for module: packages/flutter_map/src/gestures/multi_finger_gesture.dart
[        ] Loaded debug metadata for module: packages/flutter_map/src/gestures/multi_finger_gesture.dart
[        ] MetadataProvider: Loaded debug metadata for module: packages/flutter_map/src/geo/latlng_bounds.dart
[        ] Loaded debug metadata for module: packages/flutter_map/src/geo/latlng_bounds.dart
[        ] MetadataProvider: Loaded debug metadata for module: packages/relief_dashboard/screens/map_screen.dart
[        ] Loaded debug metadata for module: packages/relief_dashboard/screens/map_screen.dart
[        ] MetadataProvider: Loaded debug metadata for module: packages/relief_dashboard/screens/login_screen.dart
[        ] Loaded debug metadata for module: packages/relief_dashboard/screens/login_screen.dart
[        ] MetadataProvider: Loaded debug metadata for module: packages/relief_dashboard/screens/signup_screen.dart
[        ] Loaded debug metadata for module: packages/relief_dashboard/screens/signup_screen.dart
[        ] MetadataProvider: Loaded debug metadata for module: packages/relief_dashboard/screens/admin_home.dart
[        ] Loaded debug metadata for module: packages/relief_dashboard/screens/admin_home.dart
[        ] MetadataProvider: Loaded debug metadata for module: packages/relief_dashboard/screens/inventory_screen.dart
[        ] Loaded debug metadata for module: packages/relief_dashboard/screens/inventory_screen.dart
[        ] MetadataProvider: Loaded debug metadata for module: packages/relief_dashboard/screens/inventory_form_sheet.dart
[        ] Loaded debug metadata for module: packages/relief_dashboard/screens/inventory_form_sheet.dart
[        ] MetadataProvider: Loaded debug metadata for module: packages/relief_dashboard/screens/dashboard_screen.dart
[        ] Loaded debug metadata for module: packages/relief_dashboard/screens/dashboard_screen.dart
[        ] MetadataProvider: Loaded debug metadata for module: packages/fl_chart/src/chart/scatter_chart/scatter_chart_helper.dart
[        ] Loaded debug metadata for module: packages/fl_chart/src/chart/scatter_chart/scatter_chart_helper.dart
[        ] MetadataProvider: Loaded debug metadata for module: packages/fl_chart/src/extensions/color_extension.dart
[        ] Loaded debug metadata for module: packages/fl_chart/src/extensions/color_extension.dart
[        ] MetadataProvider: Loaded debug metadata for module: packages/equatable/src/equatable_mixin.dart
[        ] Loaded debug metadata for module: packages/equatable/src/equatable_mixin.dart
[        ] MetadataProvider: Loaded debug metadata for module: packages/fl_chart/src/utils/utils.dart
[        ] Loaded debug metadata for module: packages/fl_chart/src/utils/utils.dart
[        ] MetadataProvider: Loaded debug metadata for module: packages/fl_chart/src/extensions/path_extension.dart
[        ] Loaded debug metadata for module: packages/fl_chart/src/extensions/path_extension.dart
[        ] MetadataProvider: Loaded debug metadata for module: packages/fl_chart/src/utils/path_drawing/dash_path.dart
[        ] Loaded debug metadata for module: packages/fl_chart/src/utils/path_drawing/dash_path.dart
[        ] MetadataProvider: Loaded debug metadata for module: packages/fl_chart/src/extensions/border_extension.dart
[        ] Loaded debug metadata for module: packages/fl_chart/src/extensions/border_extension.dart
[        ] MetadataProvider: Loaded debug metadata for module: packages/fl_chart/src/extensions/paint_extension.dart
[        ] Loaded debug metadata for module: packages/fl_chart/src/extensions/paint_extension.dart
[        ] MetadataProvider: Loaded debug metadata for module: packages/fl_chart/src/extensions/text_align_extension.dart
[        ] Loaded debug metadata for module: packages/fl_chart/src/extensions/text_align_extension.dart
[        ] MetadataProvider: Loaded debug metadata for module: packages/fl_chart/src/extensions/rrect_extension.dart
[        ] Loaded debug metadata for module: packages/fl_chart/src/extensions/rrect_extension.dart
[        ] MetadataProvider: Loaded debug metadata for module: packages/fl_chart/src/chart/base/base_chart/fl_touch_event.dart
[        ] Loaded debug metadata for module: packages/fl_chart/src/chart/base/base_chart/fl_touch_event.dart
[        ] MetadataProvider: Loaded debug metadata for module: packages/fl_chart/src/chart/base/custom_interactive_viewer.dart
[        ] Loaded debug metadata for module: packages/fl_chart/src/chart/base/custom_interactive_viewer.dart
[        ] MetadataProvider: Loaded debug metadata for module: packages/fl_chart/src/chart/base/axis_chart/transformation_config.dart
[        ] Loaded debug metadata for module: packages/fl_chart/src/chart/base/axis_chart/transformation_config.dart
[        ] MetadataProvider: Loaded debug metadata for module: packages/fl_chart/src/chart/base/axis_chart/scale_axis.dart
[        ] Loaded debug metadata for module: packages/fl_chart/src/chart/base/axis_chart/scale_axis.dart
[  +30 ms] MetadataProvider: Loaded debug metadata for module: packages/fl_chart/src/extensions/size_extension.dart
[        ] Loaded debug metadata for module: packages/fl_chart/src/extensions/size_extension.dart
[        ] MetadataProvider: Loaded debug metadata for module: packages/fl_chart/src/extensions/edge_insets_extension.dart
[        ] Loaded debug metadata for module: packages/fl_chart/src/extensions/edge_insets_extension.dart
[        ] MetadataProvider: Loaded debug metadata for module: packages/fl_chart/src/chart/base/axis_chart/side_titles/side_titles_flex.dart
[        ] Loaded debug metadata for module: packages/fl_chart/src/chart/base/axis_chart/side_titles/side_titles_flex.dart
[        ] MetadataProvider: Loaded debug metadata for module: packages/fl_chart/src/chart/base/line.dart
[        ] Loaded debug metadata for module: packages/fl_chart/src/chart/base/line.dart
[        ] MetadataProvider: Loaded debug metadata for module: packages/fl_chart/src/extensions/gradient_extension.dart
[        ] Loaded debug metadata for module: packages/fl_chart/src/extensions/gradient_extension.dart
[        ] MetadataProvider: Loaded debug metadata for module: packages/relief_dashboard/screens/admin_requests_screen.dart
[        ] Loaded debug metadata for module: packages/relief_dashboard/screens/admin_requests_screen.dart
[        ] MetadataProvider: Loaded debug metadata for module: packages/relief_dashboard/screens/allocation_sheet.dart
[        ] Loaded debug metadata for module: packages/relief_dashboard/screens/allocation_sheet.dart
[        ] MetadataProvider: Loaded debug metadata for module: packages/relief_dashboard/firebase_options.dart
[        ] Loaded debug metadata for module: packages/relief_dashboard/firebase_options.dart
[  +29 ms] DwdsInjector: Injected debugging metadata for entrypoint at http://127.0.0.1:5002/main_module.bootstrap.js
[        ] Injected debugging metadata for entrypoint at http://127.0.0.1:5002/main_module.bootstrap.js
[+20955 ms] ChromeProxyService: 666858493 Destroying isolate
[        ] 666858493 Destroying isolate
[   +2 ms] ChromeProxyService: Initializing expression compiler for main_module.bootstrap.js
[        ] Initializing expression compiler for main_module.bootstrap.js
[        ] MetadataProvider: Loading debug metadata...
[        ] Loading debug metadata...
[   +3 ms] MetadataProvider: Loaded debug metadata for module: web_entrypoint.dart
[        ] Loaded debug metadata for module: web_entrypoint.dart
[        ] MetadataProvider: Loaded debug metadata for module: web_plugin_registrant.dart
[        ] Loaded debug metadata for module: web_plugin_registrant.dart
[        ] MetadataProvider: Loaded debug metadata for module: packages/flutter_web_plugins/flutter_web_plugins.dart
[        ] Loaded debug metadata for module: packages/flutter_web_plugins/flutter_web_plugins.dart
[        ] MetadataProvider: Loaded debug metadata for module: packages/flutter_web_plugins/src/plugin_registry.dart
[        ] Loaded debug metadata for module: packages/flutter_web_plugins/src/plugin_registry.dart
[        ] MetadataProvider: Loaded debug metadata for module: packages/flutter/src/services/undo_manager.dart
[        ] Loaded debug metadata for module: packages/flutter/src/services/undo_manager.dart
[        ] MetadataProvider: Loaded debug metadata for module: packages/flutter/foundation.dart
[        ] Loaded debug metadata for module: packages/flutter/foundation.dart
[        ] MetadataProvider: Loaded debug metadata for module: packages/flutter/src/foundation/unicode.dart
[        ] Loaded debug metadata for module: packages/flutter/src/foundation/unicode.dart
[        ] MetadataProvider: Loaded debug metadata for module: packages/flutter/src/foundation/timeline.dart
[        ] Loaded debug metadata for module: packages/flutter/src/foundation/timeline.dart
[        ] MetadataProvider: Loaded debug metadata for module: packages/flutter/src/foundation/constants.dart
[        ] Loaded debug metadata for module: packages/flutter/src/foundation/constants.dart
[        ] MetadataProvider: Loaded debug metadata for module: packages/flutter/src/foundation/_timeline_web.dart
[        ] Loaded debug metadata for module: packages/flutter/src/foundation/_timeline_web.dart
[        ] MetadataProvider: Loaded debug metadata for module: packages/meta/meta.dart
[        ] Loaded debug metadata for module: packages/meta/meta.dart
[        ] MetadataProvider: Loaded debug metadata for module: packages/meta/meta_meta.dart
[        ] Loaded debug metadata for module: packages/meta/meta_meta.dart
[        ] MetadataProvider: Loaded debug metadata for module: packages/flutter/src/foundation/synchronous_future.dart
[        ] Loaded debug metadata for module: packages/flutter/src/foundation/synchronous_future.dart
[        ] MetadataProvider: Loaded debug metadata for module: packages/flutter/src/foundation/stack_frame.dart
[        ] Loaded debug metadata for module: packages/flutter/src/foundation/stack_frame.dart
[        ] MetadataProvider: Loaded debug metadata for module: packages/flutter/src/foundation/object.dart
[        ] Loaded debug metadata for module: packages/flutter/src/foundation/object.dart
[        ] MetadataProvider: Loaded debug metadata for module: packages/flutter/src/foundation/service_extensions.dart
[        ] Loaded debug metadata for module: packages/flutter/src/foundation/service_extensions.dart
[        ] MetadataProvider: Loaded debug metadata for module: packages/flutter/src/foundation/serialization.dart
[        ] Loaded debug metadata for module: packages/flutter/src/foundation/serialization.dart
[        ] MetadataProvider: Loaded debug metadata for module: packages/flutter/src/foundation/print.dart
[        ] Loaded debug metadata for module: packages/flutter/src/foundation/print.dart
[        ] MetadataProvider: Loaded debug metadata for module: packages/flutter/src/foundation/_platform_web.dart
[        ] Loaded debug metadata for module: packages/flutter/src/foundation/_platform_web.dart
[        ] MetadataProvider: Loaded debug metadata for module: packages/flutter/src/foundation/basic_types.dart
[        ] Loaded debug metadata for module: packages/flutter/src/foundation/basic_types.dart
[        ] MetadataProvider: Loaded debug metadata for module: packages/flutter/src/foundation/error_dumper.dart
[        ] Loaded debug metadata for module: packages/flutter/src/foundation/error_dumper.dart
[        ] MetadataProvider: Loaded debug metadata for module: packages/flutter/src/foundation/_error_dumper_web.dart
[        ] Loaded debug metadata for module: packages/flutter/src/foundation/_error_dumper_web.dart
[        ] MetadataProvider: Loaded debug metadata for module: packages/flutter/src/web.dart
[        ] Loaded debug metadata for module: packages/flutter/src/web.dart
[        ] MetadataProvider: Loaded debug metadata for module: packages/flutter/src/foundation/persistent_hash_map.dart
[        ] Loaded debug metadata for module: packages/flutter/src/foundation/persistent_hash_map.dart
[        ] MetadataProvider: Loaded debug metadata for module: packages/flutter/src/foundation/observer_list.dart
[        ] Loaded debug metadata for module: packages/flutter/src/foundation/observer_list.dart
[        ] MetadataProvider: Loaded debug metadata for module: packages/flutter/src/foundation/node.dart
[        ] Loaded debug metadata for module: packages/flutter/src/foundation/node.dart
[        ] MetadataProvider: Loaded debug metadata for module: packages/flutter/src/foundation/licenses.dart
[        ] Loaded debug metadata for module: packages/flutter/src/foundation/licenses.dart
[        ] MetadataProvider: Loaded debug metadata for module: packages/flutter/src/foundation/key.dart
[        ] Loaded debug metadata for module: packages/flutter/src/foundation/key.dart
[        ] MetadataProvider: Loaded debug metadata for module: packages/flutter/src/foundation/_isolates_web.dart
[        ] Loaded debug metadata for module: packages/flutter/src/foundation/_isolates_web.dart
[        ] MetadataProvider: Loaded debug metadata for module: packages/flutter/src/foundation/consolidate_response.dart
[        ] Loaded debug metadata for module: packages/flutter/src/foundation/consolidate_response.dart
[        ] MetadataProvider: Loaded debug metadata for module: packages/flutter/src/foundation/collections.dart
[        ] Loaded debug metadata for module: packages/flutter/src/foundation/collections.dart
[        ] MetadataProvider: Loaded debug metadata for module: packages/flutter/src/foundation/change_notifier.dart
[        ] Loaded debug metadata for module: packages/flutter/src/foundation/change_notifier.dart
[        ] MetadataProvider: Loaded debug metadata for module: packages/flutter/src/foundation/capabilities.dart
[        ] Loaded debug metadata for module: packages/flutter/src/foundation/capabilities.dart
[        ] MetadataProvider: Loaded debug metadata for module: packages/flutter/src/foundation/_capabilities_web.dart
[        ] Loaded debug metadata for module: packages/flutter/src/foundation/_capabilities_web.dart
[        ] MetadataProvider: Loaded debug metadata for module: packages/flutter/src/foundation/_bitfield_web.dart
[        ] Loaded debug metadata for module: packages/flutter/src/foundation/_bitfield_web.dart
[        ] MetadataProvider: Loaded debug metadata for module: packages/flutter/src/foundation/binding.dart
[        ] Loaded debug metadata for module: packages/flutter/src/foundation/binding.dart
[        ] MetadataProvider: Loaded debug metadata for module: packages/flutter/src/foundation/annotations.dart
[        ] Loaded debug metadata for module: packages/flutter/src/foundation/annotations.dart
[        ] MetadataProvider: Loaded debug metadata for module: packages/flutter/src/services/text_layout_metrics.dart
[        ] Loaded debug metadata for module: packages/flutter/src/services/text_layout_metrics.dart
[        ] MetadataProvider: Loaded debug metadata for module: packages/flutter/src/services/text_editing.dart
[        ] Loaded debug metadata for module: packages/flutter/src/services/text_editing.dart
[        ] MetadataProvider: Loaded debug metadata for module: packages/flutter/src/services/text_editing_delta.dart
[        ] Loaded debug metadata for module: packages/flutter/src/services/text_editing_delta.dart
[        ] MetadataProvider: Loaded debug metadata for module: packages/vector_math/vector_math_64.dart
[        ] Loaded debug metadata for module: packages/vector_math/vector_math_64.dart
[        ] MetadataProvider: Loaded debug metadata for module: packages/flutter/scheduler.dart
[        ] Loaded debug metadata for module: packages/flutter/scheduler.dart
[        ] MetadataProvider: Loaded debug metadata for module: packages/flutter/src/scheduler/ticker.dart
[        ] Loaded debug metadata for module: packages/flutter/src/scheduler/ticker.dart
[        ] MetadataProvider: Loaded debug metadata for module: packages/flutter/src/scheduler/binding.dart
[        ] Loaded debug metadata for module: packages/flutter/src/scheduler/binding.dart
[        ] MetadataProvider: Loaded debug metadata for module: packages/flutter/src/scheduler/priority.dart
[        ] Loaded debug metadata for module: packages/flutter/src/scheduler/priority.dart
[        ] MetadataProvider: Loaded debug metadata for module: packages/flutter/src/scheduler/service_extensions.dart
[        ] Loaded debug metadata for module: packages/flutter/src/scheduler/service_extensions.dart
[        ] MetadataProvider: Loaded debug metadata for module: packages/flutter/src/scheduler/debug.dart
[        ] Loaded debug metadata for module: packages/flutter/src/scheduler/debug.dart
[        ] MetadataProvider: Loaded debug metadata for module: packages/collection/collection.dart
[        ] Loaded debug metadata for module: packages/collection/collection.dart
[        ] MetadataProvider: Loaded debug metadata for module: packages/collection/src/wrappers.dart
[        ] Loaded debug metadata for module: packages/collection/src/wrappers.dart
[        ] MetadataProvider: Loaded debug metadata for module: packages/collection/src/union_set_controller.dart
[        ] Loaded debug metadata for module: packages/collection/src/union_set_controller.dart
[        ] MetadataProvider: Loaded debug metadata for module: packages/collection/src/union_set.dart
[        ] Loaded debug metadata for module: packages/collection/src/union_set.dart
[        ] MetadataProvider: Loaded debug metadata for module: packages/collection/src/queue_list.dart
[        ] Loaded debug metadata for module: packages/collection/src/queue_list.dart
[        ] MetadataProvider: Loaded debug metadata for module: packages/collection/src/priority_queue.dart
[        ] Loaded debug metadata for module: packages/collection/src/priority_queue.dart
[        ] MetadataProvider: Loaded debug metadata for module: packages/collection/src/utils.dart
[        ] Loaded debug metadata for module: packages/collection/src/utils.dart
[        ] MetadataProvider: Loaded debug metadata for module: packages/collection/src/list_extensions.dart
[        ] Loaded debug metadata for module: packages/collection/src/list_extensions.dart
[        ] MetadataProvider: Loaded debug metadata for module: packages/collection/src/equality.dart
[        ] Loaded debug metadata for module: packages/collection/src/equality.dart
[        ] MetadataProvider: Loaded debug metadata for module: packages/collection/src/comparators.dart
[        ] Loaded debug metadata for module: packages/collection/src/comparators.dart
[        ] MetadataProvider: Loaded debug metadata for module: packages/collection/src/algorithms.dart
[        ] Loaded debug metadata for module: packages/collection/src/algorithms.dart
[        ] MetadataProvider: Loaded debug metadata for module: packages/collection/src/iterable_zip.dart
[        ] Loaded debug metadata for module: packages/collection/src/iterable_zip.dart
[        ] MetadataProvider: Loaded debug metadata for module: packages/collection/src/iterable_extensions.dart
[        ] Loaded debug metadata for module: packages/collection/src/iterable_extensions.dart
[        ] MetadataProvider: Loaded debug metadata for module: packages/collection/src/functions.dart
[        ] Loaded debug metadata for module: packages/collection/src/functions.dart
[        ] MetadataProvider: Loaded debug metadata for module: packages/collection/src/equality_set.dart
[        ] Loaded debug metadata for module: packages/collection/src/equality_set.dart
[        ] MetadataProvider: Loaded debug metadata for module: packages/collection/src/equality_map.dart
[        ] Loaded debug metadata for module: packages/collection/src/equality_map.dart
[        ] MetadataProvider: Loaded debug metadata for module: packages/collection/src/combined_wrappers/combined_map.dart
[        ] Loaded debug metadata for module: packages/collection/src/combined_wrappers/combined_map.dart
[        ] MetadataProvider: Loaded debug metadata for module: packages/collection/src/combined_wrappers/combined_iterable.dart
[        ] Loaded debug metadata for module: packages/collection/src/combined_wrappers/combined_iterable.dart
[        ] MetadataProvider: Loaded debug metadata for module: packages/collection/src/combined_wrappers/combined_iterator.dart
[        ] Loaded debug metadata for module: packages/collection/src/combined_wrappers/combined_iterator.dart
[        ] MetadataProvider: Loaded debug metadata for module: packages/collection/src/combined_wrappers/combined_list.dart
[        ] Loaded debug metadata for module: packages/collection/src/combined_wrappers/combined_list.dart
[        ] MetadataProvider: Loaded debug metadata for module: packages/collection/src/canonicalized_map.dart
[        ] Loaded debug metadata for module: packages/collection/src/canonicalized_map.dart
[        ] MetadataProvider: Loaded debug metadata for module: packages/collection/src/boollist.dart
[        ] Loaded debug metadata for module: packages/collection/src/boollist.dart
[        ] MetadataProvider: Loaded debug metadata for module: packages/flutter/src/services/keyboard_key.g.dart
[        ] Loaded debug metadata for module: packages/flutter/src/services/keyboard_key.g.dart
[        ] MetadataProvider: Loaded debug metadata for module: packages/flutter/src/services/keyboard_maps.g.dart
[        ] Loaded debug metadata for module: packages/flutter/src/services/keyboard_maps.g.dart
[        ] MetadataProvider: Loaded debug metadata for module: packages/flutter/src/services/binary_messenger.dart
[        ] Loaded debug metadata for module: packages/flutter/src/services/binary_messenger.dart
[        ] MetadataProvider: Loaded debug metadata for module: packages/flutter/src/services/service_extensions.dart
[        ] Loaded debug metadata for module: packages/flutter/src/services/service_extensions.dart
[        ] MetadataProvider: Loaded debug metadata for module: packages/flutter/src/services/keyboard_inserted_content.dart
[        ] Loaded debug metadata for module: packages/flutter/src/services/keyboard_inserted_content.dart
[        ] MetadataProvider: Loaded debug metadata for module: packages/flutter/src/services/text_formatter.dart
[        ] Loaded debug metadata for module: packages/flutter/src/services/text_formatter.dart
[        ] MetadataProvider: Loaded debug metadata for module: packages/characters/characters.dart
[        ] Loaded debug metadata for module: packages/characters/characters.dart
[        ] MetadataProvider: Loaded debug metadata for module: packages/characters/src/extensions.dart
[        ] Loaded debug metadata for module: packages/characters/src/extensions.dart
[        ] MetadataProvider: Loaded debug metadata for module: packages/characters/src/characters_impl.dart
[        ] Loaded debug metadata for module: packages/characters/src/characters_impl.dart
[        ] MetadataProvider: Loaded debug metadata for module: packages/characters/src/grapheme_clusters/table.dart
[        ] Loaded debug metadata for module: packages/characters/src/grapheme_clusters/table.dart
[        ] MetadataProvider: Loaded debug metadata for module: packages/characters/src/grapheme_clusters/constants.dart
[        ] Loaded debug metadata for module: packages/characters/src/grapheme_clusters/constants.dart
[        ] MetadataProvider: Loaded debug metadata for module: packages/characters/src/grapheme_clusters/breaks.dart
[        ] Loaded debug metadata for module: packages/characters/src/grapheme_clusters/breaks.dart
[        ] MetadataProvider: Loaded debug metadata for module: packages/flutter/src/services/text_boundary.dart
[        ] Loaded debug metadata for module: packages/flutter/src/services/text_boundary.dart
[        ] MetadataProvider: Loaded debug metadata for module: packages/flutter/src/services/system_sound.dart
[        ] Loaded debug metadata for module: packages/flutter/src/services/system_sound.dart
[        ] MetadataProvider: Loaded debug metadata for module: packages/flutter/src/services/system_navigator.dart
[        ] Loaded debug metadata for module: packages/flutter/src/services/system_navigator.dart
[        ] MetadataProvider: Loaded debug metadata for module: packages/flutter/src/services/spell_check.dart
[        ] Loaded debug metadata for module: packages/flutter/src/services/spell_check.dart
[        ] MetadataProvider: Loaded debug metadata for module: packages/flutter/src/services/sensitive_content.dart
[        ] Loaded debug metadata for module: packages/flutter/src/services/sensitive_content.dart
[        ] MetadataProvider: Loaded debug metadata for module: packages/flutter/src/services/scribe.dart
[        ] Loaded debug metadata for module: packages/flutter/src/services/scribe.dart
[        ] MetadataProvider: Loaded debug metadata for module: packages/flutter/src/services/process_text.dart
[        ] Loaded debug metadata for module: packages/flutter/src/services/process_text.dart
[        ] MetadataProvider: Loaded debug metadata for module: packages/flutter/src/services/predictive_back_event.dart
[        ] Loaded debug metadata for module: packages/flutter/src/services/predictive_back_event.dart
[        ] MetadataProvider: Loaded debug metadata for module: packages/flutter/src/services/platform_views.dart
[        ] Loaded debug metadata for module: packages/flutter/src/services/platform_views.dart
[        ] MetadataProvider: Loaded debug metadata for module: packages/flutter/gestures.dart
[        ] Loaded debug metadata for module: packages/flutter/gestures.dart
[        ] MetadataProvider: Loaded debug metadata for module: packages/flutter/src/gestures/velocity_tracker.dart
[        ] Loaded debug metadata for module: packages/flutter/src/gestures/velocity_tracker.dart
[        ] MetadataProvider: Loaded debug metadata for module: packages/flutter/src/gestures/lsq_solver.dart
[        ] Loaded debug metadata for module: packages/flutter/src/gestures/lsq_solver.dart
[        ] MetadataProvider: Loaded debug metadata for module: packages/flutter/src/gestures/events.dart
[        ] Loaded debug metadata for module: packages/flutter/src/gestures/events.dart
[        ] MetadataProvider: Loaded debug metadata for module: packages/flutter/src/gestures/gesture_settings.dart
[        ] Loaded debug metadata for module: packages/flutter/src/gestures/gesture_settings.dart
[        ] MetadataProvider: Loaded debug metadata for module: packages/flutter/src/gestures/constants.dart
[        ] Loaded debug metadata for module: packages/flutter/src/gestures/constants.dart
[        ] MetadataProvider: Loaded debug metadata for module: packages/flutter/src/gestures/binding.dart
[        ] Loaded debug metadata for module: packages/flutter/src/gestures/binding.dart
[        ] MetadataProvider: Loaded debug metadata for module: packages/flutter/src/gestures/pointer_signal_resolver.dart
[        ] Loaded debug metadata for module: packages/flutter/src/gestures/pointer_signal_resolver.dart
[        ] MetadataProvider: Loaded debug metadata for module: packages/flutter/src/gestures/pointer_router.dart
[        ] Loaded debug metadata for module: packages/flutter/src/gestures/pointer_router.dart
[        ] MetadataProvider: Loaded debug metadata for module: packages/flutter/src/gestures/hit_test.dart
[        ] Loaded debug metadata for module: packages/flutter/src/gestures/hit_test.dart
[        ] MetadataProvider: Loaded debug metadata for module: packages/flutter/src/gestures/arena.dart
[        ] Loaded debug metadata for module: packages/flutter/src/gestures/arena.dart
[        ] MetadataProvider: Loaded debug metadata for module: packages/flutter/src/gestures/debug.dart
[        ] Loaded debug metadata for module: packages/flutter/src/gestures/debug.dart
[        ] MetadataProvider: Loaded debug metadata for module: packages/flutter/src/gestures/resampler.dart
[        ] Loaded debug metadata for module: packages/flutter/src/gestures/resampler.dart
[        ] MetadataProvider: Loaded debug metadata for module: packages/flutter/src/gestures/converter.dart
[        ] Loaded debug metadata for module: packages/flutter/src/gestures/converter.dart
[        ] MetadataProvider: Loaded debug metadata for module: packages/flutter/src/gestures/team.dart
[        ] Loaded debug metadata for module: packages/flutter/src/gestures/team.dart
[        ] MetadataProvider: Loaded debug metadata for module: packages/flutter/src/gestures/tap_and_drag.dart
[        ] Loaded debug metadata for module: packages/flutter/src/gestures/tap_and_drag.dart
[        ] MetadataProvider: Loaded debug metadata for module: packages/flutter/src/gestures/tap.dart
[        ] Loaded debug metadata for module: packages/flutter/src/gestures/tap.dart
[        ] MetadataProvider: Loaded debug metadata for module: packages/flutter/src/gestures/recognizer.dart
[        ] Loaded debug metadata for module: packages/flutter/src/gestures/recognizer.dart
[        ] MetadataProvider: Loaded debug metadata for module: packages/flutter/src/gestures/gesture_details.dart
[        ] Loaded debug metadata for module: packages/flutter/src/gestures/gesture_details.dart
[        ] MetadataProvider: Loaded debug metadata for module: packages/flutter/src/gestures/scale.dart
[        ] Loaded debug metadata for module: packages/flutter/src/gestures/scale.dart
[        ] MetadataProvider: Loaded debug metadata for module: packages/flutter/src/gestures/monodrag.dart
[        ] Loaded debug metadata for module: packages/flutter/src/gestures/monodrag.dart
[        ] MetadataProvider: Loaded debug metadata for module: packages/flutter/src/gestures/drag_details.dart
[        ] Loaded debug metadata for module: packages/flutter/src/gestures/drag_details.dart
[        ] MetadataProvider: Loaded debug metadata for module: packages/flutter/src/gestures/drag.dart
[        ] Loaded debug metadata for module: packages/flutter/src/gestures/drag.dart
[        ] MetadataProvider: Loaded debug metadata for module: packages/flutter/src/gestures/multitap.dart
[        ] Loaded debug metadata for module: packages/flutter/src/gestures/multitap.dart
[        ] MetadataProvider: Loaded debug metadata for module: packages/flutter/src/gestures/multidrag.dart
[        ] Loaded debug metadata for module: packages/flutter/src/gestures/multidrag.dart
[        ] MetadataProvider: Loaded debug metadata for module: packages/flutter/src/gestures/long_press.dart
[        ] Loaded debug metadata for module: packages/flutter/src/gestures/long_press.dart
[        ] MetadataProvider: Loaded debug metadata for module: packages/flutter/src/gestures/force_press.dart
[        ] Loaded debug metadata for module: packages/flutter/src/gestures/force_press.dart
[        ] MetadataProvider: Loaded debug metadata for module: packages/flutter/src/gestures/eager.dart
[        ] Loaded debug metadata for module: packages/flutter/src/gestures/eager.dart
[        ] MetadataProvider: Loaded debug metadata for module: packages/flutter/src/services/mouse_tracking.dart
[        ] Loaded debug metadata for module: packages/flutter/src/services/mouse_tracking.dart
[        ] MetadataProvider: Loaded debug metadata for module: packages/flutter/src/services/mouse_cursor.dart
[        ] Loaded debug metadata for module: packages/flutter/src/services/mouse_cursor.dart
[        ] MetadataProvider: Loaded debug metadata for module: packages/flutter/src/services/live_text.dart
[        ] Loaded debug metadata for module: packages/flutter/src/services/live_text.dart
[        ] MetadataProvider: Loaded debug metadata for module: packages/flutter/src/services/haptic_feedback.dart
[        ] Loaded debug metadata for module: packages/flutter/src/services/haptic_feedback.dart
[        ] MetadataProvider: Loaded debug metadata for module: packages/flutter/src/services/font_loader.dart
[        ] Loaded debug metadata for module: packages/flutter/src/services/font_loader.dart
[        ] MetadataProvider: Loaded debug metadata for module: packages/flutter/src/services/flutter_version.dart
[        ] Loaded debug metadata for module: packages/flutter/src/services/flutter_version.dart
[        ] MetadataProvider: Loaded debug metadata for module: packages/flutter/src/services/flavor.dart
[        ] Loaded debug metadata for module: packages/flutter/src/services/flavor.dart
[        ] MetadataProvider: Loaded debug metadata for module: packages/flutter/src/services/deferred_component.dart
[        ] Loaded debug metadata for module: packages/flutter/src/services/deferred_component.dart
[        ] MetadataProvider: Loaded debug metadata for module: packages/flutter/src/services/browser_context_menu.dart
[        ] Loaded debug metadata for module: packages/flutter/src/services/browser_context_menu.dart
[        ] MetadataProvider: Loaded debug metadata for module: packages/flutter/src/services/asset_manifest.dart
[        ] Loaded debug metadata for module: packages/flutter/src/services/asset_manifest.dart
[        ] MetadataProvider: Loaded debug metadata for module: packages/flutter/src/services/app_version.dart
[        ] Loaded debug metadata for module: packages/flutter/src/services/app_version.dart
[        ] MetadataProvider: Loaded debug metadata for module: packages/flutter_web_plugins/src/plugin_event_channel.dart
[        ] Loaded debug metadata for module: packages/flutter_web_plugins/src/plugin_event_channel.dart
[        ] MetadataProvider: Loaded debug metadata for module: packages/flutter_web_plugins/src/navigation/utils.dart
[        ] Loaded debug metadata for module: packages/flutter_web_plugins/src/navigation/utils.dart
[        ] MetadataProvider: Loaded debug metadata for module: packages/flutter_web_plugins/src/navigation/url_strategy.dart
[        ] Loaded debug metadata for module: packages/flutter_web_plugins/src/navigation/url_strategy.dart
[        ] MetadataProvider: Loaded debug metadata for module: packages/image_picker_for_web/image_picker_for_web.dart
[        ] Loaded debug metadata for module: packages/image_picker_for_web/image_picker_for_web.dart
[        ] MetadataProvider: Loaded debug metadata for module: packages/image_picker_for_web/src/pkg_web_tweaks.dart
[        ] Loaded debug metadata for module: packages/image_picker_for_web/src/pkg_web_tweaks.dart
[        ] MetadataProvider: Loaded debug metadata for module: packages/web/src/helpers/renames.dart
[        ] Loaded debug metadata for module: packages/web/src/helpers/renames.dart
[        ] MetadataProvider: Loaded debug metadata for module: packages/web/src/helpers/lists.dart
[        ] Loaded debug metadata for module: packages/web/src/helpers/lists.dart
[        ] MetadataProvider: Loaded debug metadata for module: packages/web/src/dom.dart
[        ] Loaded debug metadata for module: packages/web/src/dom.dart
[        ] MetadataProvider: Loaded debug metadata for module: packages/web/src/dom/web_animations_2.dart
[        ] Loaded debug metadata for module: packages/web/src/dom/web_animations_2.dart
[        ] MetadataProvider: Loaded debug metadata for module: packages/web/src/dom/server_timing.dart
[        ] Loaded debug metadata for module: packages/web/src/dom/server_timing.dart
[        ] MetadataProvider: Loaded debug metadata for module: packages/web/src/dom/css_typed_om.dart
[        ] Loaded debug metadata for module: packages/web/src/dom/css_typed_om.dart
[        ] MetadataProvider: Loaded debug metadata for module: packages/web/src/dom/geometry.dart
[        ] Loaded debug metadata for module: packages/web/src/dom/geometry.dart
[        ] MetadataProvider: Loaded debug metadata for module: packages/web/src/dom/pointerlock.dart
[        ] Loaded debug metadata for module: packages/web/src/dom/pointerlock.dart
[        ] MetadataProvider: Loaded debug metadata for module: packages/web/src/dom/fullscreen.dart
[        ] Loaded debug metadata for module: packages/web/src/dom/fullscreen.dart
[        ] MetadataProvider: Loaded debug metadata for module: packages/web/src/dom/css_view_transitions.dart
[        ] Loaded debug metadata for module: packages/web/src/dom/css_view_transitions.dart
[        ] MetadataProvider: Loaded debug metadata for module: packages/web/src/dom/webidl.dart
[        ] Loaded debug metadata for module: packages/web/src/dom/webidl.dart
[        ] MetadataProvider: Loaded debug metadata for module: packages/web/src/dom/webcryptoapi.dart
[        ] Loaded debug metadata for module: packages/web/src/dom/webcryptoapi.dart
[        ] MetadataProvider: Loaded debug metadata for module: packages/web/src/dom/video_rvfc.dart
[        ] Loaded debug metadata for module: packages/web/src/dom/video_rvfc.dart
[        ] MetadataProvider: Loaded debug metadata for module: packages/web/src/dom/vibration.dart
[        ] Loaded debug metadata for module: packages/web/src/dom/vibration.dart
[        ] MetadataProvider: Loaded debug metadata for module: packages/web/src/dom/trusted_types.dart
[        ] Loaded debug metadata for module: packages/web/src/dom/trusted_types.dart
[        ] MetadataProvider: Loaded debug metadata for module: packages/web/src/dom/trust_token_api.dart
[        ] Loaded debug metadata for module: packages/web/src/dom/trust_token_api.dart
[        ] MetadataProvider: Loaded debug metadata for module: packages/web/src/dom/referrer_policy.dart
[        ] Loaded debug metadata for module: packages/web/src/dom/referrer_policy.dart
[        ] MetadataProvider: Loaded debug metadata for module: packages/web/src/dom/private_network_access.dart
[        ] Loaded debug metadata for module: packages/web/src/dom/private_network_access.dart
[        ] MetadataProvider: Loaded debug metadata for module: packages/web/src/dom/attribution_reporting_api.dart
[        ] Loaded debug metadata for module: packages/web/src/dom/attribution_reporting_api.dart
[        ] MetadataProvider: Loaded debug metadata for module: packages/web/src/dom/requestidlecallback.dart
[        ] Loaded debug metadata for module: packages/web/src/dom/requestidlecallback.dart
[        ] MetadataProvider: Loaded debug metadata for module: packages/web/src/dom/mediasession.dart
[        ] Loaded debug metadata for module: packages/web/src/dom/mediasession.dart
[        ] MetadataProvider: Loaded debug metadata for module: packages/web/src/dom/screen_capture.dart
[        ] Loaded debug metadata for module: packages/web/src/dom/screen_capture.dart
[        ] MetadataProvider: Loaded debug metadata for module: packages/web/src/dom/image_capture.dart
[        ] Loaded debug metadata for module: packages/web/src/dom/image_capture.dart
[   +1 ms] MetadataProvider: Loaded debug metadata for module: packages/web/src/dom/media_playback_quality.dart
[        ] Loaded debug metadata for module: packages/web/src/dom/media_playback_quality.dart
[        ] MetadataProvider: Loaded debug metadata for module: packages/web/src/dom/entries_api.dart
[        ] Loaded debug metadata for module: packages/web/src/dom/entries_api.dart
[        ] MetadataProvider: Loaded debug metadata for module: packages/web/src/dom/fido.dart
[        ] Loaded debug metadata for module: packages/web/src/dom/fido.dart
[        ] MetadataProvider: Loaded debug metadata for module: packages/web/src/dom/web_otp.dart
[        ] Loaded debug metadata for module: packages/web/src/dom/web_otp.dart
[        ] MetadataProvider: Loaded debug metadata for module: packages/web/src/dom/fedcm.dart
[        ] Loaded debug metadata for module: packages/web/src/dom/fedcm.dart
[        ] MetadataProvider: Loaded debug metadata for module: packages/web/src/dom/digital_identities.dart
[        ] Loaded debug metadata for module: packages/web/src/dom/digital_identities.dart
[        ] MetadataProvider: Loaded debug metadata for module: packages/web/src/dom/webxr_hand_input.dart
[        ] Loaded debug metadata for module: packages/web/src/dom/webxr_hand_input.dart
[        ] MetadataProvider: Loaded debug metadata for module: packages/web/src/dom/webvtt.dart
[        ] Loaded debug metadata for module: packages/web/src/dom/webvtt.dart
[        ] MetadataProvider: Loaded debug metadata for module: packages/web/src/dom/webtransport.dart
[        ] Loaded debug metadata for module: packages/web/src/dom/webtransport.dart
[        ] MetadataProvider: Loaded debug metadata for module: packages/web/src/dom/websockets.dart
[        ] Loaded debug metadata for module: packages/web/src/dom/websockets.dart
[        ] MetadataProvider: Loaded debug metadata for module: packages/web/src/dom/webrtc_priority.dart
[        ] Loaded debug metadata for module: packages/web/src/dom/webrtc_priority.dart
[   +1 ms] MetadataProvider: Loaded debug metadata for module: packages/web/src/dom/webrtc_identity.dart
[        ] Loaded debug metadata for module: packages/web/src/dom/webrtc_identity.dart
[        ] MetadataProvider: Loaded debug metadata for module: packages/web/src/dom/webrtc_encoded_transform.dart
[        ] Loaded debug metadata for module: packages/web/src/dom/webrtc_encoded_transform.dart
[        ] MetadataProvider: Loaded debug metadata for module: packages/web/src/dom/webrtc.dart
[        ] Loaded debug metadata for module: packages/web/src/dom/webrtc.dart
[        ] MetadataProvider: Loaded debug metadata for module: packages/web/src/dom/mst_content_hint.dart
[   +1 ms] Loaded debug metadata for module: packages/web/src/dom/mst_content_hint.dart
[        ] MetadataProvider: Loaded debug metadata for module: packages/web/src/dom/webgpu.dart
[        ] Loaded debug metadata for module: packages/web/src/dom/webgpu.dart
[        ] MetadataProvider: Loaded debug metadata for module: packages/web/src/dom/webgl_multi_draw.dart
[        ] Loaded debug metadata for module: packages/web/src/dom/webgl_multi_draw.dart
[        ] MetadataProvider: Loaded debug metadata for module: packages/web/src/dom/webgl1.dart
[        ] Loaded debug metadata for module: packages/web/src/dom/webgl1.dart
[        ] MetadataProvider: Loaded debug metadata for module: packages/web/src/dom/webgl_lose_context.dart
[        ] Loaded debug metadata for module: packages/web/src/dom/webgl_lose_context.dart
[        ] MetadataProvider: Loaded debug metadata for module: packages/web/src/dom/webgl_draw_buffers.dart
[        ] Loaded debug metadata for module: packages/web/src/dom/webgl_draw_buffers.dart
[        ] MetadataProvider: Loaded debug metadata for module: packages/web/src/dom/webgl_depth_texture.dart
[        ] Loaded debug metadata for module: packages/web/src/dom/webgl_depth_texture.dart
[        ] MetadataProvider: Loaded debug metadata for module: packages/web/src/dom/webgl_debug_shaders.dart
[        ] Loaded debug metadata for module: packages/web/src/dom/webgl_debug_shaders.dart
[        ] MetadataProvider: Loaded debug metadata for module: packages/web/src/dom/webgl_debug_renderer_info.dart
[        ] Loaded debug metadata for module: packages/web/src/dom/webgl_debug_renderer_info.dart
[        ] MetadataProvider: Loaded debug metadata for module: packages/web/src/dom/webgl_compressed_texture_s3tc_srgb.dart
[        ] Loaded debug metadata for module: packages/web/src/dom/webgl_compressed_texture_s3tc_srgb.dart
[        ] MetadataProvider: Loaded debug metadata for module: packages/web/src/dom/webgl_compressed_texture_s3tc.dart
[        ] Loaded debug metadata for module: packages/web/src/dom/webgl_compressed_texture_s3tc.dart
[        ] MetadataProvider: Loaded debug metadata for module: packages/web/src/dom/webgl_compressed_texture_pvrtc.dart
[        ] Loaded debug metadata for module: packages/web/src/dom/webgl_compressed_texture_pvrtc.dart
[        ] MetadataProvider: Loaded debug metadata for module: packages/web/src/dom/webgl_compressed_texture_etc1.dart
[        ] Loaded debug metadata for module: packages/web/src/dom/webgl_compressed_texture_etc1.dart
[        ] MetadataProvider: Loaded debug metadata for module: packages/web/src/dom/webgl_compressed_texture_etc.dart
[        ] Loaded debug metadata for module: packages/web/src/dom/webgl_compressed_texture_etc.dart
[        ] MetadataProvider: Loaded debug metadata for module: packages/web/src/dom/webgl_compressed_texture_astc.dart
[        ] Loaded debug metadata for module: packages/web/src/dom/webgl_compressed_texture_astc.dart
[        ] MetadataProvider: Loaded debug metadata for module: packages/web/src/dom/webgl_color_buffer_float.dart
[        ] Loaded debug metadata for module: packages/web/src/dom/webgl_color_buffer_float.dart
[        ] MetadataProvider: Loaded debug metadata for module: packages/web/src/dom/webgl2.dart
[        ] Loaded debug metadata for module: packages/web/src/dom/webgl2.dart
[        ] MetadataProvider: Loaded debug metadata for module: packages/web/src/dom/webcodecs_vp9_codec_registration.dart
[        ] Loaded debug metadata for module: packages/web/src/dom/webcodecs_vp9_codec_registration.dart
[        ] MetadataProvider: Loaded debug metadata for module: packages/web/src/dom/webcodecs_hevc_codec_registration.dart
[        ] Loaded debug metadata for module: packages/web/src/dom/webcodecs_hevc_codec_registration.dart
[        ] MetadataProvider: Loaded debug metadata for module: packages/web/src/dom/webcodecs_avc_codec_registration.dart
[        ] Loaded debug metadata for module: packages/web/src/dom/webcodecs_avc_codec_registration.dart
[        ] MetadataProvider: Loaded debug metadata for module: packages/web/src/dom/webcodecs_av1_codec_registration.dart
[        ] Loaded debug metadata for module: packages/web/src/dom/webcodecs_av1_codec_registration.dart
[        ] MetadataProvider: Loaded debug metadata for module: packages/web/src/dom/webcodecs.dart
[        ] Loaded debug metadata for module: packages/web/src/dom/webcodecs.dart
[        ] MetadataProvider: Loaded debug metadata for module: packages/web/src/dom/webaudio.dart
[        ] Loaded debug metadata for module: packages/web/src/dom/webaudio.dart
[        ] MetadataProvider: Loaded debug metadata for module: packages/web/src/dom/web_bluetooth.dart
[        ] Loaded debug metadata for module: packages/web/src/dom/web_bluetooth.dart
[        ] MetadataProvider: Loaded debug metadata for module: packages/web/src/dom/wasm_js_api.dart
[        ] Loaded debug metadata for module: packages/web/src/dom/wasm_js_api.dart
[        ] MetadataProvider: Loaded debug metadata for module: packages/web/src/dom/url.dart
[        ] Loaded debug metadata for module: packages/web/src/dom/url.dart
[        ] MetadataProvider: Loaded debug metadata for module: packages/web/src/dom/touch_events.dart
[        ] Loaded debug metadata for module: packages/web/src/dom/touch_events.dart
[        ] MetadataProvider: Loaded debug metadata for module: packages/web/src/dom/svg_animations.dart
[        ] Loaded debug metadata for module: packages/web/src/dom/svg_animations.dart
[        ] MetadataProvider: Loaded debug metadata for module: packages/web/src/dom/sanitizer_api.dart
[        ] Loaded debug metadata for module: packages/web/src/dom/sanitizer_api.dart
[        ] MetadataProvider: Loaded debug metadata for module: packages/web/src/dom/saa_non_cookie_storage.dart
[        ] Loaded debug metadata for module: packages/web/src/dom/saa_non_cookie_storage.dart
[        ] MetadataProvider: Loaded debug metadata for module: packages/web/src/dom/resize_observer.dart
[        ] Loaded debug metadata for module: packages/web/src/dom/resize_observer.dart
[        ] MetadataProvider: Loaded debug metadata for module: packages/web/src/dom/reporting.dart
[        ] Loaded debug metadata for module: packages/web/src/dom/reporting.dart
[        ] MetadataProvider: Loaded debug metadata for module: packages/web/src/dom/pointerevents.dart
[        ] Loaded debug metadata for module: packages/web/src/dom/pointerevents.dart
[        ] MetadataProvider: Loaded debug metadata for module: packages/web/src/dom/paint_timing.dart
[        ] Loaded debug metadata for module: packages/web/src/dom/paint_timing.dart
[        ] MetadataProvider: Loaded debug metadata for module: packages/web/src/dom/ovr_multiview2.dart
[        ] Loaded debug metadata for module: packages/web/src/dom/ovr_multiview2.dart
[        ] MetadataProvider: Loaded debug metadata for module: packages/web/src/dom/orientation_sensor.dart
[        ] Loaded debug metadata for module: packages/web/src/dom/orientation_sensor.dart
[        ] MetadataProvider: Loaded debug metadata for module: packages/web/src/dom/generic_sensor.dart
[        ] Loaded debug metadata for module: packages/web/src/dom/generic_sensor.dart
[        ] MetadataProvider: Loaded debug metadata for module: packages/web/src/dom/orientation_event.dart
[        ] Loaded debug metadata for module: packages/web/src/dom/orientation_event.dart
[        ] MetadataProvider: Loaded debug metadata for module: packages/web/src/dom/oes_vertex_array_object.dart
[        ] Loaded debug metadata for module: packages/web/src/dom/oes_vertex_array_object.dart
[        ] MetadataProvider: Loaded debug metadata for module: packages/web/src/dom/oes_texture_half_float_linear.dart
[        ] Loaded debug metadata for module: packages/web/src/dom/oes_texture_half_float_linear.dart
[        ] MetadataProvider: Loaded debug metadata for module: packages/web/src/dom/oes_texture_half_float.dart
[        ] Loaded debug metadata for module: packages/web/src/dom/oes_texture_half_float.dart
[        ] MetadataProvider: Loaded debug metadata for module: packages/web/src/dom/oes_texture_float_linear.dart
[        ] Loaded debug metadata for module: packages/web/src/dom/oes_texture_float_linear.dart
[        ] MetadataProvider: Loaded debug metadata for module: packages/web/src/dom/oes_texture_float.dart
[        ] Loaded debug metadata for module: packages/web/src/dom/oes_texture_float.dart
[        ] MetadataProvider: Loaded debug metadata for module: packages/web/src/dom/oes_standard_derivatives.dart
[        ] Loaded debug metadata for module: packages/web/src/dom/oes_standard_derivatives.dart
[        ] MetadataProvider: Loaded debug metadata for module: packages/web/src/dom/oes_fbo_render_mipmap.dart
[        ] Loaded debug metadata for module: packages/web/src/dom/oes_fbo_render_mipmap.dart
[        ] MetadataProvider: Loaded debug metadata for module: packages/web/src/dom/oes_element_index_uint.dart
[        ] Loaded debug metadata for module: packages/web/src/dom/oes_element_index_uint.dart
[        ] MetadataProvider: Loaded debug metadata for module: packages/web/src/dom/oes_draw_buffers_indexed.dart
[        ] Loaded debug metadata for module: packages/web/src/dom/oes_draw_buffers_indexed.dart
[        ] MetadataProvider: Loaded debug metadata for module: packages/web/src/dom/mediastream_recording.dart
[        ] Loaded debug metadata for module: packages/web/src/dom/mediastream_recording.dart
[        ] MetadataProvider: Loaded debug metadata for module: packages/web/src/dom/mediacapture_transform.dart
[        ] Loaded debug metadata for module: packages/web/src/dom/mediacapture_transform.dart
[        ] MetadataProvider: Loaded debug metadata for module: packages/web/src/dom/mediacapture_fromelement.dart
[        ] Loaded debug metadata for module: packages/web/src/dom/mediacapture_fromelement.dart
[        ] MetadataProvider: Loaded debug metadata for module: packages/web/src/dom/mathml_core.dart
[        ] Loaded debug metadata for module: packages/web/src/dom/mathml_core.dart
[        ] MetadataProvider: Loaded debug metadata for module: packages/web/src/dom/largest_contentful_paint.dart
[        ] Loaded debug metadata for module: packages/web/src/dom/largest_contentful_paint.dart
[        ] MetadataProvider: Loaded debug metadata for module: packages/web/src/dom/khr_parallel_shader_compile.dart
[        ] Loaded debug metadata for module: packages/web/src/dom/khr_parallel_shader_compile.dart
[        ] MetadataProvider: Loaded debug metadata for module: packages/web/src/dom/intersection_observer.dart
[        ] Loaded debug metadata for module: packages/web/src/dom/intersection_observer.dart
[        ] MetadataProvider: Loaded debug metadata for module: packages/web/src/dom/gyroscope.dart
[        ] Loaded debug metadata for module: packages/web/src/dom/gyroscope.dart
[        ] MetadataProvider: Loaded debug metadata for module: packages/web/src/dom/filter_effects.dart
[        ] Loaded debug metadata for module: packages/web/src/dom/filter_effects.dart
[        ] MetadataProvider: Loaded debug metadata for module: packages/web/src/dom/ext_texture_norm16.dart
[        ] Loaded debug metadata for module: packages/web/src/dom/ext_texture_norm16.dart
[        ] MetadataProvider: Loaded debug metadata for module: packages/web/src/dom/ext_texture_filter_anisotropic.dart
[        ] Loaded debug metadata for module: packages/web/src/dom/ext_texture_filter_anisotropic.dart
[        ] MetadataProvider: Loaded debug metadata for module: packages/web/src/dom/ext_texture_compression_rgtc.dart
[        ] Loaded debug metadata for module: packages/web/src/dom/ext_texture_compression_rgtc.dart
[        ] MetadataProvider: Loaded debug metadata for module: packages/web/src/dom/ext_texture_compression_bptc.dart
[        ] Loaded debug metadata for module: packages/web/src/dom/ext_texture_compression_bptc.dart
[        ] MetadataProvider: Loaded debug metadata for module: packages/web/src/dom/ext_srgb.dart
[        ] Loaded debug metadata for module: packages/web/src/dom/ext_srgb.dart
[        ] MetadataProvider: Loaded debug metadata for module: packages/web/src/dom/ext_shader_texture_lod.dart
[        ] Loaded debug metadata for module: packages/web/src/dom/ext_shader_texture_lod.dart
[        ] MetadataProvider: Loaded debug metadata for module: packages/web/src/dom/ext_frag_depth.dart
[        ] Loaded debug metadata for module: packages/web/src/dom/ext_frag_depth.dart
[        ] MetadataProvider: Loaded debug metadata for module: packages/web/src/dom/ext_float_blend.dart
[        ] Loaded debug metadata for module: packages/web/src/dom/ext_float_blend.dart
[        ] MetadataProvider: Loaded debug metadata for module: packages/web/src/dom/ext_disjoint_timer_query_webgl2.dart
[        ] Loaded debug metadata for module: packages/web/src/dom/ext_disjoint_timer_query_webgl2.dart
[        ] MetadataProvider: Loaded debug metadata for module: packages/web/src/dom/ext_disjoint_timer_query.dart
[        ] Loaded debug metadata for module: packages/web/src/dom/ext_disjoint_timer_query.dart
[        ] MetadataProvider: Loaded debug metadata for module: packages/web/src/dom/ext_color_buffer_half_float.dart
[        ] Loaded debug metadata for module: packages/web/src/dom/ext_color_buffer_half_float.dart
[        ] MetadataProvider: Loaded debug metadata for module: packages/web/src/dom/ext_color_buffer_float.dart
[        ] Loaded debug metadata for module: packages/web/src/dom/ext_color_buffer_float.dart
[        ] MetadataProvider: Loaded debug metadata for module: packages/web/src/dom/ext_blend_minmax.dart
[        ] Loaded debug metadata for module: packages/web/src/dom/ext_blend_minmax.dart
[        ] MetadataProvider: Loaded debug metadata for module: packages/web/src/dom/encoding.dart
[        ] Loaded debug metadata for module: packages/web/src/dom/encoding.dart
[        ] MetadataProvider: Loaded debug metadata for module: packages/web/src/dom/dom_parsing.dart
[        ] Loaded debug metadata for module: packages/web/src/dom/dom_parsing.dart
[        ] MetadataProvider: Loaded debug metadata for module: packages/web/src/dom/css_view_transitions_2.dart
[        ] Loaded debug metadata for module: packages/web/src/dom/css_view_transitions_2.dart
[        ] MetadataProvider: Loaded debug metadata for module: packages/web/src/dom/css_transitions_2.dart
[        ] Loaded debug metadata for module: packages/web/src/dom/css_transitions_2.dart
[        ] MetadataProvider: Loaded debug metadata for module: packages/web/src/dom/css_transitions.dart
[        ] Loaded debug metadata for module: packages/web/src/dom/css_transitions.dart
[        ] MetadataProvider: Loaded debug metadata for module: packages/web/src/dom/css_paint_api.dart
[        ] Loaded debug metadata for module: packages/web/src/dom/css_paint_api.dart
[        ] MetadataProvider: Loaded debug metadata for module: packages/web/src/dom/css_masking.dart
[        ] Loaded debug metadata for module: packages/web/src/dom/css_masking.dart
[        ] MetadataProvider: Loaded debug metadata for module: packages/web/src/dom/css_fonts.dart
[        ] Loaded debug metadata for module: packages/web/src/dom/css_fonts.dart
[        ] MetadataProvider: Loaded debug metadata for module: packages/web/src/dom/css_counter_styles.dart
[        ] Loaded debug metadata for module: packages/web/src/dom/css_counter_styles.dart
[        ] MetadataProvider: Loaded debug metadata for module: packages/web/src/dom/css_contain.dart
[        ] Loaded debug metadata for module: packages/web/src/dom/css_contain.dart
[        ] MetadataProvider: Loaded debug metadata for module: packages/web/src/dom/css_conditional_5.dart
[        ] Loaded debug metadata for module: packages/web/src/dom/css_conditional_5.dart
[        ] MetadataProvider: Loaded debug metadata for module: packages/web/src/dom/css_conditional.dart
[        ] Loaded debug metadata for module: packages/web/src/dom/css_conditional.dart
[        ] MetadataProvider: Loaded debug metadata for module: packages/web/src/dom/css_cascade_6.dart
[        ] Loaded debug metadata for module: packages/web/src/dom/css_cascade_6.dart
[        ] MetadataProvider: Loaded debug metadata for module: packages/web/src/dom/css_cascade.dart
[        ] Loaded debug metadata for module: packages/web/src/dom/css_cascade.dart
[        ] MetadataProvider: Loaded debug metadata for module: packages/web/src/dom/css_animations_2.dart
[        ] Loaded debug metadata for module: packages/web/src/dom/css_animations_2.dart
[        ] MetadataProvider: Loaded debug metadata for module: packages/web/src/dom/css_animations.dart
[        ] Loaded debug metadata for module: packages/web/src/dom/css_animations.dart
[        ] MetadataProvider: Loaded debug metadata for module: packages/web/src/dom/csp.dart
[        ] Loaded debug metadata for module: packages/web/src/dom/csp.dart
[        ] MetadataProvider: Loaded debug metadata for module: packages/web/src/dom/cookie_store.dart
[        ] Loaded debug metadata for module: packages/web/src/dom/cookie_store.dart
[        ] MetadataProvider: Loaded debug metadata for module: packages/web/src/dom/console.dart
[        ] Loaded debug metadata for module: packages/web/src/dom/console.dart
[        ] MetadataProvider: Loaded debug metadata for module: packages/web/src/dom/compression.dart
[        ] Loaded debug metadata for module: packages/web/src/dom/compression.dart
[        ] MetadataProvider: Loaded debug metadata for module: packages/web/src/dom/angle_instanced_arrays.dart
[        ] Loaded debug metadata for module: packages/web/src/dom/angle_instanced_arrays.dart
[        ] MetadataProvider: Loaded debug metadata for module: packages/web/src/dom/accelerometer.dart
[        ] Loaded debug metadata for module: packages/web/src/dom/accelerometer.dart
[        ] MetadataProvider: Loaded debug metadata for module: packages/web/src/helpers/enums.dart
[        ] Loaded debug metadata for module: packages/web/src/helpers/enums.dart
[        ] MetadataProvider: Loaded debug metadata for module: packages/web/src/helpers/extensions.dart
[        ] Loaded debug metadata for module: packages/web/src/helpers/extensions.dart
[        ] MetadataProvider: Loaded debug metadata for module: packages/web/src/helpers/cross_origin.dart
[        ] Loaded debug metadata for module: packages/web/src/helpers/cross_origin.dart
[        ] MetadataProvider: Loaded debug metadata for module: packages/image_picker_for_web/src/image_resizer.dart
[        ] Loaded debug metadata for module: packages/image_picker_for_web/src/image_resizer.dart
[        ] MetadataProvider: Loaded debug metadata for module: packages/image_picker_for_web/src/image_resizer_utils.dart
[        ] Loaded debug metadata for module: packages/image_picker_for_web/src/image_resizer_utils.dart
[        ] MetadataProvider: Loaded debug metadata for module: packages/flutter/material.dart
[        ] Loaded debug metadata for module: packages/flutter/material.dart
[   +2 ms] MetadataProvider: Loaded debug metadata for module: packages/flutter/src/cupertino/text_form_field_row.dart
[        ] Loaded debug metadata for module: packages/flutter/src/cupertino/text_form_field_row.dart
[        ] MetadataProvider: Loaded debug metadata for module: packages/flutter/painting.dart
[        ] Loaded debug metadata for module: packages/flutter/painting.dart
[        ] MetadataProvider: Loaded debug metadata for module: packages/flutter/src/painting/placeholder_span.dart
[        ] Loaded debug metadata for module: packages/flutter/src/painting/placeholder_span.dart
[        ] MetadataProvider: Loaded debug metadata for module: packages/flutter/src/painting/text_scaler.dart
[        ] Loaded debug metadata for module: packages/flutter/src/painting/text_scaler.dart
[        ] MetadataProvider: Loaded debug metadata for module: packages/flutter/src/painting/basic_types.dart
[        ] Loaded debug metadata for module: packages/flutter/src/painting/basic_types.dart
[        ] MetadataProvider: Loaded debug metadata for module: packages/flutter/src/painting/colors.dart
[        ] Loaded debug metadata for module: packages/flutter/src/painting/colors.dart
[        ] MetadataProvider: Loaded debug metadata for module: packages/flutter/src/painting/star_border.dart
[        ] Loaded debug metadata for module: packages/flutter/src/painting/star_border.dart
[        ] MetadataProvider: Loaded debug metadata for module: packages/flutter/src/painting/stadium_border.dart
[        ] Loaded debug metadata for module: packages/flutter/src/painting/stadium_border.dart
[        ] MetadataProvider: Loaded debug metadata for module: packages/flutter/src/painting/rounded_rectangle_border.dart
[        ] Loaded debug metadata for module: packages/flutter/src/painting/rounded_rectangle_border.dart
[        ] MetadataProvider: Loaded debug metadata for module: packages/flutter/src/painting/circle_border.dart
[        ] Loaded debug metadata for module: packages/flutter/src/painting/circle_border.dart
[        ] MetadataProvider: Loaded debug metadata for module: packages/flutter/src/painting/borders.dart
[        ] Loaded debug metadata for module: packages/flutter/src/painting/borders.dart
[        ] MetadataProvider: Loaded debug metadata for module: packages/flutter/src/painting/edge_insets.dart
[        ] Loaded debug metadata for module: packages/flutter/src/painting/edge_insets.dart
[        ] MetadataProvider: Loaded debug metadata for module: packages/flutter/src/painting/debug.dart
[        ] Loaded debug metadata for module: packages/flutter/src/painting/debug.dart
[        ] MetadataProvider: Loaded debug metadata for module: packages/flutter/src/painting/border_radius.dart
[        ] Loaded debug metadata for module: packages/flutter/src/painting/border_radius.dart
[        ] MetadataProvider: Loaded debug metadata for module: packages/flutter/src/painting/shape_decoration.dart
[        ] Loaded debug metadata for module: packages/flutter/src/painting/shape_decoration.dart
[        ] MetadataProvider: Loaded debug metadata for module: packages/flutter/src/painting/_network_image_web.dart
[        ] Loaded debug metadata for module: packages/flutter/src/painting/_network_image_web.dart
[        ] MetadataProvider: Loaded debug metadata for module: packages/flutter/src/painting/image_stream.dart
[        ] Loaded debug metadata for module: packages/flutter/src/painting/image_stream.dart
[        ] MetadataProvider: Loaded debug metadata for module: packages/flutter/src/painting/image_cache.dart
[        ] Loaded debug metadata for module: packages/flutter/src/painting/image_cache.dart
[        ] MetadataProvider: Loaded debug metadata for module: packages/flutter/src/painting/binding.dart
[        ] Loaded debug metadata for module: packages/flutter/src/painting/binding.dart
[        ] MetadataProvider: Loaded debug metadata for module: packages/flutter/src/painting/shader_warm_up.dart
[        ] Loaded debug metadata for module: packages/flutter/src/painting/shader_warm_up.dart
[        ] MetadataProvider: Loaded debug metadata for module: packages/flutter/src/painting/_web_image_info_web.dart
[        ] Loaded debug metadata for module: packages/flutter/src/painting/_web_image_info_web.dart
[        ] MetadataProvider: Loaded debug metadata for module: packages/flutter/src/painting/gradient.dart
[        ] Loaded debug metadata for module: packages/flutter/src/painting/gradient.dart
[        ] MetadataProvider: Loaded debug metadata for module: packages/flutter/src/painting/alignment.dart
[        ] Loaded debug metadata for module: packages/flutter/src/painting/alignment.dart
[        ] MetadataProvider: Loaded debug metadata for module: packages/flutter/src/painting/decoration_image.dart
[        ] Loaded debug metadata for module: packages/flutter/src/painting/decoration_image.dart
[        ] MetadataProvider: Loaded debug metadata for module: packages/flutter/src/painting/box_fit.dart
[        ] Loaded debug metadata for module: packages/flutter/src/painting/box_fit.dart
[        ] MetadataProvider: Loaded debug metadata for module: packages/flutter/src/painting/decoration.dart
[        ] Loaded debug metadata for module: packages/flutter/src/painting/decoration.dart
[        ] MetadataProvider: Loaded debug metadata for module: packages/flutter/src/painting/box_shadow.dart
[        ] Loaded debug metadata for module: packages/flutter/src/painting/box_shadow.dart
[        ] MetadataProvider: Loaded debug metadata for module: packages/flutter/src/painting/box_decoration.dart
[        ] Loaded debug metadata for module: packages/flutter/src/painting/box_decoration.dart
[        ] MetadataProvider: Loaded debug metadata for module: packages/flutter/src/painting/box_border.dart
[        ] Loaded debug metadata for module: packages/flutter/src/painting/box_border.dart
[        ] MetadataProvider: Loaded debug metadata for module: packages/flutter/src/painting/paint_utilities.dart
[        ] Loaded debug metadata for module: packages/flutter/src/painting/paint_utilities.dart
[        ] MetadataProvider: Loaded debug metadata for module: packages/flutter/src/painting/oval_border.dart
[        ] Loaded debug metadata for module: packages/flutter/src/painting/oval_border.dart
[        ] MetadataProvider: Loaded debug metadata for module: packages/flutter/src/painting/notched_shapes.dart
[        ] Loaded debug metadata for module: packages/flutter/src/painting/notched_shapes.dart
[        ] MetadataProvider: Loaded debug metadata for module: packages/flutter/src/painting/matrix_utils.dart
[        ] Loaded debug metadata for module: packages/flutter/src/painting/matrix_utils.dart
[        ] MetadataProvider: Loaded debug metadata for module: packages/flutter/src/painting/linear_border.dart
[        ] Loaded debug metadata for module: packages/flutter/src/painting/linear_border.dart
[        ] MetadataProvider: Loaded debug metadata for module: packages/flutter/src/painting/image_resolution.dart
[        ] Loaded debug metadata for module: packages/flutter/src/painting/image_resolution.dart
[        ] MetadataProvider: Loaded debug metadata for module: packages/flutter/src/painting/image_decoder.dart
[        ] Loaded debug metadata for module: packages/flutter/src/painting/image_decoder.dart
[        ] MetadataProvider: Loaded debug metadata for module: packages/flutter/src/painting/geometry.dart
[        ] Loaded debug metadata for module: packages/flutter/src/painting/geometry.dart
[        ] MetadataProvider: Loaded debug metadata for module: packages/flutter/src/painting/fractional_offset.dart
[        ] Loaded debug metadata for module: packages/flutter/src/painting/fractional_offset.dart
[        ] MetadataProvider: Loaded debug metadata for module: packages/flutter/src/painting/flutter_logo.dart
[        ] Loaded debug metadata for module: packages/flutter/src/painting/flutter_logo.dart
[        ] MetadataProvider: Loaded debug metadata for module: packages/flutter/src/painting/continuous_rectangle_border.dart
[        ] Loaded debug metadata for module: packages/flutter/src/painting/continuous_rectangle_border.dart
[        ] MetadataProvider: Loaded debug metadata for module: packages/flutter/src/painting/clip.dart
[        ] Loaded debug metadata for module: packages/flutter/src/painting/clip.dart
[        ] MetadataProvider: Loaded debug metadata for module: packages/flutter/src/painting/beveled_rectangle_border.dart
[        ] Loaded debug metadata for module: packages/flutter/src/painting/beveled_rectangle_border.dart
[        ] MetadataProvider: Loaded debug metadata for module: packages/flutter/src/rendering/service_extensions.dart
[        ] Loaded debug metadata for module: packages/flutter/src/rendering/service_extensions.dart
[        ] MetadataProvider: Loaded debug metadata for module: packages/flutter/semantics.dart
[        ] Loaded debug metadata for module: packages/flutter/semantics.dart
[        ] MetadataProvider: Loaded debug metadata for module: packages/flutter/src/semantics/semantics_service.dart
[        ] Loaded debug metadata for module: packages/flutter/src/semantics/semantics_service.dart
[        ] MetadataProvider: Loaded debug metadata for module: packages/flutter/src/semantics/semantics_event.dart
[        ] Loaded debug metadata for module: packages/flutter/src/semantics/semantics_event.dart
[        ] MetadataProvider: Loaded debug metadata for module: packages/flutter/src/semantics/semantics.dart
[        ] Loaded debug metadata for module: packages/flutter/src/semantics/semantics.dart
[        ] MetadataProvider: Loaded debug metadata for module: packages/flutter/src/semantics/binding.dart
[        ] Loaded debug metadata for module: packages/flutter/src/semantics/binding.dart
[        ] MetadataProvider: Loaded debug metadata for module: packages/flutter/src/semantics/debug.dart
[        ] Loaded debug metadata for module: packages/flutter/src/semantics/debug.dart
[        ] MetadataProvider: Loaded debug metadata for module: packages/flutter/src/widgets/service_extensions.dart
[        ] Loaded debug metadata for module: packages/flutter/src/widgets/service_extensions.dart
[        ] MetadataProvider: Loaded debug metadata for module: packages/flutter/physics.dart
[        ] Loaded debug metadata for module: packages/flutter/physics.dart
[        ] MetadataProvider: Loaded debug metadata for module: packages/flutter/src/physics/utils.dart
[        ] Loaded debug metadata for module: packages/flutter/src/physics/utils.dart
[        ] MetadataProvider: Loaded debug metadata for module: packages/flutter/src/physics/tolerance.dart
[        ] Loaded debug metadata for module: packages/flutter/src/physics/tolerance.dart
[        ] MetadataProvider: Loaded debug metadata for module: packages/flutter/src/physics/spring_simulation.dart
[        ] Loaded debug metadata for module: packages/flutter/src/physics/spring_simulation.dart
[        ] MetadataProvider: Loaded debug metadata for module: packages/flutter/src/physics/simulation.dart
[        ] Loaded debug metadata for module: packages/flutter/src/physics/simulation.dart
[        ] MetadataProvider: Loaded debug metadata for module: packages/flutter/src/physics/gravity_simulation.dart
[        ] Loaded debug metadata for module: packages/flutter/src/physics/gravity_simulation.dart
[        ] MetadataProvider: Loaded debug metadata for module: packages/flutter/src/physics/friction_simulation.dart
[        ] Loaded debug metadata for module: packages/flutter/src/physics/friction_simulation.dart
[        ] MetadataProvider: Loaded debug metadata for module: packages/flutter/src/physics/clamped_simulation.dart
[        ] Loaded debug metadata for module: packages/flutter/src/physics/clamped_simulation.dart
[        ] MetadataProvider: Loaded debug metadata for module: packages/flutter/src/widgets/scroll_simulation.dart
[        ] Loaded debug metadata for module: packages/flutter/src/widgets/scroll_simulation.dart
[        ] MetadataProvider: Loaded debug metadata for module: packages/flutter/src/widgets/constants.dart
[        ] Loaded debug metadata for module: packages/flutter/src/widgets/constants.dart
[        ] MetadataProvider: Loaded debug metadata for module: packages/flutter/src/widgets/_web_browser_detection_web.dart
[        ] Loaded debug metadata for module: packages/flutter/src/widgets/_web_browser_detection_web.dart
[        ] MetadataProvider: Loaded debug metadata for module: packages/flutter/src/foundation/_features.dart
[        ] Loaded debug metadata for module: packages/flutter/src/foundation/_features.dart
[        ] MetadataProvider: Loaded debug metadata for module: packages/flutter/src/widgets/icon_data.dart
[        ] Loaded debug metadata for module: packages/flutter/src/widgets/icon_data.dart
[        ] MetadataProvider: Loaded debug metadata for module: packages/flutter/src/rendering/table_border.dart
[        ] Loaded debug metadata for module: packages/flutter/src/rendering/table_border.dart
[        ] MetadataProvider: Loaded debug metadata for module: packages/flutter/src/rendering/image_filter_config.dart
[        ] Loaded debug metadata for module: packages/flutter/src/rendering/image_filter_config.dart
[        ] MetadataProvider: Loaded debug metadata for module: packages/flutter/src/widgets/standard_component_type.dart
[        ] Loaded debug metadata for module: packages/flutter/src/widgets/standard_component_type.dart
[        ] MetadataProvider: Loaded debug metadata for module: packages/flutter/src/widgets/date.dart
[        ] Loaded debug metadata for module: packages/flutter/src/widgets/date.dart
[        ] MetadataProvider: Loaded debug metadata for module: packages/flutter/src/material/user_accounts_drawer_header.dart
[        ] Loaded debug metadata for module: packages/flutter/src/material/user_accounts_drawer_header.dart
[        ] MetadataProvider: Loaded debug metadata for module: packages/flutter/src/material/time.dart
[        ] Loaded debug metadata for module: packages/flutter/src/material/time.dart
[        ] MetadataProvider: Loaded debug metadata for module: packages/flutter/src/material/colors.dart
[        ] Loaded debug metadata for module: packages/flutter/src/material/colors.dart
[        ] MetadataProvider: Loaded debug metadata for module: packages/material_color_utilities/material_color_utilities.dart
[        ] Loaded debug metadata for module: packages/material_color_utilities/material_color_utilities.dart
[        ] MetadataProvider: Loaded debug metadata for module: packages/material_color_utilities/utils/string_utils.dart
[        ] Loaded debug metadata for module: packages/material_color_utilities/utils/string_utils.dart
[        ] MetadataProvider: Loaded debug metadata for module: packages/material_color_utilities/utils/color_utils.dart
[        ] Loaded debug metadata for module: packages/material_color_utilities/utils/color_utils.dart
[        ] MetadataProvider: Loaded debug metadata for module: packages/material_color_utilities/utils/math_utils.dart
[        ] Loaded debug metadata for module: packages/material_color_utilities/utils/math_utils.dart
[        ] MetadataProvider: Loaded debug metadata for module: packages/material_color_utilities/temperature/temperature_cache.dart
[        ] Loaded debug metadata for module: packages/material_color_utilities/temperature/temperature_cache.dart
[        ] MetadataProvider: Loaded debug metadata for module: packages/material_color_utilities/hct/hct.dart
[        ] Loaded debug metadata for module: packages/material_color_utilities/hct/hct.dart
[        ] MetadataProvider: Loaded debug metadata for module: packages/material_color_utilities/hct/viewing_conditions.dart
[        ] Loaded debug metadata for module: packages/material_color_utilities/hct/viewing_conditions.dart
[        ] MetadataProvider: Loaded debug metadata for module: packages/material_color_utilities/hct/src/hct_solver.dart
[        ] Loaded debug metadata for module: packages/material_color_utilities/hct/src/hct_solver.dart
[        ] MetadataProvider: Loaded debug metadata for module: packages/material_color_utilities/hct/cam16.dart
[        ] Loaded debug metadata for module: packages/material_color_utilities/hct/cam16.dart
[        ] MetadataProvider: Loaded debug metadata for module: packages/material_color_utilities/score/score.dart
[        ] Loaded debug metadata for module: packages/material_color_utilities/score/score.dart
[        ] MetadataProvider: Loaded debug metadata for module: packages/material_color_utilities/scheme/scheme_vibrant.dart
[        ] Loaded debug metadata for module: packages/material_color_utilities/scheme/scheme_vibrant.dart
[        ] MetadataProvider: Loaded debug metadata for module: packages/material_color_utilities/palettes/tonal_palette.dart
[        ] Loaded debug metadata for module: packages/material_color_utilities/palettes/tonal_palette.dart
[        ] MetadataProvider: Loaded debug metadata for module: packages/material_color_utilities/dynamiccolor/variant.dart
[        ] Loaded debug metadata for module: packages/material_color_utilities/dynamiccolor/variant.dart
[        ] MetadataProvider: Loaded debug metadata for module: packages/material_color_utilities/dynamiccolor/src/tone_delta_pair.dart
[        ] Loaded debug metadata for module: packages/material_color_utilities/dynamiccolor/src/tone_delta_pair.dart
[        ] MetadataProvider: Loaded debug metadata for module: packages/material_color_utilities/dynamiccolor/src/contrast_curve.dart
[        ] Loaded debug metadata for module: packages/material_color_utilities/dynamiccolor/src/contrast_curve.dart
[        ] MetadataProvider: Loaded debug metadata for module: packages/material_color_utilities/contrast/contrast.dart
[        ] Loaded debug metadata for module: packages/material_color_utilities/contrast/contrast.dart
[        ] MetadataProvider: Loaded debug metadata for module: packages/material_color_utilities/dislike/dislike_analyzer.dart
[        ] Loaded debug metadata for module: packages/material_color_utilities/dislike/dislike_analyzer.dart
[        ] MetadataProvider: Loaded debug metadata for module: packages/material_color_utilities/scheme/scheme_tonal_spot.dart
[        ] Loaded debug metadata for module: packages/material_color_utilities/scheme/scheme_tonal_spot.dart
[        ] MetadataProvider: Loaded debug metadata for module: packages/material_color_utilities/scheme/scheme_rainbow.dart
[        ] Loaded debug metadata for module: packages/material_color_utilities/scheme/scheme_rainbow.dart
[        ] MetadataProvider: Loaded debug metadata for module: packages/material_color_utilities/scheme/scheme_neutral.dart
[        ] Loaded debug metadata for module: packages/material_color_utilities/scheme/scheme_neutral.dart
[        ] MetadataProvider: Loaded debug metadata for module: packages/material_color_utilities/scheme/scheme_monochrome.dart
[        ] Loaded debug metadata for module: packages/material_color_utilities/scheme/scheme_monochrome.dart
[        ] MetadataProvider: Loaded debug metadata for module: packages/material_color_utilities/scheme/scheme_fruit_salad.dart
[        ] Loaded debug metadata for module: packages/material_color_utilities/scheme/scheme_fruit_salad.dart
[        ] MetadataProvider: Loaded debug metadata for module: packages/material_color_utilities/scheme/scheme_fidelity.dart
[        ] Loaded debug metadata for module: packages/material_color_utilities/scheme/scheme_fidelity.dart
[        ] MetadataProvider: Loaded debug metadata for module: packages/material_color_utilities/scheme/scheme_expressive.dart
[        ] Loaded debug metadata for module: packages/material_color_utilities/scheme/scheme_expressive.dart
[        ] MetadataProvider: Loaded debug metadata for module: packages/material_color_utilities/scheme/scheme_content.dart
[        ] Loaded debug metadata for module: packages/material_color_utilities/scheme/scheme_content.dart
[        ] MetadataProvider: Loaded debug metadata for module: packages/material_color_utilities/scheme/scheme.dart
[        ] Loaded debug metadata for module: packages/material_color_utilities/scheme/scheme.dart
[        ] MetadataProvider: Loaded debug metadata for module: packages/material_color_utilities/palettes/core_palette.dart
[        ] Loaded debug metadata for module: packages/material_color_utilities/palettes/core_palette.dart
[        ] MetadataProvider: Loaded debug metadata for module: packages/material_color_utilities/quantize/quantizer_wu.dart
[        ] Loaded debug metadata for module: packages/material_color_utilities/quantize/quantizer_wu.dart
[        ] MetadataProvider: Loaded debug metadata for module: packages/material_color_utilities/quantize/quantizer_map.dart
[        ] Loaded debug metadata for module: packages/material_color_utilities/quantize/quantizer_map.dart
[        ] MetadataProvider: Loaded debug metadata for module: packages/material_color_utilities/quantize/quantizer.dart
[        ] Loaded debug metadata for module: packages/material_color_utilities/quantize/quantizer.dart
[        ] MetadataProvider: Loaded debug metadata for module: packages/material_color_utilities/quantize/quantizer_wsmeans.dart
[        ] Loaded debug metadata for module: packages/material_color_utilities/quantize/quantizer_wsmeans.dart
[        ] MetadataProvider: Loaded debug metadata for module: packages/material_color_utilities/quantize/src/point_provider_lab.dart
[        ] Loaded debug metadata for module: packages/material_color_utilities/quantize/src/point_provider_lab.dart
[        ] MetadataProvider: Loaded debug metadata for module: packages/material_color_utilities/quantize/src/point_provider.dart
[        ] Loaded debug metadata for module: packages/material_color_utilities/quantize/src/point_provider.dart
[        ] MetadataProvider: Loaded debug metadata for module: packages/material_color_utilities/quantize/quantizer_celebi.dart
[        ] Loaded debug metadata for module: packages/material_color_utilities/quantize/quantizer_celebi.dart
[        ] MetadataProvider: Loaded debug metadata for module: packages/material_color_utilities/blend/blend.dart
[        ] Loaded debug metadata for module: packages/material_color_utilities/blend/blend.dart
[        ] MetadataProvider: Loaded debug metadata for module: packages/flutter/src/material/material_state.dart
[        ] Loaded debug metadata for module: packages/flutter/src/material/material_state.dart
[        ] MetadataProvider: Loaded debug metadata for module: packages/flutter/src/material/input_border.dart
[        ] Loaded debug metadata for module: packages/flutter/src/material/input_border.dart
[        ] MetadataProvider: Loaded debug metadata for module: packages/flutter/src/material/constants.dart
[        ] Loaded debug metadata for module: packages/flutter/src/material/constants.dart
[        ] MetadataProvider: Loaded debug metadata for module: packages/flutter/src/material/tooltip_visibility.dart
[        ] Loaded debug metadata for module: packages/flutter/src/material/tooltip_visibility.dart
[        ] MetadataProvider: Loaded debug metadata for module: packages/flutter/src/material/icons.dart
[        ] Loaded debug metadata for module: packages/flutter/src/material/icons.dart
[        ] MetadataProvider: Loaded debug metadata for module: packages/flutter/src/material/material_state_mixin.dart
[        ] Loaded debug metadata for module: packages/flutter/src/material/material_state_mixin.dart
[        ] MetadataProvider: Loaded debug metadata for module: packages/flutter/src/material/curves.dart
[        ] Loaded debug metadata for module: packages/flutter/src/material/curves.dart
[        ] MetadataProvider: Loaded debug metadata for module: packages/flutter/src/material/motion.dart
[        ] Loaded debug metadata for module: packages/flutter/src/material/motion.dart
[        ] MetadataProvider: Loaded debug metadata for module: packages/flutter/src/material/bottom_sheet_theme.dart
[        ] Loaded debug metadata for module: packages/flutter/src/material/bottom_sheet_theme.dart
[        ] MetadataProvider: Loaded debug metadata for module: packages/flutter/src/material/tab_indicator.dart
[        ] Loaded debug metadata for module: packages/flutter/src/material/tab_indicator.dart
[        ] MetadataProvider: Loaded debug metadata for module: packages/flutter/src/material/tab_controller.dart
[        ] Loaded debug metadata for module: packages/flutter/src/material/tab_controller.dart
[        ] MetadataProvider: Loaded debug metadata for module: packages/flutter/src/material/drawer_header.dart
[        ] Loaded debug metadata for module: packages/flutter/src/material/drawer_header.dart
[        ] MetadataProvider: Loaded debug metadata for module: packages/flutter/src/material/toggle_buttons.dart
[        ] Loaded debug metadata for module: packages/flutter/src/material/toggle_buttons.dart
[        ] MetadataProvider: Loaded debug metadata for module: packages/flutter/src/material/time_picker.dart
[        ] Loaded debug metadata for module: packages/flutter/src/material/time_picker.dart
[        ] MetadataProvider: Loaded debug metadata for module: packages/flutter/src/material/text_form_field.dart
[        ] Loaded debug metadata for module: packages/flutter/src/material/text_form_field.dart
[        ] MetadataProvider: Loaded debug metadata for module: packages/flutter/src/material/text_field.dart
[        ] Loaded debug metadata for module: packages/flutter/src/material/text_field.dart
[        ] MetadataProvider: Loaded debug metadata for module: packages/flutter/src/material/text_selection.dart
[        ] Loaded debug metadata for module: packages/flutter/src/material/text_selection.dart
[        ] MetadataProvider: Loaded debug metadata for module: packages/flutter/src/material/text_selection_toolbar_text_button.dart
[        ] Loaded debug metadata for module: packages/flutter/src/material/text_selection_toolbar_text_button.dart
[        ] MetadataProvider: Loaded debug metadata for module: packages/flutter/src/material/text_selection_toolbar.dart
[        ] Loaded debug metadata for module: packages/flutter/src/material/text_selection_toolbar.dart
[        ] MetadataProvider: Loaded debug metadata for module: packages/flutter/src/material/spell_check_suggestions_toolbar.dart
[        ] Loaded debug metadata for module: packages/flutter/src/material/spell_check_suggestions_toolbar.dart
[        ] MetadataProvider: Loaded debug metadata for module: packages/flutter/src/material/spell_check_suggestions_toolbar_layout_delegate.dart
[        ] Loaded debug metadata for module: packages/flutter/src/material/spell_check_suggestions_toolbar_layout_delegate.dart
[        ] MetadataProvider: Loaded debug metadata for module: packages/flutter/src/material/adaptive_text_selection_toolbar.dart
[        ] Loaded debug metadata for module: packages/flutter/src/material/adaptive_text_selection_toolbar.dart
[        ] MetadataProvider: Loaded debug metadata for module: packages/flutter/src/material/desktop_text_selection_toolbar_button.dart
[        ] Loaded debug metadata for module: packages/flutter/src/material/desktop_text_selection_toolbar_button.dart
[        ] MetadataProvider: Loaded debug metadata for module: packages/flutter/src/material/desktop_text_selection_toolbar.dart
[        ] Loaded debug metadata for module: packages/flutter/src/material/desktop_text_selection_toolbar.dart
[        ] MetadataProvider: Loaded debug metadata for module: packages/flutter/src/material/selectable_text.dart
[        ] Loaded debug metadata for module: packages/flutter/src/material/selectable_text.dart
[        ] MetadataProvider: Loaded debug metadata for module: packages/flutter/src/material/magnifier.dart
[        ] Loaded debug metadata for module: packages/flutter/src/material/magnifier.dart
[        ] MetadataProvider: Loaded debug metadata for module: packages/flutter/src/material/desktop_text_selection.dart
[        ] Loaded debug metadata for module: packages/flutter/src/material/desktop_text_selection.dart
[        ] MetadataProvider: Loaded debug metadata for module: packages/flutter/src/material/dialog.dart
[        ] Loaded debug metadata for module: packages/flutter/src/material/dialog.dart
[        ] MetadataProvider: Loaded debug metadata for module: packages/flutter/src/material/switch_list_tile.dart
[        ] Loaded debug metadata for module: packages/flutter/src/material/switch_list_tile.dart
[        ] MetadataProvider: Loaded debug metadata for module: packages/flutter/src/material/switch.dart
[        ] Loaded debug metadata for module: packages/flutter/src/material/switch.dart
[        ] MetadataProvider: Loaded debug metadata for module: packages/flutter/src/material/shadows.dart
[        ] Loaded debug metadata for module: packages/flutter/src/material/shadows.dart
[        ] MetadataProvider: Loaded debug metadata for module: packages/flutter/src/material/stepper.dart
[        ] Loaded debug metadata for module: packages/flutter/src/material/stepper.dart
[        ] MetadataProvider: Loaded debug metadata for module: packages/flutter/src/material/selection_area.dart
[        ] Loaded debug metadata for module: packages/flutter/src/material/selection_area.dart
[        ] MetadataProvider: Loaded debug metadata for module: packages/flutter/src/material/segmented_button.dart
[        ] Loaded debug metadata for module: packages/flutter/src/material/segmented_button.dart
[        ] MetadataProvider: Loaded debug metadata for module: packages/flutter/src/material/search_anchor.dart
[        ] Loaded debug metadata for module: packages/flutter/src/material/search_anchor.dart
[        ] MetadataProvider: Loaded debug metadata for module: packages/flutter/src/material/back_button.dart
[        ] Loaded debug metadata for module: packages/flutter/src/material/back_button.dart
[        ] MetadataProvider: Loaded debug metadata for module: packages/flutter/src/material/search.dart
[        ] Loaded debug metadata for module: packages/flutter/src/material/search.dart
[        ] MetadataProvider: Loaded debug metadata for module: packages/flutter/src/material/reorderable_list.dart
[        ] Loaded debug metadata for module: packages/flutter/src/material/reorderable_list.dart
[        ] MetadataProvider: Loaded debug metadata for module: packages/flutter/src/material/refresh_indicator.dart
[        ] Loaded debug metadata for module: packages/flutter/src/material/refresh_indicator.dart
[        ] MetadataProvider: Loaded debug metadata for module: packages/flutter/src/material/progress_indicator.dart
[        ] Loaded debug metadata for module: packages/flutter/src/material/progress_indicator.dart
[        ] MetadataProvider: Loaded debug metadata for module: packages/flutter/src/material/range_slider.dart
[        ] Loaded debug metadata for module: packages/flutter/src/material/range_slider.dart
[        ] MetadataProvider: Loaded debug metadata for module: packages/flutter/src/material/radio_list_tile.dart
[        ] Loaded debug metadata for module: packages/flutter/src/material/radio_list_tile.dart
[        ] MetadataProvider: Loaded debug metadata for module: packages/flutter/src/material/popup_menu.dart
[        ] Loaded debug metadata for module: packages/flutter/src/material/popup_menu.dart
[        ] MetadataProvider: Loaded debug metadata for module: packages/flutter/src/material/paginated_data_table.dart
[        ] Loaded debug metadata for module: packages/flutter/src/material/paginated_data_table.dart
[        ] MetadataProvider: Loaded debug metadata for module: packages/flutter/src/material/dropdown.dart
[        ] Loaded debug metadata for module: packages/flutter/src/material/dropdown.dart
[        ] MetadataProvider: Loaded debug metadata for module: packages/flutter/src/material/data_table_source.dart
[        ] Loaded debug metadata for module: packages/flutter/src/material/data_table_source.dart
[        ] MetadataProvider: Loaded debug metadata for module: packages/flutter/src/material/data_table.dart
[        ] Loaded debug metadata for module: packages/flutter/src/material/data_table.dart
[        ] MetadataProvider: Loaded debug metadata for module: packages/flutter/src/material/card.dart
[        ] Loaded debug metadata for module: packages/flutter/src/material/card.dart
[        ] MetadataProvider: Loaded debug metadata for module: packages/flutter/src/material/page.dart
[        ] Loaded debug metadata for module: packages/flutter/src/material/page.dart
[        ] MetadataProvider: Loaded debug metadata for module: packages/flutter/src/material/no_splash.dart
[        ] Loaded debug metadata for module: packages/flutter/src/material/no_splash.dart
[        ] MetadataProvider: Loaded debug metadata for module: packages/flutter/src/material/mergeable_material.dart
[        ] Loaded debug metadata for module: packages/flutter/src/material/mergeable_material.dart
[        ] MetadataProvider: Loaded debug metadata for module: packages/flutter/src/material/input_date_picker_form_field.dart
[        ] Loaded debug metadata for module: packages/flutter/src/material/input_date_picker_form_field.dart
[        ] MetadataProvider: Loaded debug metadata for module: packages/flutter/src/material/date.dart
[        ] Loaded debug metadata for module: packages/flutter/src/material/date.dart
[        ] MetadataProvider: Loaded debug metadata for module: packages/flutter/src/material/input_chip.dart
[        ] Loaded debug metadata for module: packages/flutter/src/material/input_chip.dart
[        ] MetadataProvider: Loaded debug metadata for module: packages/flutter/src/material/chip.dart
[        ] Loaded debug metadata for module: packages/flutter/src/material/chip.dart
[        ] MetadataProvider: Loaded debug metadata for module: packages/flutter/src/material/grid_tile_bar.dart
[        ] Loaded debug metadata for module: packages/flutter/src/material/grid_tile_bar.dart
[        ] MetadataProvider: Loaded debug metadata for module: packages/flutter/src/material/grid_tile.dart
[        ] Loaded debug metadata for module: packages/flutter/src/material/grid_tile.dart
[        ] MetadataProvider: Loaded debug metadata for module: packages/flutter/src/material/filter_chip.dart
[        ] Loaded debug metadata for module: packages/flutter/src/material/filter_chip.dart
[        ] MetadataProvider: Loaded debug metadata for module: packages/flutter/src/material/expansion_tile.dart
[        ] Loaded debug metadata for module: packages/flutter/src/material/expansion_tile.dart
[        ] MetadataProvider: Loaded debug metadata for module: packages/flutter/src/material/expansion_panel.dart
[        ] Loaded debug metadata for module: packages/flutter/src/material/expansion_panel.dart
[        ] MetadataProvider: Loaded debug metadata for module: packages/flutter/src/material/expand_icon.dart
[        ] Loaded debug metadata for module: packages/flutter/src/material/expand_icon.dart
[        ] MetadataProvider: Loaded debug metadata for module: packages/flutter/src/material/dropdown_menu_form_field.dart
[        ] Loaded debug metadata for module: packages/flutter/src/material/dropdown_menu_form_field.dart
[        ] MetadataProvider: Loaded debug metadata for module: packages/flutter/src/material/dropdown_menu.dart
[        ] Loaded debug metadata for module: packages/flutter/src/material/dropdown_menu.dart
[        ] MetadataProvider: Loaded debug metadata for module: packages/flutter/src/material/date_picker.dart
[        ] Loaded debug metadata for module: packages/flutter/src/material/date_picker.dart
[        ] MetadataProvider: Loaded debug metadata for module: packages/flutter/src/material/calendar_date_picker.dart
[        ] Loaded debug metadata for module: packages/flutter/src/material/calendar_date_picker.dart
[        ] MetadataProvider: Loaded debug metadata for module: packages/flutter/src/material/circle_avatar.dart
[        ] Loaded debug metadata for module: packages/flutter/src/material/circle_avatar.dart
[        ] MetadataProvider: Loaded debug metadata for module: packages/flutter/src/material/choice_chip.dart
[        ] Loaded debug metadata for module: packages/flutter/src/material/choice_chip.dart
[        ] MetadataProvider: Loaded debug metadata for module: packages/flutter/src/material/checkbox_list_tile.dart
[        ] Loaded debug metadata for module: packages/flutter/src/material/checkbox_list_tile.dart
[        ] MetadataProvider: Loaded debug metadata for module: packages/flutter/src/material/button_bar.dart
[        ] Loaded debug metadata for module: packages/flutter/src/material/button_bar.dart
[        ] MetadataProvider: Loaded debug metadata for module: packages/flutter/src/material/bottom_app_bar.dart
[        ] Loaded debug metadata for module: packages/flutter/src/material/bottom_app_bar.dart
[        ] MetadataProvider: Loaded debug metadata for module: packages/flutter/src/material/badge.dart
[        ] Loaded debug metadata for module: packages/flutter/src/material/badge.dart
[        ] MetadataProvider: Loaded debug metadata for module: packages/flutter/src/material/autocomplete.dart
[        ] Loaded debug metadata for module: packages/flutter/src/material/autocomplete.dart
[        ] MetadataProvider: Loaded debug metadata for module: packages/flutter/src/material/arc.dart
[        ] Loaded debug metadata for module: packages/flutter/src/material/arc.dart
[        ] MetadataProvider: Loaded debug metadata for module: packages/flutter/src/material/app.dart
[        ] Loaded debug metadata for module: packages/flutter/src/material/app.dart
[        ] MetadataProvider: Loaded debug metadata for module: packages/flutter/src/material/animated_icons.dart
[        ] Loaded debug metadata for module: packages/flutter/src/material/animated_icons.dart
[        ] MetadataProvider: Loaded debug metadata for module: packages/flutter/src/material/action_chip.dart
[        ] Loaded debug metadata for module: packages/flutter/src/material/action_chip.dart
[        ] MetadataProvider: Loaded debug metadata for module: packages/flutter/src/material/about.dart
[        ] Loaded debug metadata for module: packages/flutter/src/material/about.dart
[        ] MetadataProvider: Loaded debug metadata for module: packages/image_picker_platform_interface/src/types/picked_file/lost_data.dart
[        ] Loaded debug metadata for module: packages/image_picker_platform_interface/src/types/picked_file/lost_data.dart
[        ] MetadataProvider: Loaded debug metadata for module: packages/image_picker_platform_interface/src/types/retrieve_type.dart
[        ] Loaded debug metadata for module: packages/image_picker_platform_interface/src/types/retrieve_type.dart
[        ] MetadataProvider: Loaded debug metadata for module: packages/image_picker_platform_interface/src/types/picked_file/html.dart
[        ] Loaded debug metadata for module: packages/image_picker_platform_interface/src/types/picked_file/html.dart
[        ] MetadataProvider: Loaded debug metadata for module: packages/image_picker_platform_interface/src/types/picked_file/base.dart
[        ] Loaded debug metadata for module: packages/image_picker_platform_interface/src/types/picked_file/base.dart
[        ] MetadataProvider: Loaded debug metadata for module: packages/http/src/multipart_request.dart
[        ] Loaded debug metadata for module: packages/http/src/multipart_request.dart
[        ] MetadataProvider: Loaded debug metadata for module: packages/http/src/utils.dart
[        ] Loaded debug metadata for module: packages/http/src/utils.dart
[        ] MetadataProvider: Loaded debug metadata for module: packages/http/src/byte_stream.dart
[        ] Loaded debug metadata for module: packages/http/src/byte_stream.dart
[        ] MetadataProvider: Loaded debug metadata for module: packages/http_parser/http_parser.dart
[        ] Loaded debug metadata for module: packages/http_parser/http_parser.dart
[        ] MetadataProvider: Loaded debug metadata for module: packages/http_parser/src/media_type.dart
[        ] Loaded debug metadata for module: packages/http_parser/src/media_type.dart
[        ] MetadataProvider: Loaded debug metadata for module: packages/http_parser/src/utils.dart
[        ] Loaded debug metadata for module: packages/http_parser/src/utils.dart
[        ] MetadataProvider: Loaded debug metadata for module: packages/source_span/source_span.dart
[        ] Loaded debug metadata for module: packages/source_span/source_span.dart
[        ] MetadataProvider: Loaded debug metadata for module: packages/source_span/src/location_mixin.dart
[        ] Loaded debug metadata for module: packages/source_span/src/location_mixin.dart
[        ] MetadataProvider: Loaded debug metadata for module: packages/source_span/src/colors.dart
[        ] Loaded debug metadata for module: packages/source_span/src/colors.dart
[        ] MetadataProvider: Loaded debug metadata for module: packages/source_span/src/charcode.dart
[        ] Loaded debug metadata for module: packages/source_span/src/charcode.dart
[        ] MetadataProvider: Loaded debug metadata for module: packages/term_glyph/src/generated/top_level.dart
[        ] Loaded debug metadata for module: packages/term_glyph/src/generated/top_level.dart
[        ] MetadataProvider: Loaded debug metadata for module: packages/term_glyph/src/generated/glyph_set.dart
[        ] Loaded debug metadata for module: packages/term_glyph/src/generated/glyph_set.dart
[        ] MetadataProvider: Loaded debug metadata for module: packages/term_glyph/src/generated/unicode_glyph_set.dart
[        ] Loaded debug metadata for module: packages/term_glyph/src/generated/unicode_glyph_set.dart
[        ] MetadataProvider: Loaded debug metadata for module: packages/term_glyph/src/generated/ascii_glyph_set.dart
[        ] Loaded debug metadata for module: packages/term_glyph/src/generated/ascii_glyph_set.dart
[        ] MetadataProvider: Loaded debug metadata for module: packages/path/src/path_set.dart
[        ] Loaded debug metadata for module: packages/path/src/path_set.dart
[        ] MetadataProvider: Loaded debug metadata for module: packages/path/src/utils.dart
[        ] Loaded debug metadata for module: packages/path/src/utils.dart
[        ] MetadataProvider: Loaded debug metadata for module: packages/path/src/characters.dart
[        ] Loaded debug metadata for module: packages/path/src/characters.dart
[        ] MetadataProvider: Loaded debug metadata for module: packages/path/src/path_exception.dart
[        ] Loaded debug metadata for module: packages/path/src/path_exception.dart
[        ] MetadataProvider: Loaded debug metadata for module: packages/source_span/src/span_exception.dart
[        ] Loaded debug metadata for module: packages/source_span/src/span_exception.dart
[        ] MetadataProvider: Loaded debug metadata for module: packages/http_parser/src/scan.dart
[        ] Loaded debug metadata for module: packages/http_parser/src/scan.dart
[        ] MetadataProvider: Loaded debug metadata for module: packages/string_scanner/string_scanner.dart
[        ] Loaded debug metadata for module: packages/string_scanner/string_scanner.dart
[        ] MetadataProvider: Loaded debug metadata for module: packages/string_scanner/src/utils.dart
[        ] Loaded debug metadata for module: packages/string_scanner/src/utils.dart
[        ] MetadataProvider: Loaded debug metadata for module: packages/string_scanner/src/charcode.dart
[        ] Loaded debug metadata for module: packages/string_scanner/src/charcode.dart
[        ] MetadataProvider: Loaded debug metadata for module: packages/string_scanner/src/relative_span_scanner.dart
[        ] Loaded debug metadata for module: packages/string_scanner/src/relative_span_scanner.dart
[        ] MetadataProvider: Loaded debug metadata for module: packages/string_scanner/src/line_scanner.dart
[        ] Loaded debug metadata for module: packages/string_scanner/src/line_scanner.dart
[        ] MetadataProvider: Loaded debug metadata for module: packages/http_parser/src/case_insensitive_map.dart
[        ] Loaded debug metadata for module: packages/http_parser/src/case_insensitive_map.dart
[        ] MetadataProvider: Loaded debug metadata for module: packages/http_parser/src/http_date.dart
[        ] Loaded debug metadata for module: packages/http_parser/src/http_date.dart
[        ] MetadataProvider: Loaded debug metadata for module: packages/http_parser/src/chunked_coding.dart
[        ] Loaded debug metadata for module: packages/http_parser/src/chunked_coding.dart
[        ] MetadataProvider: Loaded debug metadata for module: packages/http_parser/src/chunked_coding/encoder.dart
[        ] Loaded debug metadata for module: packages/http_parser/src/chunked_coding/encoder.dart
[        ] MetadataProvider: Loaded debug metadata for module: packages/http_parser/src/chunked_coding/charcodes.dart
[        ] Loaded debug metadata for module: packages/http_parser/src/chunked_coding/charcodes.dart
[        ] MetadataProvider: Loaded debug metadata for module: packages/http_parser/src/chunked_coding/decoder.dart
[        ] Loaded debug metadata for module: packages/http_parser/src/chunked_coding/decoder.dart
[        ] MetadataProvider: Loaded debug metadata for module: packages/typed_data/typed_data.dart
[        ] Loaded debug metadata for module: packages/typed_data/typed_data.dart
[        ] MetadataProvider: Loaded debug metadata for module: packages/typed_data/typed_buffers.dart
[        ] Loaded debug metadata for module: packages/typed_data/typed_buffers.dart
[        ] MetadataProvider: Loaded debug metadata for module: packages/typed_data/src/typed_buffer.dart
[        ] Loaded debug metadata for module: packages/typed_data/src/typed_buffer.dart
[        ] MetadataProvider: Loaded debug metadata for module: packages/typed_data/src/typed_queue.dart
[        ] Loaded debug metadata for module: packages/typed_data/src/typed_queue.dart
[        ] MetadataProvider: Loaded debug metadata for module: packages/http_parser/src/authentication_challenge.dart
[        ] Loaded debug metadata for module: packages/http_parser/src/authentication_challenge.dart
[        ] MetadataProvider: Loaded debug metadata for module: packages/http/src/exception.dart
[        ] Loaded debug metadata for module: packages/http/src/exception.dart
[        ] MetadataProvider: Loaded debug metadata for module: packages/http/src/boundary_characters.dart
[        ] Loaded debug metadata for module: packages/http/src/boundary_characters.dart
[        ] MetadataProvider: Loaded debug metadata for module: packages/image_picker_platform_interface/src/types/multi_video_picker_options.dart
[        ] Loaded debug metadata for module: packages/image_picker_platform_interface/src/types/multi_video_picker_options.dart
[        ] MetadataProvider: Loaded debug metadata for module: packages/image_picker_platform_interface/src/types/media_selection_type.dart
[        ] Loaded debug metadata for module: packages/image_picker_platform_interface/src/types/media_selection_type.dart
[        ] MetadataProvider: Loaded debug metadata for module: packages/cross_file/cross_file.dart
[        ] Loaded debug metadata for module: packages/cross_file/cross_file.dart
[        ] MetadataProvider: Loaded debug metadata for module: packages/cross_file/src/x_file.dart
[        ] Loaded debug metadata for module: packages/cross_file/src/x_file.dart
[        ] MetadataProvider: Loaded debug metadata for module: packages/cross_file/src/web_helpers/web_helpers.dart
[        ] Loaded debug metadata for module: packages/cross_file/src/web_helpers/web_helpers.dart
[        ] MetadataProvider: Loaded debug metadata for module: packages/cross_file/src/types/base.dart
[        ] Loaded debug metadata for module: packages/cross_file/src/types/base.dart
[        ] MetadataProvider: Loaded debug metadata for module: packages/image_picker_platform_interface/src/types/image_source.dart
[        ] Loaded debug metadata for module: packages/image_picker_platform_interface/src/types/image_source.dart
[        ] MetadataProvider: Loaded debug metadata for module: packages/image_picker_platform_interface/src/types/camera_device.dart
[        ] Loaded debug metadata for module: packages/image_picker_platform_interface/src/types/camera_device.dart
[        ] MetadataProvider: Loaded debug metadata for module: packages/image_picker_platform_interface/src/types/camera_delegate.dart
[        ] Loaded debug metadata for module: packages/image_picker_platform_interface/src/types/camera_delegate.dart
[        ] MetadataProvider: Loaded debug metadata for module: packages/plugin_platform_interface/plugin_platform_interface.dart
[        ] Loaded debug metadata for module: packages/plugin_platform_interface/plugin_platform_interface.dart
[        ] MetadataProvider: Loaded debug metadata for module: packages/mime/mime.dart
[        ] Loaded debug metadata for module: packages/mime/mime.dart
[        ] MetadataProvider: Loaded debug metadata for module: packages/mime/src/mime_type.dart
[        ] Loaded debug metadata for module: packages/mime/src/mime_type.dart
[        ] MetadataProvider: Loaded debug metadata for module: packages/mime/src/magic_number.dart
[        ] Loaded debug metadata for module: packages/mime/src/magic_number.dart
[        ] MetadataProvider: Loaded debug metadata for module: packages/mime/src/default_extension_map.dart
[        ] Loaded debug metadata for module: packages/mime/src/default_extension_map.dart
[        ] MetadataProvider: Loaded debug metadata for module: packages/mime/src/mime_shared.dart
[        ] Loaded debug metadata for module: packages/mime/src/mime_shared.dart
[        ] MetadataProvider: Loaded debug metadata for module: packages/mime/src/char_code.dart
[        ] Loaded debug metadata for module: packages/mime/src/char_code.dart
[        ] MetadataProvider: Loaded debug metadata for module: packages/mime/src/extension.dart
[        ] Loaded debug metadata for module: packages/mime/src/extension.dart
[        ] MetadataProvider: Loaded debug metadata for module: packages/geolocator_web/geolocator_web.dart
[        ] Loaded debug metadata for module: packages/geolocator_web/geolocator_web.dart
[        ] MetadataProvider: Loaded debug metadata for module: packages/geolocator_web/web_settings.dart
[        ] Loaded debug metadata for module: packages/geolocator_web/web_settings.dart
[        ] MetadataProvider: Loaded debug metadata for module: packages/geolocator_platform_interface/geolocator_platform_interface.dart
[        ] Loaded debug metadata for module: packages/geolocator_platform_interface/geolocator_platform_interface.dart
[        ] MetadataProvider: Loaded debug metadata for module: packages/geolocator_platform_interface/src/models/models.dart
[        ] Loaded debug metadata for module: packages/geolocator_platform_interface/src/models/models.dart
[        ] MetadataProvider: Loaded debug metadata for module: packages/geolocator_platform_interface/src/models/location_settings.dart
[        ] Loaded debug metadata for module: packages/geolocator_platform_interface/src/models/location_settings.dart
[        ] MetadataProvider: Loaded debug metadata for module: packages/geolocator_platform_interface/src/enums/location_accuracy.dart
[        ] Loaded debug metadata for module: packages/geolocator_platform_interface/src/enums/location_accuracy.dart
[        ] MetadataProvider: Loaded debug metadata for module: packages/geolocator_platform_interface/src/models/position.dart
[        ] Loaded debug metadata for module: packages/geolocator_platform_interface/src/models/position.dart
[        ] MetadataProvider: Loaded debug metadata for module: packages/geolocator_platform_interface/src/extensions/extensions.dart
[        ] Loaded debug metadata for module: packages/geolocator_platform_interface/src/extensions/extensions.dart
[        ] MetadataProvider: Loaded debug metadata for module: packages/geolocator_platform_interface/src/extensions/integer_extensions.dart
[        ] Loaded debug metadata for module: packages/geolocator_platform_interface/src/extensions/integer_extensions.dart
[        ] MetadataProvider: Loaded debug metadata for module: packages/geolocator_platform_interface/src/errors/errors.dart
[        ] Loaded debug metadata for module: packages/geolocator_platform_interface/src/errors/errors.dart
[        ] MetadataProvider: Loaded debug metadata for module: packages/geolocator_platform_interface/src/errors/position_update_exception.dart
[        ] Loaded debug metadata for module: packages/geolocator_platform_interface/src/errors/position_update_exception.dart
[        ] MetadataProvider: Loaded debug metadata for module: packages/geolocator_platform_interface/src/errors/permission_request_in_progress_exception.dart
[        ] Loaded debug metadata for module: packages/geolocator_platform_interface/src/errors/permission_request_in_progress_exception.dart
[        ] MetadataProvider: Loaded debug metadata for module: packages/geolocator_platform_interface/src/errors/permission_denied_exception.dart
[        ] Loaded debug metadata for module: packages/geolocator_platform_interface/src/errors/permission_denied_exception.dart
[        ] MetadataProvider: Loaded debug metadata for module: packages/geolocator_platform_interface/src/errors/permission_definitions_not_found_exception.dart
[        ] Loaded debug metadata for module: packages/geolocator_platform_interface/src/errors/permission_definitions_not_found_exception.dart
[        ] MetadataProvider: Loaded debug metadata for module: packages/geolocator_platform_interface/src/errors/location_service_disabled_exception.dart
[        ] Loaded debug metadata for module: packages/geolocator_platform_interface/src/errors/location_service_disabled_exception.dart
[        ] MetadataProvider: Loaded debug metadata for module: packages/geolocator_platform_interface/src/errors/invalid_permission_exception.dart
[        ] Loaded debug metadata for module: packages/geolocator_platform_interface/src/errors/invalid_permission_exception.dart
[        ] MetadataProvider: Loaded debug metadata for module: packages/geolocator_platform_interface/src/errors/already_subscribed_exception.dart
[        ] Loaded debug metadata for module: packages/geolocator_platform_interface/src/errors/already_subscribed_exception.dart
[        ] MetadataProvider: Loaded debug metadata for module: packages/geolocator_platform_interface/src/errors/activity_missing_exception.dart
[        ] Loaded debug metadata for module: packages/geolocator_platform_interface/src/errors/activity_missing_exception.dart
[        ] MetadataProvider: Loaded debug metadata for module: packages/geolocator_platform_interface/src/enums/enums.dart
[        ] Loaded debug metadata for module: packages/geolocator_platform_interface/src/enums/enums.dart
[        ] MetadataProvider: Loaded debug metadata for module: packages/geolocator_platform_interface/src/enums/location_service.dart
[        ] Loaded debug metadata for module: packages/geolocator_platform_interface/src/enums/location_service.dart
[        ] MetadataProvider: Loaded debug metadata for module: packages/geolocator_platform_interface/src/enums/location_permission.dart
[        ] Loaded debug metadata for module: packages/geolocator_platform_interface/src/enums/location_permission.dart
[        ] MetadataProvider: Loaded debug metadata for module: packages/geolocator_platform_interface/src/enums/location_accuracy_status.dart
[        ] Loaded debug metadata for module: packages/geolocator_platform_interface/src/enums/location_accuracy_status.dart
[        ] MetadataProvider: Loaded debug metadata for module: packages/geolocator_platform_interface/src/implementations/method_channel_geolocator.dart
[        ] Loaded debug metadata for module: packages/geolocator_platform_interface/src/implementations/method_channel_geolocator.dart
[        ] MetadataProvider: Loaded debug metadata for module: packages/vector_math/vector_math.dart
[        ] Loaded debug metadata for module: packages/vector_math/vector_math.dart
[        ] MetadataProvider: Loaded debug metadata for module: packages/geolocator_web/src/html_permissions_manager.dart
[        ] Loaded debug metadata for module: packages/geolocator_web/src/html_permissions_manager.dart
[        ] MetadataProvider: Loaded debug metadata for module: packages/geolocator_web/src/utils.dart
[        ] Loaded debug metadata for module: packages/geolocator_web/src/utils.dart
[        ] MetadataProvider: Loaded debug metadata for module: packages/geolocator_web/src/permissions_manager.dart
[        ] Loaded debug metadata for module: packages/geolocator_web/src/permissions_manager.dart
[        ] MetadataProvider: Loaded debug metadata for module: packages/geolocator_web/src/html_geolocation_manager.dart
[        ] Loaded debug metadata for module: packages/geolocator_web/src/html_geolocation_manager.dart
[        ] MetadataProvider: Loaded debug metadata for module: packages/geolocator_web/src/geolocation_manager.dart
[        ] Loaded debug metadata for module: packages/geolocator_web/src/geolocation_manager.dart
[        ] MetadataProvider: Loaded debug metadata for module: packages/firebase_storage_web/firebase_storage_web.dart
[        ] Loaded debug metadata for module: packages/firebase_storage_web/firebase_storage_web.dart
[        ] MetadataProvider: Loaded debug metadata for module: packages/firebase_storage_web/src/reference_web.dart
[        ] Loaded debug metadata for module: packages/firebase_storage_web/src/reference_web.dart
[        ] MetadataProvider: Loaded debug metadata for module: packages/firebase_storage_web/src/utils/errors.dart
[        ] Loaded debug metadata for module: packages/firebase_storage_web/src/utils/errors.dart
[        ] MetadataProvider: Loaded debug metadata for module: packages/firebase_core/firebase_core.dart
[        ] Loaded debug metadata for module: packages/firebase_core/firebase_core.dart
[        ] MetadataProvider: Loaded debug metadata for module: packages/firebase_core_platform_interface/firebase_core_platform_interface.dart
[        ] Loaded debug metadata for module: packages/firebase_core_platform_interface/firebase_core_platform_interface.dart
[        ] MetadataProvider: Loaded debug metadata for module: packages/firebase_core_platform_interface/src/pigeon/messages.pigeon.dart
[        ] Loaded debug metadata for module: packages/firebase_core_platform_interface/src/pigeon/messages.pigeon.dart
[        ] MetadataProvider: Loaded debug metadata for module: packages/_flutterfire_internals/_flutterfire_internals.dart
[        ] Loaded debug metadata for module: packages/_flutterfire_internals/_flutterfire_internals.dart
[        ] MetadataProvider: Loaded debug metadata for module: packages/_flutterfire_internals/src/exception.dart
[        ] Loaded debug metadata for module: packages/_flutterfire_internals/src/exception.dart
[        ] MetadataProvider: Loaded debug metadata for module: packages/_flutterfire_internals/src/js_interop.dart
[        ] Loaded debug metadata for module: packages/_flutterfire_internals/src/js_interop.dart
[        ] MetadataProvider: Loaded debug metadata for module: packages/firebase_core_web/src/interop/app_interop.dart
[        ] Loaded debug metadata for module: packages/firebase_core_web/src/interop/app_interop.dart
[        ] MetadataProvider: Loaded debug metadata for module: packages/firebase_core_web/src/interop/utils/utils.dart
[        ] Loaded debug metadata for module: packages/firebase_core_web/src/interop/utils/utils.dart
[        ] MetadataProvider: Loaded debug metadata for module: packages/firebase_core_web/src/interop/utils/func.dart
[        ] Loaded debug metadata for module: packages/firebase_core_web/src/interop/utils/func.dart
[        ] MetadataProvider: Loaded debug metadata for module: packages/firebase_core_web/src/interop/utils/js.dart
[        ] Loaded debug metadata for module: packages/firebase_core_web/src/interop/utils/js.dart
[        ] MetadataProvider: Loaded debug metadata for module: packages/firebase_core_web/src/interop/utils/es6_interop.dart
[        ] Loaded debug metadata for module: packages/firebase_core_web/src/interop/utils/es6_interop.dart
[        ] MetadataProvider: Loaded debug metadata for module: packages/firebase_storage_web/src/utils/metadata_cache.dart
[        ] Loaded debug metadata for module: packages/firebase_storage_web/src/utils/metadata_cache.dart
[        ] MetadataProvider: Loaded debug metadata for module: packages/firebase_storage_platform_interface/src/platform_interface/platform_interface_task_snapshot.dart
[        ] Loaded debug metadata for module: packages/firebase_storage_platform_interface/src/platform_interface/platform_interface_task_snapshot.dart
[        ] MetadataProvider: Loaded debug metadata for module: packages/firebase_storage_platform_interface/src/task_state.dart
[        ] Loaded debug metadata for module: packages/firebase_storage_platform_interface/src/task_state.dart
[        ] MetadataProvider: Loaded debug metadata for module: packages/firebase_storage_platform_interface/src/settable_metadata.dart
[        ] Loaded debug metadata for module: packages/firebase_storage_platform_interface/src/settable_metadata.dart
[        ] MetadataProvider: Loaded debug metadata for module: packages/firebase_storage_platform_interface/src/put_string_format.dart
[        ] Loaded debug metadata for module: packages/firebase_storage_platform_interface/src/put_string_format.dart
[        ] MetadataProvider: Loaded debug metadata for module: packages/firebase_storage_platform_interface/src/internal/pointer.dart
[        ] Loaded debug metadata for module: packages/firebase_storage_platform_interface/src/internal/pointer.dart
[        ] MetadataProvider: Loaded debug metadata for module: packages/firebase_storage_platform_interface/src/method_channel/utils/exception.dart
[        ] Loaded debug metadata for module: packages/firebase_storage_platform_interface/src/method_channel/utils/exception.dart
[        ] MetadataProvider: Loaded debug metadata for module: packages/firebase_storage_platform_interface/src/pigeon/messages.pigeon.dart
[        ] Loaded debug metadata for module: packages/firebase_storage_platform_interface/src/pigeon/messages.pigeon.dart
[        ] MetadataProvider: Loaded debug metadata for module: packages/firebase_storage_platform_interface/src/list_options.dart
[        ] Loaded debug metadata for module: packages/firebase_storage_platform_interface/src/list_options.dart
[        ] MetadataProvider: Loaded debug metadata for module: packages/firebase_storage_platform_interface/src/full_metadata.dart
[        ] Loaded debug metadata for module: packages/firebase_storage_platform_interface/src/full_metadata.dart
[        ] MetadataProvider: Loaded debug metadata for module: packages/firebase_storage_web/src/utils/list.dart
[        ] Loaded debug metadata for module: packages/firebase_storage_web/src/utils/list.dart
[        ] MetadataProvider: Loaded debug metadata for module: packages/firebase_storage_web/src/list_result_web.dart
[        ] Loaded debug metadata for module: packages/firebase_storage_web/src/list_result_web.dart
[        ] MetadataProvider: Loaded debug metadata for module: packages/firebase_storage_web/src/interop/storage.dart
[        ] Loaded debug metadata for module: packages/firebase_storage_web/src/interop/storage.dart
[        ] MetadataProvider: Loaded debug metadata for module: packages/firebase_storage_web/src/interop/storage_interop.dart
[        ] Loaded debug metadata for module: packages/firebase_storage_web/src/interop/storage_interop.dart
[        ] MetadataProvider: Loaded debug metadata for module: packages/firebase_storage_web/src/task_web.dart
[        ] Loaded debug metadata for module: packages/firebase_storage_web/src/task_web.dart
[        ] MetadataProvider: Loaded debug metadata for module: packages/firebase_storage_web/src/task_snapshot_web.dart
[        ] Loaded debug metadata for module: packages/firebase_storage_web/src/task_snapshot_web.dart
[        ] MetadataProvider: Loaded debug metadata for module: packages/firebase_storage_web/src/utils/metadata.dart
[        ] Loaded debug metadata for module: packages/firebase_storage_web/src/utils/metadata.dart
[        ] MetadataProvider: Loaded debug metadata for module: packages/async/src/async_cache.dart
[        ] Loaded debug metadata for module: packages/async/src/async_cache.dart
[        ] MetadataProvider: Loaded debug metadata for module: packages/async/src/typed_stream_transformer.dart
[        ] Loaded debug metadata for module: packages/async/src/typed_stream_transformer.dart
[        ] MetadataProvider: Loaded debug metadata for module: packages/async/src/subscription_stream.dart
[        ] Loaded debug metadata for module: packages/async/src/subscription_stream.dart
[        ] MetadataProvider: Loaded debug metadata for module: packages/async/src/delegate/stream_subscription.dart
[        ] Loaded debug metadata for module: packages/async/src/delegate/stream_subscription.dart
[        ] MetadataProvider: Loaded debug metadata for module: packages/async/src/typed/stream_subscription.dart
[        ] Loaded debug metadata for module: packages/async/src/typed/stream_subscription.dart
[        ] MetadataProvider: Loaded debug metadata for module: packages/async/src/stream_zip.dart
[        ] Loaded debug metadata for module: packages/async/src/stream_zip.dart
[        ] MetadataProvider: Loaded debug metadata for module: packages/async/src/stream_subscription_transformer.dart
[        ] Loaded debug metadata for module: packages/async/src/stream_subscription_transformer.dart
[        ] MetadataProvider: Loaded debug metadata for module: packages/async/src/async_memoizer.dart
[        ] Loaded debug metadata for module: packages/async/src/async_memoizer.dart
[        ] MetadataProvider: Loaded debug metadata for module: packages/async/src/stream_splitter.dart
[        ] Loaded debug metadata for module: packages/async/src/stream_splitter.dart
[        ] MetadataProvider: Loaded debug metadata for module: packages/async/src/result/value.dart
[        ] Loaded debug metadata for module: packages/async/src/result/value.dart
[        ] MetadataProvider: Loaded debug metadata for module: packages/async/src/stream_sink_transformer/typed.dart
[        ] Loaded debug metadata for module: packages/async/src/stream_sink_transformer/typed.dart
[        ] MetadataProvider: Loaded debug metadata for module: packages/async/src/delegate/stream_sink.dart
[        ] Loaded debug metadata for module: packages/async/src/delegate/stream_sink.dart
[        ] MetadataProvider: Loaded debug metadata for module: packages/async/src/future_group.dart
[        ] Loaded debug metadata for module: packages/async/src/future_group.dart
[        ] MetadataProvider: Loaded debug metadata for module: packages/async/src/stream_sink_extensions.dart
[        ] Loaded debug metadata for module: packages/async/src/stream_sink_extensions.dart
[        ] MetadataProvider: Loaded debug metadata for module: packages/async/src/stream_sink_transformer/reject_errors.dart
[        ] Loaded debug metadata for module: packages/async/src/stream_sink_transformer/reject_errors.dart
[        ] MetadataProvider: Loaded debug metadata for module: packages/async/src/stream_sink_completer.dart
[        ] Loaded debug metadata for module: packages/async/src/stream_sink_completer.dart
[        ] MetadataProvider: Loaded debug metadata for module: packages/async/src/null_stream_sink.dart
[        ] Loaded debug metadata for module: packages/async/src/null_stream_sink.dart
[        ] MetadataProvider: Loaded debug metadata for module: packages/async/src/stream_queue.dart
[        ] Loaded debug metadata for module: packages/async/src/stream_queue.dart
[        ] MetadataProvider: Loaded debug metadata for module: packages/async/src/stream_completer.dart
[        ] Loaded debug metadata for module: packages/async/src/stream_completer.dart
[        ] MetadataProvider: Loaded debug metadata for module: packages/async/src/cancelable_operation.dart
[        ] Loaded debug metadata for module: packages/async/src/cancelable_operation.dart
[        ] MetadataProvider: Loaded debug metadata for module: packages/async/src/stream_group.dart
[        ] Loaded debug metadata for module: packages/async/src/stream_group.dart
[        ] MetadataProvider: Loaded debug metadata for module: packages/async/src/stream_extensions.dart
[        ] Loaded debug metadata for module: packages/async/src/stream_extensions.dart
[        ] MetadataProvider: Loaded debug metadata for module: packages/async/src/stream_closer.dart
[        ] Loaded debug metadata for module: packages/async/src/stream_closer.dart
[        ] MetadataProvider: Loaded debug metadata for module: packages/async/src/sink_base.dart
[        ] Loaded debug metadata for module: packages/async/src/sink_base.dart
[        ] MetadataProvider: Loaded debug metadata for module: packages/async/src/single_subscription_transformer.dart
[        ] Loaded debug metadata for module: packages/async/src/single_subscription_transformer.dart
[        ] MetadataProvider: Loaded debug metadata for module: packages/async/src/result/future.dart
[        ] Loaded debug metadata for module: packages/async/src/result/future.dart
[        ] MetadataProvider: Loaded debug metadata for module: packages/async/src/delegate/future.dart
[        ] Loaded debug metadata for module: packages/async/src/delegate/future.dart
[        ] MetadataProvider: Loaded debug metadata for module: packages/async/src/restartable_timer.dart
[        ] Loaded debug metadata for module: packages/async/src/restartable_timer.dart
[        ] MetadataProvider: Loaded debug metadata for module: packages/async/src/lazy_stream.dart
[        ] Loaded debug metadata for module: packages/async/src/lazy_stream.dart
[        ] MetadataProvider: Loaded debug metadata for module: packages/async/src/delegate/stream_consumer.dart
[        ] Loaded debug metadata for module: packages/async/src/delegate/stream_consumer.dart
[        ] MetadataProvider: Loaded debug metadata for module: packages/async/src/delegate/stream.dart
[        ] Loaded debug metadata for module: packages/async/src/delegate/stream.dart
[        ] MetadataProvider: Loaded debug metadata for module: packages/async/src/delegate/sink.dart
[        ] Loaded debug metadata for module: packages/async/src/delegate/sink.dart
[        ] MetadataProvider: Loaded debug metadata for module: packages/async/src/delegate/event_sink.dart
[        ] Loaded debug metadata for module: packages/async/src/delegate/event_sink.dart
[        ] MetadataProvider: Loaded debug metadata for module: packages/async/src/chunked_stream_reader.dart
[        ] Loaded debug metadata for module: packages/async/src/chunked_stream_reader.dart
[        ] MetadataProvider: Loaded debug metadata for module: packages/async/src/byte_collector.dart
[        ] Loaded debug metadata for module: packages/async/src/byte_collector.dart
[        ] MetadataProvider: Loaded debug metadata for module: packages/firebase_core_web/firebase_core_web.dart
[        ] Loaded debug metadata for module: packages/firebase_core_web/firebase_core_web.dart
[        ] MetadataProvider: Loaded debug metadata for module: packages/firebase_core_web/src/interop/package_web_tweaks.dart
[        ] Loaded debug metadata for module: packages/firebase_core_web/src/interop/package_web_tweaks.dart
[        ] MetadataProvider: Loaded debug metadata for module: packages/firebase_auth_web/src/firebase_auth_web_recaptcha_verifier_factory.dart
[        ] Loaded debug metadata for module: packages/firebase_auth_web/src/firebase_auth_web_recaptcha_verifier_factory.dart
[        ] MetadataProvider: Loaded debug metadata for module: packages/firebase_auth_web/src/interop/multi_factor.dart
[        ] Loaded debug metadata for module: packages/firebase_auth_web/src/interop/multi_factor.dart
[        ] MetadataProvider: Loaded debug metadata for module: packages/firebase_auth_web/src/interop/auth_interop.dart
[        ] Loaded debug metadata for module: packages/firebase_auth_web/src/interop/auth_interop.dart
[        ] MetadataProvider: Loaded debug metadata for module: packages/firebase_auth_platform_interface/src/types.dart
[        ] Loaded debug metadata for module: packages/firebase_auth_platform_interface/src/types.dart
[        ] MetadataProvider: Loaded debug metadata for module: packages/firebase_auth_platform_interface/src/user_metadata.dart
[        ] Loaded debug metadata for module: packages/firebase_auth_platform_interface/src/user_metadata.dart
[        ] MetadataProvider: Loaded debug metadata for module: packages/firebase_auth_platform_interface/src/user_info.dart
[        ] Loaded debug metadata for module: packages/firebase_auth_platform_interface/src/user_info.dart
[        ] MetadataProvider: Loaded debug metadata for module: packages/firebase_auth_platform_interface/src/pigeon/messages.pigeon.dart
[        ] Loaded debug metadata for module: packages/firebase_auth_platform_interface/src/pigeon/messages.pigeon.dart
[        ] MetadataProvider: Loaded debug metadata for module: packages/firebase_auth_platform_interface/src/firebase_auth_exception.dart
[        ] Loaded debug metadata for module: packages/firebase_auth_platform_interface/src/firebase_auth_exception.dart
[        ] MetadataProvider: Loaded debug metadata for module: packages/firebase_auth_platform_interface/src/auth_credential.dart
[        ] Loaded debug metadata for module: packages/firebase_auth_platform_interface/src/auth_credential.dart
[        ] MetadataProvider: Loaded debug metadata for module: packages/firebase_auth_platform_interface/src/providers/saml_auth.dart
[        ] Loaded debug metadata for module: packages/firebase_auth_platform_interface/src/providers/saml_auth.dart
[        ] MetadataProvider: Loaded debug metadata for module: packages/firebase_auth_platform_interface/src/auth_provider.dart
[        ] Loaded debug metadata for module: packages/firebase_auth_platform_interface/src/auth_provider.dart
[        ] MetadataProvider: Loaded debug metadata for module: packages/firebase_auth_platform_interface/src/id_token_result.dart
[        ] Loaded debug metadata for module: packages/firebase_auth_platform_interface/src/id_token_result.dart
[        ] MetadataProvider: Loaded debug metadata for module: packages/firebase_auth_platform_interface/src/additional_user_info.dart
[        ] Loaded debug metadata for module: packages/firebase_auth_platform_interface/src/additional_user_info.dart
[        ] MetadataProvider: Loaded debug metadata for module: packages/firebase_auth_platform_interface/src/action_code_settings.dart
[        ] Loaded debug metadata for module: packages/firebase_auth_platform_interface/src/action_code_settings.dart
[        ] MetadataProvider: Loaded debug metadata for module: packages/firebase_auth_platform_interface/src/action_code_info.dart
[        ] Loaded debug metadata for module: packages/firebase_auth_platform_interface/src/action_code_info.dart
[        ] MetadataProvider: Loaded debug metadata for module: packages/cloud_firestore_web/src/write_batch_web.dart
[        ] Loaded debug metadata for module: packages/cloud_firestore_web/src/write_batch_web.dart
[        ] MetadataProvider: Loaded debug metadata for module: packages/cloud_firestore_platform_interface/src/platform_interface/utils/load_bundle_task_state.dart
[        ] Loaded debug metadata for module: packages/cloud_firestore_platform_interface/src/platform_interface/utils/load_bundle_task_state.dart
[        ] MetadataProvider: Loaded debug metadata for module: packages/cloud_firestore_platform_interface/src/vector_value.dart
[        ] Loaded debug metadata for module: packages/cloud_firestore_platform_interface/src/vector_value.dart
[        ] MetadataProvider: Loaded debug metadata for module: packages/cloud_firestore_platform_interface/src/timestamp.dart
[        ] Loaded debug metadata for module: packages/cloud_firestore_platform_interface/src/timestamp.dart
[        ] MetadataProvider: Loaded debug metadata for module: packages/cloud_firestore_platform_interface/src/snapshot_metadata.dart
[        ] Loaded debug metadata for module: packages/cloud_firestore_platform_interface/src/snapshot_metadata.dart
[        ] MetadataProvider: Loaded debug metadata for module: packages/cloud_firestore_platform_interface/src/settings.dart
[        ] Loaded debug metadata for module: packages/cloud_firestore_platform_interface/src/settings.dart
[        ] MetadataProvider: Loaded debug metadata for module: packages/cloud_firestore_platform_interface/src/set_options.dart
[        ] Loaded debug metadata for module: packages/cloud_firestore_platform_interface/src/set_options.dart
[        ] MetadataProvider: Loaded debug metadata for module: packages/cloud_firestore_platform_interface/src/field_path.dart
[        ] Loaded debug metadata for module: packages/cloud_firestore_platform_interface/src/field_path.dart
[        ] MetadataProvider: Loaded debug metadata for module: packages/cloud_firestore_platform_interface/src/field_path_type.dart
[        ] Loaded debug metadata for module: packages/cloud_firestore_platform_interface/src/field_path_type.dart
[        ] MetadataProvider: Loaded debug metadata for module: packages/cloud_firestore_platform_interface/src/platform_interface/platform_interface_persistent_cache_index_manager.dart
[        ] Loaded debug metadata for module: packages/cloud_firestore_platform_interface/src/platform_interface/platform_interface_persistent_cache_index_manager.dart
[        ] MetadataProvider: Loaded debug metadata for module: packages/cloud_firestore_platform_interface/src/platform_interface/platform_interface_load_bundle_task.dart
[        ] Loaded debug metadata for module: packages/cloud_firestore_platform_interface/src/platform_interface/platform_interface_load_bundle_task.dart
[        ] MetadataProvider: Loaded debug metadata for module: packages/cloud_firestore_platform_interface/src/platform_interface/platform_interface_index_definitions.dart
[        ] Loaded debug metadata for module: packages/cloud_firestore_platform_interface/src/platform_interface/platform_interface_index_definitions.dart
[        ] MetadataProvider: Loaded debug metadata for module: packages/cloud_firestore_platform_interface/src/method_channel/utils/exception.dart
[        ] Loaded debug metadata for module: packages/cloud_firestore_platform_interface/src/method_channel/utils/exception.dart
[        ] MetadataProvider: Loaded debug metadata for module: packages/cloud_firestore_platform_interface/src/internal/pointer.dart
[        ] Loaded debug metadata for module: packages/cloud_firestore_platform_interface/src/internal/pointer.dart
[        ] MetadataProvider: Loaded debug metadata for module: packages/cloud_firestore_platform_interface/src/method_channel/method_channel_field_value.dart
[        ] Loaded debug metadata for module: packages/cloud_firestore_platform_interface/src/method_channel/method_channel_field_value.dart
[        ] MetadataProvider: Loaded debug metadata for module: packages/cloud_firestore_platform_interface/src/platform_interface/platform_interface_field_value.dart
[        ] Loaded debug metadata for module: packages/cloud_firestore_platform_interface/src/platform_interface/platform_interface_field_value.dart
[        ] MetadataProvider: Loaded debug metadata for module: packages/cloud_firestore_platform_interface/src/method_channel/utils/auto_id_generator.dart
[        ] Loaded debug metadata for module: packages/cloud_firestore_platform_interface/src/method_channel/utils/auto_id_generator.dart
[        ] MetadataProvider: Loaded debug metadata for module: packages/cloud_firestore_platform_interface/src/persistence_settings.dart
[        ] Loaded debug metadata for module: packages/cloud_firestore_platform_interface/src/persistence_settings.dart
[        ] MetadataProvider: Loaded debug metadata for module: packages/cloud_firestore_platform_interface/src/load_bundle_task_state.dart
[        ] Loaded debug metadata for module: packages/cloud_firestore_platform_interface/src/load_bundle_task_state.dart
[        ] MetadataProvider: Loaded debug metadata for module: packages/cloud_firestore_platform_interface/src/geo_point.dart
[        ] Loaded debug metadata for module: packages/cloud_firestore_platform_interface/src/geo_point.dart
[        ] MetadataProvider: Loaded debug metadata for module: packages/cloud_firestore_platform_interface/src/filters.dart
[        ] Loaded debug metadata for module: packages/cloud_firestore_platform_interface/src/filters.dart
[        ] MetadataProvider: Loaded debug metadata for module: packages/cloud_firestore_platform_interface/src/blob.dart
[        ] Loaded debug metadata for module: packages/cloud_firestore_platform_interface/src/blob.dart
[        ] MetadataProvider: Loaded debug metadata for module: packages/cloud_firestore_web/src/internals.dart
[        ] Loaded debug metadata for module: packages/cloud_firestore_web/src/internals.dart
[        ] MetadataProvider: Loaded debug metadata for module: packages/relief_dashboard/main.dart
[        ] Loaded debug metadata for module: packages/relief_dashboard/main.dart
[        ] MetadataProvider: Loaded debug metadata for module: packages/relief_dashboard/widgets/auth_gate.dart
[        ] Loaded debug metadata for module: packages/relief_dashboard/widgets/auth_gate.dart
[        ] MetadataProvider: Loaded debug metadata for module: packages/relief_dashboard/services/auth_service.dart
[        ] Loaded debug metadata for module: packages/relief_dashboard/services/auth_service.dart
[        ] MetadataProvider: Loaded debug metadata for module: packages/relief_dashboard/models/user_model.dart
[        ] Loaded debug metadata for module: packages/relief_dashboard/models/user_model.dart
[        ] MetadataProvider: Loaded debug metadata for module: packages/firebase_auth/firebase_auth.dart
[        ] Loaded debug metadata for module: packages/firebase_auth/firebase_auth.dart
[        ] MetadataProvider: Loaded debug metadata for module: packages/cloud_firestore/cloud_firestore.dart
[        ] Loaded debug metadata for module: packages/cloud_firestore/cloud_firestore.dart
[        ] MetadataProvider: Loaded debug metadata for module: packages/relief_dashboard/screens/volunteer_home.dart
[        ] Loaded debug metadata for module: packages/relief_dashboard/screens/volunteer_home.dart
[        ] MetadataProvider: Loaded debug metadata for module: packages/relief_dashboard/screens/new_request_screen.dart
[        ] Loaded debug metadata for module: packages/relief_dashboard/screens/new_request_screen.dart
[        ] MetadataProvider: Loaded debug metadata for module: packages/relief_dashboard/theme/app_theme.dart
[        ] Loaded debug metadata for module: packages/relief_dashboard/theme/app_theme.dart
[        ] MetadataProvider: Loaded debug metadata for module: packages/relief_dashboard/services/firestore_service.dart
[        ] Loaded debug metadata for module: packages/relief_dashboard/services/firestore_service.dart
[        ] MetadataProvider: Loaded debug metadata for module: packages/relief_dashboard/models/warehouse.dart
[        ] Loaded debug metadata for module: packages/relief_dashboard/models/warehouse.dart
[        ] MetadataProvider: Loaded debug metadata for module: packages/relief_dashboard/models/relief_request.dart
[        ] Loaded debug metadata for module: packages/relief_dashboard/models/relief_request.dart
[        ] MetadataProvider: Loaded debug metadata for module: packages/relief_dashboard/models/inventory_item.dart
[        ] Loaded debug metadata for module: packages/relief_dashboard/models/inventory_item.dart
[        ] MetadataProvider: Loaded debug metadata for module: packages/image_picker/image_picker.dart
[        ] Loaded debug metadata for module: packages/image_picker/image_picker.dart
[        ] MetadataProvider: Loaded debug metadata for module: packages/firebase_storage/firebase_storage.dart
[        ] Loaded debug metadata for module: packages/firebase_storage/firebase_storage.dart
[        ] MetadataProvider: Loaded debug metadata for module: packages/firebase_storage/src/utils.dart
[        ] Loaded debug metadata for module: packages/firebase_storage/src/utils.dart
[        ] MetadataProvider: Loaded debug metadata for module: packages/provider/provider.dart
[        ] Loaded debug metadata for module: packages/provider/provider.dart
[        ] MetadataProvider: Loaded debug metadata for module: packages/provider/src/value_listenable_provider.dart
[        ] Loaded debug metadata for module: packages/provider/src/value_listenable_provider.dart
[        ] MetadataProvider: Loaded debug metadata for module: packages/provider/src/provider.dart
[        ] Loaded debug metadata for module: packages/provider/src/provider.dart
[        ] MetadataProvider: Loaded debug metadata for module: packages/provider/src/reassemble_handler.dart
[        ] Loaded debug metadata for module: packages/provider/src/reassemble_handler.dart
[        ] MetadataProvider: Loaded debug metadata for module: packages/nested/nested.dart
[        ] Loaded debug metadata for module: packages/nested/nested.dart
[        ] MetadataProvider: Loaded debug metadata for module: packages/provider/src/selector.dart
[        ] Loaded debug metadata for module: packages/provider/src/selector.dart
[        ] MetadataProvider: Loaded debug metadata for module: packages/provider/src/proxy_provider.dart
[        ] Loaded debug metadata for module: packages/provider/src/proxy_provider.dart
[        ] MetadataProvider: Loaded debug metadata for module: packages/provider/src/listenable_provider.dart
[        ] Loaded debug metadata for module: packages/provider/src/listenable_provider.dart
[        ] MetadataProvider: Loaded debug metadata for module: packages/provider/src/async_provider.dart
[        ] Loaded debug metadata for module: packages/provider/src/async_provider.dart
[        ] MetadataProvider: Loaded debug metadata for module: packages/geolocator/geolocator.dart
[        ] Loaded debug metadata for module: packages/geolocator/geolocator.dart
[        ] MetadataProvider: Loaded debug metadata for module: packages/geolocator_apple/geolocator_apple.dart
[        ] Loaded debug metadata for module: packages/geolocator_apple/geolocator_apple.dart
[        ] MetadataProvider: Loaded debug metadata for module: packages/geolocator_apple/src/types/apple_settings.dart
[        ] Loaded debug metadata for module: packages/geolocator_apple/src/types/apple_settings.dart
[        ] MetadataProvider: Loaded debug metadata for module: packages/geolocator_apple/src/types/activity_type.dart
[        ] Loaded debug metadata for module: packages/geolocator_apple/src/types/activity_type.dart
[        ] MetadataProvider: Loaded debug metadata for module: packages/geolocator_apple/src/geolocator_apple.dart
[        ] Loaded debug metadata for module: packages/geolocator_apple/src/geolocator_apple.dart
[        ] MetadataProvider: Loaded debug metadata for module: packages/geolocator_android/src/geolocator_android.dart
[        ] Loaded debug metadata for module: packages/geolocator_android/src/geolocator_android.dart
[        ] MetadataProvider: Loaded debug metadata for module: packages/geolocator_android/src/types/foreground_settings.dart
[        ] Loaded debug metadata for module: packages/geolocator_android/src/types/foreground_settings.dart
[        ] MetadataProvider: Loaded debug metadata for module: packages/geolocator_android/src/types/android_position.dart
[        ] Loaded debug metadata for module: packages/geolocator_android/src/types/android_position.dart
[        ] MetadataProvider: Loaded debug metadata for module: packages/geolocator_android/src/types/android_settings.dart
[        ] Loaded debug metadata for module: packages/geolocator_android/src/types/android_settings.dart
[        ] MetadataProvider: Loaded debug metadata for module: packages/uuid/v8generic.dart
[        ] Loaded debug metadata for module: packages/uuid/v8generic.dart
[        ] MetadataProvider: Loaded debug metadata for module: packages/uuid/constants.dart
[        ] Loaded debug metadata for module: packages/uuid/constants.dart
[        ] MetadataProvider: Loaded debug metadata for module: packages/uuid/data.dart
[        ] Loaded debug metadata for module: packages/uuid/data.dart
[        ] MetadataProvider: Loaded debug metadata for module: packages/uuid/rng.dart
[        ] Loaded debug metadata for module: packages/uuid/rng.dart
[        ] MetadataProvider: Loaded debug metadata for module: packages/fixnum/fixnum.dart
[        ] Loaded debug metadata for module: packages/fixnum/fixnum.dart
[        ] MetadataProvider: Loaded debug metadata for module: packages/fixnum/src/intx.dart
[        ] Loaded debug metadata for module: packages/fixnum/src/intx.dart
[        ] MetadataProvider: Loaded debug metadata for module: packages/fixnum/src/utilities.dart
[        ] Loaded debug metadata for module: packages/fixnum/src/utilities.dart
[        ] MetadataProvider: Loaded debug metadata for module: packages/crypto/crypto.dart
[        ] Loaded debug metadata for module: packages/crypto/crypto.dart
[        ] MetadataProvider: Loaded debug metadata for module: packages/crypto/src/sha512.dart
[        ] Loaded debug metadata for module: packages/crypto/src/sha512.dart
[        ] MetadataProvider: Loaded debug metadata for module: packages/crypto/src/utils.dart
[        ] Loaded debug metadata for module: packages/crypto/src/utils.dart
[        ] MetadataProvider: Loaded debug metadata for module: packages/crypto/src/sha512_slowsinks.dart
[        ] Loaded debug metadata for module: packages/crypto/src/sha512_slowsinks.dart
[        ] MetadataProvider: Loaded debug metadata for module: packages/crypto/src/hash_sink.dart
[        ] Loaded debug metadata for module: packages/crypto/src/hash_sink.dart
[        ] MetadataProvider: Loaded debug metadata for module: packages/crypto/src/digest.dart
[        ] Loaded debug metadata for module: packages/crypto/src/digest.dart
[        ] MetadataProvider: Loaded debug metadata for module: packages/crypto/src/hash.dart
[        ] Loaded debug metadata for module: packages/crypto/src/hash.dart
[        ] MetadataProvider: Loaded debug metadata for module: packages/crypto/src/digest_sink.dart
[        ] Loaded debug metadata for module: packages/crypto/src/digest_sink.dart
[        ] MetadataProvider: Loaded debug metadata for module: packages/crypto/src/sha256.dart
[        ] Loaded debug metadata for module: packages/crypto/src/sha256.dart
[        ] MetadataProvider: Loaded debug metadata for module: packages/crypto/src/sha1.dart
[        ] Loaded debug metadata for module: packages/crypto/src/sha1.dart
[        ] MetadataProvider: Loaded debug metadata for module: packages/crypto/src/md5.dart
[        ] Loaded debug metadata for module: packages/crypto/src/md5.dart
[        ] MetadataProvider: Loaded debug metadata for module: packages/crypto/src/hmac.dart
[        ] Loaded debug metadata for module: packages/crypto/src/hmac.dart
[        ] MetadataProvider: Loaded debug metadata for module: packages/relief_dashboard/screens/my_requests_screen.dart
[        ] Loaded debug metadata for module: packages/relief_dashboard/screens/my_requests_screen.dart
[        ] MetadataProvider: Loaded debug metadata for module: packages/relief_dashboard/screens/request_detail_screen.dart
[        ] Loaded debug metadata for module: packages/relief_dashboard/screens/request_detail_screen.dart
[        ] MetadataProvider: Loaded debug metadata for module: packages/relief_dashboard/widgets/urgency_badge.dart
[        ] Loaded debug metadata for module: packages/relief_dashboard/widgets/urgency_badge.dart
[        ] MetadataProvider: Loaded debug metadata for module: packages/relief_dashboard/widgets/status_badge.dart
[        ] Loaded debug metadata for module: packages/relief_dashboard/widgets/status_badge.dart
[        ] MetadataProvider: Loaded debug metadata for module: packages/latlong2/latlong.dart
[        ] Loaded debug metadata for module: packages/latlong2/latlong.dart
[        ] MetadataProvider: Loaded debug metadata for module: packages/intl/src/intl/number_parser_base.dart
[        ] Loaded debug metadata for module: packages/intl/src/intl/number_parser_base.dart
[        ] MetadataProvider: Loaded debug metadata for module: packages/intl/src/intl/text_direction.dart
[        ] Loaded debug metadata for module: packages/intl/src/intl/text_direction.dart
[        ] MetadataProvider: Loaded debug metadata for module: packages/intl/src/intl/number_format_parser.dart
[        ] Loaded debug metadata for module: packages/intl/src/intl/number_format_parser.dart
[        ] MetadataProvider: Loaded debug metadata for module: packages/intl/src/intl/string_stack.dart
[        ] Loaded debug metadata for module: packages/intl/src/intl/string_stack.dart
[        ] MetadataProvider: Loaded debug metadata for module: packages/intl/number_symbols_data.dart
[        ] Loaded debug metadata for module: packages/intl/number_symbols_data.dart
[        ] MetadataProvider: Loaded debug metadata for module: packages/intl/number_symbols.dart
[        ] Loaded debug metadata for module: packages/intl/number_symbols.dart
[        ] MetadataProvider: Loaded debug metadata for module: packages/intl/src/intl/constants.dart
[        ] Loaded debug metadata for module: packages/intl/src/intl/constants.dart
[        ] MetadataProvider: Loaded debug metadata for module: packages/intl/src/plural_rules.dart
[        ] Loaded debug metadata for module: packages/intl/src/plural_rules.dart
[        ] MetadataProvider: Loaded debug metadata for module: packages/intl/src/global_state.dart
[        ] Loaded debug metadata for module: packages/intl/src/global_state.dart
[        ] MetadataProvider: Loaded debug metadata for module: packages/intl/src/intl/micro_money.dart
[        ] Loaded debug metadata for module: packages/intl/src/intl/micro_money.dart
[        ] MetadataProvider: Loaded debug metadata for module: packages/intl/src/intl/regexp.dart
[        ] Loaded debug metadata for module: packages/intl/src/intl/regexp.dart
[        ] MetadataProvider: Loaded debug metadata for module: packages/intl/src/intl/date_computation.dart
[        ] Loaded debug metadata for module: packages/intl/src/intl/date_computation.dart
[        ] MetadataProvider: Loaded debug metadata for module: packages/intl/src/intl/date_builder.dart
[        ] Loaded debug metadata for module: packages/intl/src/intl/date_builder.dart
[        ] MetadataProvider: Loaded debug metadata for module: packages/clock/src/stopwatch.dart
[        ] Loaded debug metadata for module: packages/clock/src/stopwatch.dart
[        ] MetadataProvider: Loaded debug metadata for module: packages/clock/src/utils.dart
[        ] Loaded debug metadata for module: packages/clock/src/utils.dart
[        ] MetadataProvider: Loaded debug metadata for module: packages/intl/date_symbols.dart
[        ] Loaded debug metadata for module: packages/intl/date_symbols.dart
[        ] MetadataProvider: Loaded debug metadata for module: packages/intl/src/intl/bidi_formatter.dart
[        ] Loaded debug metadata for module: packages/intl/src/intl/bidi_formatter.dart
[        ] MetadataProvider: Loaded debug metadata for module: packages/intl/src/intl/bidi.dart
[        ] Loaded debug metadata for module: packages/intl/src/intl/bidi.dart
[        ] MetadataProvider: Loaded debug metadata for module: packages/latlong2/spline.dart
[        ] Loaded debug metadata for module: packages/latlong2/spline.dart
[        ] MetadataProvider: Loaded debug metadata for module: packages/flutter_map/src/map/widget.dart
[        ] Loaded debug metadata for module: packages/flutter_map/src/map/widget.dart
[        ] MetadataProvider: Loaded debug metadata for module: packages/flutter_map/src/misc/extensions.dart
[        ] Loaded debug metadata for module: packages/flutter_map/src/misc/extensions.dart
[        ] MetadataProvider: Loaded debug metadata for module: packages/flutter_map/src/misc/deg_rad_conversions.dart
[        ] Loaded debug metadata for module: packages/flutter_map/src/misc/deg_rad_conversions.dart
[        ] MetadataProvider: Loaded debug metadata for module: packages/flutter_map/src/map/options/cursor_keyboard_rotation.dart
[        ] Loaded debug metadata for module: packages/flutter_map/src/map/options/cursor_keyboard_rotation.dart
[        ] MetadataProvider: Loaded debug metadata for module: packages/http/retry.dart
[        ] Loaded debug metadata for module: packages/http/retry.dart
[        ] MetadataProvider: Loaded debug metadata for module: packages/flutter_map/src/layer/tile_layer/tile_provider/network/image_provider/consolidate_response.dart
[        ] Loaded debug metadata for module: packages/flutter_map/src/layer/tile_layer/tile_provider/network/image_provider/consolidate_response.dart
[        ] MetadataProvider: Loaded debug metadata for module: packages/flutter_map/src/dart_io/http_status.dart
[        ] Loaded debug metadata for module: packages/flutter_map/src/dart_io/http_status.dart
[        ] MetadataProvider: Loaded debug metadata for module: packages/flutter_map/src/dart_io/http_headers.dart
[        ] Loaded debug metadata for module: packages/flutter_map/src/dart_io/http_headers.dart
[        ] MetadataProvider: Loaded debug metadata for module: packages/flutter_map/src/dart_io/http_date.dart
[        ] Loaded debug metadata for module: packages/flutter_map/src/dart_io/http_date.dart
[        ] MetadataProvider: Loaded debug metadata for module: packages/flutter_map/src/dart_io/http_exception.dart
[        ] Loaded debug metadata for module: packages/flutter_map/src/dart_io/http_exception.dart
[        ] MetadataProvider: Loaded debug metadata for module: packages/flutter_map/src/layer/tile_layer/tile_provider/network/caching/tile_read_failure_exception.dart
[        ] Loaded debug metadata for module: packages/flutter_map/src/layer/tile_layer/tile_provider/network/caching/tile_read_failure_exception.dart
[        ] MetadataProvider: Loaded debug metadata for module: packages/flutter_map/src/misc/bounds.dart
[        ] Loaded debug metadata for module: packages/flutter_map/src/misc/bounds.dart
[        ] MetadataProvider: Loaded debug metadata for module: packages/flutter_map/src/layer/shared/translucent_pointer.dart
[        ] Loaded debug metadata for module: packages/flutter_map/src/layer/shared/translucent_pointer.dart
[        ] MetadataProvider: Loaded debug metadata for module: packages/flutter_map/src/misc/simplify.dart
[        ] Loaded debug metadata for module: packages/flutter_map/src/misc/simplify.dart
[        ] MetadataProvider: Loaded debug metadata for module: packages/flutter_map/src/geo/crs.dart
[        ] Loaded debug metadata for module: packages/flutter_map/src/geo/crs.dart
[        ] MetadataProvider: Loaded debug metadata for module: packages/proj4dart/src/classes/projection_tuple.dart
[        ] Loaded debug metadata for module: packages/proj4dart/src/classes/projection_tuple.dart
[        ] MetadataProvider: Loaded debug metadata for module: packages/wkt_parser/wkt_parser.dart
[        ] Loaded debug metadata for module: packages/wkt_parser/wkt_parser.dart
[        ] MetadataProvider: Loaded debug metadata for module: packages/wkt_parser/src/proj_wkt.dart
[        ] Loaded debug metadata for module: packages/wkt_parser/src/proj_wkt.dart
[        ] MetadataProvider: Loaded debug metadata for module: packages/wkt_parser/src/process.dart
[        ] Loaded debug metadata for module: packages/wkt_parser/src/process.dart
[        ] MetadataProvider: Loaded debug metadata for module: packages/wkt_parser/src/parser.dart
[        ] Loaded debug metadata for module: packages/wkt_parser/src/parser.dart
[        ] MetadataProvider: Loaded debug metadata for module: packages/wkt_parser/src/clean_wkt.dart
[        ] Loaded debug metadata for module: packages/wkt_parser/src/clean_wkt.dart
[        ] MetadataProvider: Loaded debug metadata for module: packages/proj4dart/src/constants/values.dart
[        ] Loaded debug metadata for module: packages/proj4dart/src/constants/values.dart
[        ] MetadataProvider: Loaded debug metadata for module: packages/proj4dart/src/classes/point.dart
[        ] Loaded debug metadata for module: packages/proj4dart/src/classes/point.dart
[        ] MetadataProvider: Loaded debug metadata for module: packages/mgrs_dart/mgrs_dart.dart
[        ] Loaded debug metadata for module: packages/mgrs_dart/mgrs_dart.dart
[        ] MetadataProvider: Loaded debug metadata for module: packages/mgrs_dart/src/mgrs.dart
[        ] Loaded debug metadata for module: packages/mgrs_dart/src/mgrs.dart
[        ] MetadataProvider: Loaded debug metadata for module: packages/unicode/unicode.dart
[        ] Loaded debug metadata for module: packages/unicode/unicode.dart
[        ] MetadataProvider: Loaded debug metadata for module: packages/simple_sparse_list/simple_sparse_list.dart
[        ] Loaded debug metadata for module: packages/simple_sparse_list/simple_sparse_list.dart
[        ] MetadataProvider: Loaded debug metadata for module: packages/mgrs_dart/src/classes/utm.dart
[        ] Loaded debug metadata for module: packages/mgrs_dart/src/classes/utm.dart
[        ] MetadataProvider: Loaded debug metadata for module: packages/mgrs_dart/src/classes/lonlat.dart
[        ] Loaded debug metadata for module: packages/mgrs_dart/src/classes/lonlat.dart
[        ] MetadataProvider: Loaded debug metadata for module: packages/mgrs_dart/src/classes/bbox.dart
[        ] Loaded debug metadata for module: packages/mgrs_dart/src/classes/bbox.dart
[        ] MetadataProvider: Loaded debug metadata for module: packages/proj4dart/src/classes/proj_params.dart
[        ] Loaded debug metadata for module: packages/proj4dart/src/classes/proj_params.dart
[        ] MetadataProvider: Loaded debug metadata for module: packages/proj4dart/src/constants/units.dart
[        ] Loaded debug metadata for module: packages/proj4dart/src/constants/units.dart
[        ] MetadataProvider: Loaded debug metadata for module: packages/proj4dart/src/classes/unit.dart
[        ] Loaded debug metadata for module: packages/proj4dart/src/classes/unit.dart
[        ] MetadataProvider: Loaded debug metadata for module: packages/proj4dart/src/constants/prime_meridians.dart
[        ] Loaded debug metadata for module: packages/proj4dart/src/constants/prime_meridians.dart
[        ] MetadataProvider: Loaded debug metadata for module: packages/proj4dart/src/constants/datums.dart
[        ] Loaded debug metadata for module: packages/proj4dart/src/constants/datums.dart
[        ] MetadataProvider: Loaded debug metadata for module: packages/proj4dart/src/classes/constant_datum.dart
[        ] Loaded debug metadata for module: packages/proj4dart/src/classes/constant_datum.dart
[        ] MetadataProvider: Loaded debug metadata for module: packages/proj4dart/src/common/derive_constants.dart
[        ] Loaded debug metadata for module: packages/proj4dart/src/common/derive_constants.dart
[        ] MetadataProvider: Loaded debug metadata for module: packages/proj4dart/src/constants/ellipsoids.dart
[        ] Loaded debug metadata for module: packages/proj4dart/src/constants/ellipsoids.dart
[        ] MetadataProvider: Loaded debug metadata for module: packages/proj4dart/src/classes/ellipsoid.dart
[        ] Loaded debug metadata for module: packages/proj4dart/src/classes/ellipsoid.dart
[        ] MetadataProvider: Loaded debug metadata for module: packages/proj4dart/src/globals/nadgrid_store.dart
[        ] Loaded debug metadata for module: packages/proj4dart/src/globals/nadgrid_store.dart
[        ] MetadataProvider: Loaded debug metadata for module: packages/proj4dart/src/classes/datum.dart
[        ] Loaded debug metadata for module: packages/proj4dart/src/classes/datum.dart
[        ] MetadataProvider: Loaded debug metadata for module: packages/proj4dart/src/constants/faces.dart
[        ] Loaded debug metadata for module: packages/proj4dart/src/constants/faces.dart
[        ] MetadataProvider: Loaded debug metadata for module: packages/proj4dart/src/constants/areas.dart
[        ] Loaded debug metadata for module: packages/proj4dart/src/constants/areas.dart
[        ] MetadataProvider: Loaded debug metadata for module: packages/proj4dart/src/common/datum_utils.dart
[        ] Loaded debug metadata for module: packages/proj4dart/src/common/datum_utils.dart
[        ] MetadataProvider: Loaded debug metadata for module: packages/flutter_map/src/misc/point_in_polygon.dart
[        ] Loaded debug metadata for module: packages/flutter_map/src/misc/point_in_polygon.dart
[        ] MetadataProvider: Loaded debug metadata for module: packages/dart_earcut/dart_earcut.dart
[        ] Loaded debug metadata for module: packages/dart_earcut/dart_earcut.dart
[        ] MetadataProvider: Loaded debug metadata for module: packages/dart_polylabel2/dart_polylabel2.dart
[        ] Loaded debug metadata for module: packages/dart_polylabel2/dart_polylabel2.dart
[        ] MetadataProvider: Loaded debug metadata for module: packages/dart_polylabel2/src/point.dart
[        ] Loaded debug metadata for module: packages/dart_polylabel2/src/point.dart
[        ] MetadataProvider: Loaded debug metadata for module: packages/dart_polylabel2/src/impl.dart
[        ] Loaded debug metadata for module: packages/dart_polylabel2/src/impl.dart
[        ] MetadataProvider: Loaded debug metadata for module: packages/dart_polylabel2/src/utils.dart
[        ] Loaded debug metadata for module: packages/dart_polylabel2/src/utils.dart
[        ] MetadataProvider: Loaded debug metadata for module: packages/flutter_map/src/gestures/positioned_tap_detector_2.dart
[        ] Loaded debug metadata for module: packages/flutter_map/src/gestures/positioned_tap_detector_2.dart
[        ] MetadataProvider: Loaded debug metadata for module: packages/flutter_map/src/gestures/multi_finger_gesture.dart
[        ] Loaded debug metadata for module: packages/flutter_map/src/gestures/multi_finger_gesture.dart
[        ] MetadataProvider: Loaded debug metadata for module: packages/flutter_map/src/geo/latlng_bounds.dart
[        ] Loaded debug metadata for module: packages/flutter_map/src/geo/latlng_bounds.dart
[        ] MetadataProvider: Loaded debug metadata for module: packages/relief_dashboard/screens/map_screen.dart
[        ] Loaded debug metadata for module: packages/relief_dashboard/screens/map_screen.dart
[        ] MetadataProvider: Loaded debug metadata for module: packages/relief_dashboard/screens/login_screen.dart
[        ] Loaded debug metadata for module: packages/relief_dashboard/screens/login_screen.dart
[        ] MetadataProvider: Loaded debug metadata for module: packages/relief_dashboard/screens/signup_screen.dart
[        ] Loaded debug metadata for module: packages/relief_dashboard/screens/signup_screen.dart
[        ] MetadataProvider: Loaded debug metadata for module: packages/relief_dashboard/screens/admin_home.dart
[        ] Loaded debug metadata for module: packages/relief_dashboard/screens/admin_home.dart
[        ] MetadataProvider: Loaded debug metadata for module: packages/relief_dashboard/screens/inventory_screen.dart
[        ] Loaded debug metadata for module: packages/relief_dashboard/screens/inventory_screen.dart
[        ] MetadataProvider: Loaded debug metadata for module: packages/relief_dashboard/screens/inventory_form_sheet.dart
[        ] Loaded debug metadata for module: packages/relief_dashboard/screens/inventory_form_sheet.dart
[        ] MetadataProvider: Loaded debug metadata for module: packages/relief_dashboard/screens/dashboard_screen.dart
[        ] Loaded debug metadata for module: packages/relief_dashboard/screens/dashboard_screen.dart
[        ] MetadataProvider: Loaded debug metadata for module: packages/fl_chart/src/chart/scatter_chart/scatter_chart_helper.dart
[        ] Loaded debug metadata for module: packages/fl_chart/src/chart/scatter_chart/scatter_chart_helper.dart
[        ] MetadataProvider: Loaded debug metadata for module: packages/fl_chart/src/extensions/color_extension.dart
[        ] Loaded debug metadata for module: packages/fl_chart/src/extensions/color_extension.dart
[        ] MetadataProvider: Loaded debug metadata for module: packages/equatable/src/equatable_mixin.dart
[        ] Loaded debug metadata for module: packages/equatable/src/equatable_mixin.dart
[        ] MetadataProvider: Loaded debug metadata for module: packages/fl_chart/src/utils/utils.dart
[        ] Loaded debug metadata for module: packages/fl_chart/src/utils/utils.dart
[        ] MetadataProvider: Loaded debug metadata for module: packages/fl_chart/src/extensions/path_extension.dart
[        ] Loaded debug metadata for module: packages/fl_chart/src/extensions/path_extension.dart
[        ] MetadataProvider: Loaded debug metadata for module: packages/fl_chart/src/utils/path_drawing/dash_path.dart
[        ] Loaded debug metadata for module: packages/fl_chart/src/utils/path_drawing/dash_path.dart
[        ] MetadataProvider: Loaded debug metadata for module: packages/fl_chart/src/extensions/border_extension.dart
[        ] Loaded debug metadata for module: packages/fl_chart/src/extensions/border_extension.dart
[        ] MetadataProvider: Loaded debug metadata for module: packages/fl_chart/src/extensions/paint_extension.dart
[        ] Loaded debug metadata for module: packages/fl_chart/src/extensions/paint_extension.dart
[        ] MetadataProvider: Loaded debug metadata for module: packages/fl_chart/src/extensions/text_align_extension.dart
[        ] Loaded debug metadata for module: packages/fl_chart/src/extensions/text_align_extension.dart
[        ] MetadataProvider: Loaded debug metadata for module: packages/fl_chart/src/extensions/rrect_extension.dart
[        ] Loaded debug metadata for module: packages/fl_chart/src/extensions/rrect_extension.dart
[        ] MetadataProvider: Loaded debug metadata for module: packages/fl_chart/src/chart/base/base_chart/fl_touch_event.dart
[        ] Loaded debug metadata for module: packages/fl_chart/src/chart/base/base_chart/fl_touch_event.dart
[        ] MetadataProvider: Loaded debug metadata for module: packages/fl_chart/src/chart/base/custom_interactive_viewer.dart
[        ] Loaded debug metadata for module: packages/fl_chart/src/chart/base/custom_interactive_viewer.dart
[        ] MetadataProvider: Loaded debug metadata for module: packages/fl_chart/src/chart/base/axis_chart/transformation_config.dart
[        ] Loaded debug metadata for module: packages/fl_chart/src/chart/base/axis_chart/transformation_config.dart
[        ] MetadataProvider: Loaded debug metadata for module: packages/fl_chart/src/chart/base/axis_chart/scale_axis.dart
[        ] Loaded debug metadata for module: packages/fl_chart/src/chart/base/axis_chart/scale_axis.dart
[        ] MetadataProvider: Loaded debug metadata for module: packages/fl_chart/src/extensions/size_extension.dart
[        ] Loaded debug metadata for module: packages/fl_chart/src/extensions/size_extension.dart
[        ] MetadataProvider: Loaded debug metadata for module: packages/fl_chart/src/extensions/edge_insets_extension.dart
[        ] Loaded debug metadata for module: packages/fl_chart/src/extensions/edge_insets_extension.dart
[        ] MetadataProvider: Loaded debug metadata for module: packages/fl_chart/src/chart/base/axis_chart/side_titles/side_titles_flex.dart
[        ] Loaded debug metadata for module: packages/fl_chart/src/chart/base/axis_chart/side_titles/side_titles_flex.dart
[        ] MetadataProvider: Loaded debug metadata for module: packages/fl_chart/src/chart/base/line.dart
[        ] Loaded debug metadata for module: packages/fl_chart/src/chart/base/line.dart
[        ] MetadataProvider: Loaded debug metadata for module: packages/fl_chart/src/extensions/gradient_extension.dart
[        ] Loaded debug metadata for module: packages/fl_chart/src/extensions/gradient_extension.dart
[        ] MetadataProvider: Loaded debug metadata for module: packages/relief_dashboard/screens/admin_requests_screen.dart
[        ] Loaded debug metadata for module: packages/relief_dashboard/screens/admin_requests_screen.dart
[        ] MetadataProvider: Loaded debug metadata for module: packages/relief_dashboard/screens/allocation_sheet.dart
[        ] Loaded debug metadata for module: packages/relief_dashboard/screens/allocation_sheet.dart
[        ] MetadataProvider: Loaded debug metadata for module: packages/relief_dashboard/firebase_options.dart
[        ] Loaded debug metadata for module: packages/relief_dashboard/firebase_options.dart
[ +206 ms] ChromeProxyService: Caching package:flutter/src/widgets/widget_inspector.dart in expression compiler worker
[        ] Caching package:flutter/src/widgets/widget_inspector.dart in expression compiler worker
[        ] DevHandler: Chrome proxy service initialized successfully
[        ] Chrome proxy service initialized successfully
[ +250 ms] ExpressionEvaluator: Evaluating "() { return true; }" at packages/flutter/src/cupertino/text_form_field_row.dart
[        ] Evaluating "() { return true; }" at packages/flutter/src/cupertino/text_form_field_row.dart
[ +482 ms] ExpressionEvaluator: Evaluating JS: "function () {
             try {
               return ((() => {var sentinel = {}; var output = function() {
                   let dart = dartDevEmbedder.importLibrary("dart:_runtime", function(lib) {
                     dart = lib;
                   });
                   let dart_rti = dartDevEmbedder.importLibrary("dart:_rti", function(lib) {
                     dart_rti = lib;
                   });
                   let dartx = dartDevEmbedder.importLibrary("dartx", function(lib) {
                     dartx = lib;
                   });
                   var T = {
                     VoidTobool: () => (T.VoidTobool = dart.constFn(dart_rti._Universe.eval(dart.typeUniverse, "core|bool()", true)))()
                   };
                   return dart.fn(() => true, T.VoidTobool());
                 }(); if (output === sentinel) throw Error("Value not found in scope");return output?._boundMethod || output;})())();
             } catch (error) {
               return error.name + ": " + error.message;
             }
           }" with scope: {}
[        ] Evaluating JS: "function () {
             try {
               return ((() => {var sentinel = {}; var output = function() {
                   let dart = dartDevEmbedder.importLibrary("dart:_runtime", function(lib) {
                     dart = lib;
                   });
                   let dart_rti = dartDevEmbedder.importLibrary("dart:_rti", function(lib) {
                     dart_rti = lib;
                   });
                   let dartx = dartDevEmbedder.importLibrary("dartx", function(lib) {
                     dartx = lib;
                   });
                   var T = {
                     VoidTobool: () => (T.VoidTobool = dart.constFn(dart_rti._Universe.eval(dart.typeUniverse, "core|bool()", true)))()
                   };
                   return dart.fn(() => true, T.VoidTobool());
                 }(); if (output === sentinel) throw Error("Value not found in scope");return output?._boundMethod || output;})())();
             } catch (error) {
               return error.name + ": " + error.message;
             }
           }" with scope: {}
[  +51 ms] ExpressionEvaluator: Evaluated "() { return true; }" to "{type: boolean, value: true}"
[        ] Evaluated "() { return true; }" to "{type: boolean, value: true}"
[+393200 ms] ChromeProxyService: 666858493 Destroying isolate
[  +31 ms] 666858493 Destroying isolate
[  +15 ms] BatchedExpressionEvaluator: Closed
[        ] Closed
[ +108 ms] ChromeProxyService: 666858493 Destroying isolate
[        ] 666858493 Destroying isolate
